-- phpMyAdmin SQL Dump
-- version 5.1.1
-- https://www.phpmyadmin.net/
--
-- Host: localhost
-- Generation Time: Dec 15, 2021 at 07:34 PM
-- Server version: 10.2.41-MariaDB
-- PHP Version: 7.2.30

SET SQL_MODE = "NO_AUTO_VALUE_ON_ZERO";
START TRANSACTION;
SET time_zone = "+00:00";


/*!40101 SET @OLD_CHARACTER_SET_CLIENT=@@CHARACTER_SET_CLIENT */;
/*!40101 SET @OLD_CHARACTER_SET_RESULTS=@@CHARACTER_SET_RESULTS */;
/*!40101 SET @OLD_COLLATION_CONNECTION=@@COLLATION_CONNECTION */;
/*!40101 SET NAMES utf8mb4 */;

--
-- Database: `healthy_crm`
--

DELIMITER $$
--
-- Procedures
--
CREATE DEFINER=`healthy`@`localhost` PROCEDURE `add_project` (IN `name` VARCHAR(210), IN `phone` VARCHAR(50), IN `address` VARCHAR(250), IN `city` VARCHAR(50), IN `pname` VARCHAR(200), IN `prname` VARCHAR(200), IN `prpieces` INT(11), IN `prprice` FLOAT, IN `prcurrency` CHAR(5), IN `emp_id` INT(11), IN `status` CHAR(10), IN `pending_comment` VARCHAR(250), IN `pending_date` VARCHAR(30), IN `pending_time` VARCHAR(30), IN `doo` DATE, IN `dod` DATE, IN `created_at` TIMESTAMP, IN `created_by` INT(11), IN `db_id` INT, IN `lead_from` VARCHAR(255))  MODIFIES SQL DATA
BEGIN 
    DECLARE duplicate_key INT DEFAULT 0;
    BEGIN
        DECLARE EXIT HANDLER FOR 1062 SET duplicate_key = 1;

        INSERT INTO pending(db_id,name,phone,address,pname,prname,prprice,prpieces,prcurrency,emp_id,status,doo,dod,created_at,created_by,lead_from)     VALUES(db_id,name,phone,address,pname,prname,prprice,prpieces,prcurrency,emp_id,status,doo,dod,created_at,created_by,lead_from);
    END;

IF duplicate_key = 1 THEN
        INSERT INTO  pending_dublicate(db_id,name,phone,address,pname,prname,prprice,prpieces,prcurrency,emp_id,status,doo,dod,created_at,created_by,lead_from) 
                VALUES(db_id,name,phone,address,pname,prname,prprice,prpieces,prcurrency,emp_id,status,doo,dod,created_at,created_by,lead_from);
    END IF;
END$$

DELIMITER ;

-- --------------------------------------------------------

--
-- Table structure for table `admins`
--

CREATE TABLE `admins` (
  `id` int(11) NOT NULL,
  `name` varchar(100) NOT NULL,
  `password` varchar(200) NOT NULL,
  `permission` int(11) NOT NULL DEFAULT 1,
  `wall` tinyint(2) NOT NULL DEFAULT 0,
  `projects` varchar(200) DEFAULT NULL,
  `online` tinyint(4) NOT NULL DEFAULT 0,
  `supervisor` int(11) DEFAULT NULL,
  `location` int(11) DEFAULT NULL
) ENGINE=InnoDB DEFAULT CHARSET=utf8;

--
-- Dumping data for table `admins`
--

INSERT INTO `admins` (`id`, `name`, `password`, `permission`, `wall`, `projects`, `online`, `supervisor`, `location`) VALUES
(12, 'abdou', '$2y$10$qVWgpAgtw.180BUCK6f3oewVYVZzQRKGp.d.KzHucQUaymG2eoYZW', 0, 1, NULL, 1, NULL, NULL),
(13, 'aly adam', '$2y$10$ehHqCWdDZ6WuIioLIN04u.EcEoMoVfi07G9ubJXnrImDNR793e5Uy', 0, 1, NULL, 1, NULL, NULL),
(14, 'moutaz', '$2y$10$jLr6K4RPqhRYvlujZZ.KJeGn/cGiCoZlHUVj5dIi1lNfMTl2cBpIK', 0, 1, NULL, 1, NULL, NULL),
(15, 'Ola.Hussien', '$2y$10$FtkL6H6WU7.px0k2tq1e6.z.IE4Q3BX38m2BtzFwoO/urvMTqPM.u', 2, 1, 'Titan', 1, NULL, NULL),
(67, 'Khloud Ahmed', '$2y$10$tiRJmR03EdmXVFIkzTTf3uvK59TbNnp.3VWmf/4l3NkfPzh5s1A/m', 0, 1, NULL, 1, NULL, NULL),
(84, 'm.sami', '$2y$10$tyD2//H.tSZOefuZyMbkF.Nn1jW6WzAKdvROT6O915Vkux1WS1Ive', 0, 1, '', 1, NULL, NULL),
(121, 'Orders ', '$2y$10$WGt75TfEkhBpD/GAl2tTzOrva.uB89cwMNnuMRmp1EkdQd1EG9WWS', 2, 1, NULL, 0, NULL, NULL),
(136, 'moo alaa', '$2y$10$WBnuN4S/KAkee0a1vtpQLeJhrMjgPwHbwO2v2zwonWcR.wvvlAwjq', 0, 1, NULL, 1, NULL, NULL),
(147, 'developer', '$2y$10$3BH5Y2DVhqX5MQwME0mBPeKBEsZ1DpVfzARU902Tg.wReUpdKSIn.', 0, 1, NULL, 1, NULL, NULL),
(193, 'Ahmed ehab', '$2y$10$q7Teu80N6DODAFsjVoiMiOL/6y49dz18.n1mZh2t4vsTPGTarOzrq', 2, 0, 'Titan', 1, NULL, NULL),
(203, 'mai.mohamed', '$2y$10$EcQSXiIeBuay5VMmI/FNmeKHdHR32XYosUlsdoI9E/HVYaMBcVPPK', 2, 1, 'Titan', 1, NULL, NULL),
(207, 'Hager', '$2y$10$NwB3phAVMM.VQWtJX01sGe72dK4Z4HRQ7UxJEAitMJATawk4cBhem', 2, 1, '', 1, NULL, NULL),
(222, 'youssef ', '$2y$10$hd50A6sIcM.47a5YASLkyOw424L3U4BaffdebBDBuLry67vpVEmam', 2, 1, 'Titan', 1, NULL, NULL),
(224, 'Sayed', '$2y$10$u9plIW0kK/3WKUGM/626AevnXn3bnmn0f.2QQWSJic.xtTd0iD8/y', 2, 1, '', 1, NULL, NULL),
(229, 'Enji', '$2y$10$Nl2L9NGJxiw2X4nniFioXOMcoUVqYEPSvs6c5loEodUIw2T8vJdV6', 2, 1, 'Titan', 1, NULL, NULL),
(230, 'morsy', '$2y$10$dXBcXRqbGkrHGL8o1uWAO.8z6ClvxUXuIJ0iiwzwMs5x7rOV.M2Le', 0, 1, NULL, 1, NULL, NULL),
(232, 'test-seal', '$2y$10$pVhid0RxMbSFJRI5TNhZY.NoE3VAcrd1rnUn.xQ7BwulHLYb3f/gO', 2, 1, '', 0, NULL, NULL),
(235, 'aya rizk', '$2y$10$.qLUpyX9a913H.qkq5Xq7.1TyENxQ1psR/2eMW90QEmPkWyyzirlm', 0, 1, NULL, 1, NULL, NULL),
(236, 'ola kh', '$2y$10$eFw.dS6bh685YXWfaRQHnelrJoZAfMd7QWO8ezVJZuiB.LMwm5h5W', 0, 1, NULL, 1, NULL, NULL),
(237, 'nashwa', '$2y$10$k2RZO3v/fvAlQETiJL2xcuJUZlvBlYpNfeys9xKNYGfHAIq.MKTGq', 2, 1, 'Titan', 1, NULL, NULL),
(238, 'Tamer', '$2y$10$9GgeV.aRRHoUOfgPbBtWm./djRpE2AHKllSdezMtTPzeg9auTL20W', 2, 1, '', 1, NULL, NULL),
(239, 'nour', '$2y$10$IulQFzysjX6IUJ9K66qeHeW3ROfLm3gUDHJh/jFSegafQ8qHQa4Y.', 2, 1, 'Hammer Of Thor,Titan', 1, NULL, NULL),
(240, 'shimaa', '$2y$10$xOqjsZZ63f5/fB.RP9FHGeHnYzQbZnU1VLM/afJQBG3HhkRhyHIZm', 2, 1, 'Hammer Of Thor,Pysillium,Titan,Garcinia', 1, NULL, NULL),
(241, 'aya mohamed', '$2y$10$Z.iFrIi3MBq.68PWudMCJugxnLEwv8d9tGVNF3hCTqYrmjVd59RyG', 2, 1, 'Pysillium,Titan,Hammer Of Thor', 1, NULL, NULL),
(242, 'morsy test sales', '$2y$10$lF88Qidj90sFUuvMY65ODuED8QXpr63EgEI6Aoovq4OFFyfeBVGpW', 2, 1, 'Pysillium,Titan,Hammer Of Thor,Garcinia,Xtraman', 0, NULL, NULL);

-- --------------------------------------------------------

--
-- Table structure for table `canceld`
--

CREATE TABLE `canceld` (
  `id` int(11) NOT NULL,
  `db_id` int(11) DEFAULT NULL,
  `pending_id` int(11) DEFAULT NULL,
  `name` varchar(210) NOT NULL,
  `phone` varchar(50) NOT NULL,
  `pname` varchar(200) NOT NULL,
  `prname` varchar(200) NOT NULL,
  `prprice` varchar(5) NOT NULL,
  `prpieces` int(11) NOT NULL,
  `prcurrency` varchar(200) NOT NULL,
  `emp_id` int(11) DEFAULT NULL,
  `status` varchar(210) NOT NULL,
  `canceld_at` timestamp NOT NULL DEFAULT current_timestamp(),
  `lead_from` varchar(255) DEFAULT NULL
) ENGINE=InnoDB DEFAULT CHARSET=utf8;

--
-- Dumping data for table `canceld`
--

INSERT INTO `canceld` (`id`, `db_id`, `pending_id`, `name`, `phone`, `pname`, `prname`, `prprice`, `prpieces`, `prcurrency`, `emp_id`, `status`, `canceld_at`, `lead_from`) VALUES
(1, 2, 16, 'محمد سعد', '0201118432844', 'Hammer Of Thor', 'Hammer Of Thor', '599', 1, 'EGP', 238, 'aggressive', '2021-12-04 13:46:07', 'https://www.awanmasr.com/'),
(3, 1, 34, 'دينا جميل', '01222184908', 'Pysillium', 'Pysillium', '649', 1, 'EGP', 238, 'joke', '2021-12-04 14:45:19', 'https://gate.ahram.org.eg/'),
(4, NULL, 38, 'لمياء حسين عليان', '01204047511', 'Pysillium', 'Pysillium', '649', 1, 'EGP', 238, 'did not order', '2021-12-04 14:55:53', 'https://honna.elwatannews.com/'),
(5, 1, 44, 'عبدالناصر مطراوي جويدة ', '01066644219', 'Pysillium', 'Pysillium', '649', 1, 'EGP', 238, 'joke', '2021-12-04 16:06:04', 'https://www.mubasher.info/'),
(6, 2, 40, 'معاذ مصطفي', '00201102668288', 'Hammer Of Thor', 'Hammer Of Thor', '599', 1, 'EGP', 238, 'joke', '2021-12-04 16:38:40', 'https://m.elwatannews.com/'),
(7, 2, 17, 'عادل', '01063316533', 'Hammer Of Thor', 'Hammer Of Thor', '599', 1, 'EGP', 238, 'wrong number', '2021-12-04 17:08:47', 'https://m.youm7.com/story/2021/12/3/موعد-مباراة-منتخب-مصر-والسودان-فى-كأس-العرب/5564244?utm_source=Speakol_Ads&utm_medium=referral&utm_campaign=wi-6524'),
(8, 2, 26, 'احمد سمير', '01113976699', 'Hammer Of Thor', 'Hammer Of Thor', '599', 1, 'EGP', 238, 'joke', '2021-12-04 17:27:29', 'https://www.tareekaa.com/'),
(9, 2, 14, 'محمود كامل حين', '01014394108', 'Hammer Of Thor', 'Hammer Of Thor', '599', 1, 'EGP', 238, 'wrong number', '2021-12-04 18:30:01', 'https://m.elwatannews.com/news/details/5836330?utm_source=nabdapp.com&utm_medium=referral&utm_campaign=Nabd'),
(10, 2, 18, 'محمد محمود', '01028178781', 'Hammer Of Thor', 'Hammer Of Thor', '599', 1, 'EGP', 238, 'aggressive', '2021-12-04 18:50:03', ''),
(11, 2, 21, 'محمد رجب محمد سليمان ', '01015698529', 'Hammer Of Thor', 'Hammer Of Thor', '599', 1, 'EGP', 238, 'wrong number', '2021-12-04 18:52:06', 'https://www.prices2day.net/'),
(13, 1, 46, 'محمد ', '01115790599', 'Pysillium', 'Pysillium', '649', 1, 'EGP', 207, 'did not order', '2021-12-04 18:59:06', 'https://gate.ahram.org.eg/News/3164883.aspx'),
(14, 2, 48, 'حسن محمد حسن ', '01064525556', 'Hammer Of Thor', 'Hammer Of Thor', '599', 1, 'EGP', 207, 'داااابل', '2021-12-04 19:01:47', 'https://m.youm7.com/'),
(15, 2, 30, 'محمود عبدالله عبدالعزيز ', '01060519415', 'Hammer Of Thor', 'Hammer Of Thor', '599', 1, 'EGP', 238, 'aggressive', '2021-12-04 19:15:21', 'https://m.youm7.com/'),
(16, 2, 39, 'علي عبدالحافظ عبدالله', '01125068125', 'Hammer Of Thor', 'Hammer Of Thor', '599', 1, 'EGP', 238, 'wrong number', '2021-12-04 19:20:56', 'https://m.yemen-saeed.com/'),
(17, 2, 50, 'سيدابواسلام', '01152301762', 'Hammer Of Thor', 'Hammer Of Thor', '599', 1, 'EGP', 207, 'expensive', '2021-12-04 19:51:35', 'https://sport.elwatannews.com/'),
(18, 2, 51, 'ااحرخاؤهفؤنل', '01152364789', 'Hammer Of Thor', 'Hammer Of Thor', '599', 1, 'EGP', 207, 'spam', '2021-12-04 20:36:02', 'https://m.youm7.com/'),
(19, 2, 54, 'lasheen mohamed lotfy soliman', '002012745053305', 'Hammer Of Thor', 'Hammer Of Thor', '599', 1, 'EGP', 207, 'spam', '2021-12-05 13:39:17', 'https://www.youm7.com/'),
(20, 2, 59, 'عاطف عبد السميع', '01033844065', 'Hammer Of Thor', 'Hammer Of Thor', '599', 1, 'EGP', 207, 'spam', '2021-12-05 13:40:08', 'https://m.youm7.com/'),
(21, 2, 80, 'محمد عبد العزيز', '01000983422', 'Hammer Of Thor', 'Hammer Of Thor', '599', 1, 'EGP', 207, 'changed his mind', '2021-12-05 13:56:28', 'https://m.youm7.com/'),
(22, 2, 52, 'عمار', '010123695247', 'Hammer Of Thor', 'Hammer Of Thor', '599', 1, 'EGP', 207, 'spam', '2021-12-05 13:58:02', 'https://m.youm7.com/'),
(23, 2, 58, 'صلاح', '010077550033', 'Hammer Of Thor', 'Hammer Of Thor', '599', 1, 'EGP', 207, 'spam', '2021-12-05 13:58:27', 'https://m.youm7.com/'),
(24, 2, 62, 'كريم يوسف ', '01271045551', 'Hammer Of Thor', 'Hammer Of Thor', '599', 1, 'EGP', 207, 'changed his mind', '2021-12-05 14:09:03', 'https://sport.elwatannews.com/'),
(25, 2, 64, 'غريب حامد احمد', '01224504080', 'Hammer Of Thor', 'Hammer Of Thor', '599', 1, 'EGP', 207, 'changed his mind', '2021-12-05 14:41:30', 'https://www.akhbaroukoum.com/'),
(26, 1, 74, 'امين البدري عبد المولى ', '01117852930', 'Pysillium', 'Pysillium', '649', 1, 'EGP', 238, 'wrong number', '2021-12-05 15:05:15', 'https://star.yalla-shoot-now.com/'),
(27, 2, 83, 'طاارق', '01030130186', 'Hammer Of Thor', 'Hammer Of Thor', '599', 1, 'EGP', 207, 'changed his mind', '2021-12-05 15:40:55', 'https://m.youm7.com/'),
(28, 2, 84, 'على السويسى', '01021621629', 'Hammer Of Thor', 'Hammer Of Thor', '599', 1, 'EGP', 207, 'changed his mind', '2021-12-05 15:52:36', 'https://m.youm7.com/'),
(29, 2, 85, 'نبيل الشريف', '01552085742', 'Hammer Of Thor', 'Hammer Of Thor', '599', 1, 'EGP', 207, 'changed his mind', '2021-12-05 16:11:27', 'https://m.youm7.com/'),
(30, 2, 55, 'محمد عطيه احمد عوض الله', '00201554962284', 'Hammer Of Thor', 'Hammer Of Thor', '599', 1, 'EGP', 207, 'expensive', '2021-12-05 16:21:23', 'https://m.youm7.com/'),
(31, 2, 60, 'احمد شاكر ', '01127691240', 'Hammer Of Thor', 'Hammer Of Thor', '599', 1, 'EGP', 207, 'changed his mind', '2021-12-05 16:30:37', 'https://m.youm7.com/'),
(32, 1, 77, 'ناديه ابراهيم', '01288162511', 'Pysillium', 'Pysillium', '649', 1, 'EGP', 238, 'joke', '2021-12-05 17:30:51', 'https://gate.ahram.org.eg/'),
(33, 7, 90, 'عبده', '01272325576', 'Titan', 'Titan', '649', 1, 'USD', 224, 'joke', '2021-12-05 18:38:22', 'Not Detected'),
(34, 7, 91, 'مصطفى سراج ', '01093628234', 'Titan', 'Titan', '649', 1, 'USD', 224, 'spam', '2021-12-05 18:38:31', 'Not Detected'),
(35, 2, 69, 'Khaled Hamed', '01004400441', 'Hammer Of Thor', 'Hammer Of Thor', '599', 1, 'EGP', 238, 'wrong number', '2021-12-05 19:48:35', 'https://www.christian-dogma.com/'),
(36, 2, 70, 'صبرى محمد', '01004488790', 'Hammer Of Thor', 'Hammer Of Thor', '599', 1, 'EGP', 238, 'aggressive', '2021-12-05 19:50:33', 'https://m.youm7.com/'),
(37, 2, 93, 'ياسر عوض', '01004221318', 'Hammer Of Thor', 'Hammer Of Thor', '599', 1, 'EGP', 207, 'changed his mind', '2021-12-05 20:31:44', 'https://m.youm7.com/'),
(38, 2, 45, 'احمد محمد عبد القادر ', '01006018247', 'Hammer Of Thor', 'Hammer Of Thor', '599', 1, 'EGP', 207, 'changed his mind', '2021-12-05 20:39:03', 'https://alnwrs.com/'),
(39, 2, 142, 'ابراهيم محمد رمضان عبد الفتاح محمد', '012556987895', 'Hammer Of Thor', 'Hammer Of Thor', '599', 1, 'EGP', 237, 'spam', '2021-12-06 14:08:42', 'https://misr5.com/'),
(40, 7, 98, 'احمد المزين01002901094', '010029010948', 'Titan', 'Titan', '649', 1, 'USD', 15, 'changed his mind', '2021-12-06 14:14:47', 'Not Detected'),
(41, 2, 115, 'محمد محمود', '01000437622', 'Hammer Of Thor', 'Hammer Of Thor', '599', 1, 'EGP', 203, 'wrong number', '2021-12-06 14:19:11', 'https://m.youm7.com/'),
(42, 7, 102, 'اسلام عبدالسلام', '01281040487', 'Titan', 'Titan', '649', 1, 'USD', NULL, 'expensive', '2021-12-06 14:23:16', 'Not Detected'),
(43, 2, 133, 'سامح فرج أبوالخير ', '01279809469', 'Hammer Of Thor', 'Hammer Of Thor', '599', 1, 'EGP', 237, 'joke', '2021-12-06 14:33:33', 'https://m.youm7.com/'),
(44, 2, 116, 'ابراهيم عطيه', '01201398241', 'Hammer Of Thor', 'Hammer Of Thor', '599', 1, 'EGP', 203, 'هيتواصل هو معانه يشوف الدكتور بتاعه الاول ويقولي / بس بيخلع عنده 29 سنه ', '2021-12-06 14:33:37', 'https://m.youm7.com/'),
(45, 7, 96, 'على', '01114923797', 'Titan', 'Titan', '649', 1, 'USD', 222, 'expensive', '2021-12-06 15:08:28', 'Not Detected'),
(46, 7, 94, 'احمد حسن محمد ', '01210135207', 'Titan', 'Titan', '649', 1, 'USD', 222, 'did not order', '2021-12-06 15:16:44', 'Not Detected'),
(47, 2, 149, 'أحمد رضا ', '01067648330', 'Hammer Of Thor', 'Hammer Of Thor', '599', 1, 'EGP', 15, 'مطلبش', '2021-12-06 15:30:29', 'https://m.youm7.com/'),
(48, 2, 126, 'عيد', '01067748482', 'Hammer Of Thor', 'Hammer Of Thor', '599', 1, 'EGP', 207, 'expensive', '2021-12-06 16:08:55', 'https://zamalek.news/'),
(49, 2, 117, 'عادل السيد احمد', '010125646638', 'Hammer Of Thor', 'Hammer Of Thor', '599', 1, 'EGP', 207, 'spam', '2021-12-06 16:28:14', 'https://m.youm7.com/'),
(50, 7, 111, 'هاني. المحمدي', '01212438726', 'Titan', 'Titan', '649', 1, 'USD', 224, 'joke', '2021-12-06 17:44:19', 'Not Detected'),
(51, 7, 143, 'اسماعيل عبده احمد', '01222819376', 'Titan', 'Titan', '649', 1, 'USD', 237, 'did not order', '2021-12-06 17:54:07', 'Not Detected'),
(52, 2, 146, 'مجدى احمد', '01224504464', 'Hammer Of Thor', 'Hammer Of Thor', '599', 1, 'EGP', 203, 'joke', '2021-12-06 18:05:31', 'https://m.youm7.com/'),
(53, 7, 104, 'محمد ', '01127109153', 'Titan', 'Titan', '649', 1, 'USD', 203, 'wrong number', '2021-12-06 18:37:31', 'Not Detected'),
(54, 7, 150, 'اشرف امام', '01145010987', 'Titan', 'Titan', '649', 1, 'USD', 203, 'هو  ف مشالكل مع مراته واحتمال هيطلق  ف هيشوف الاول وبعدين يطلب ', '2021-12-06 18:51:39', 'Not Detected'),
(55, 2, 118, 'محمود', '01017325720', 'Hammer Of Thor', 'Hammer Of Thor', '599', 1, 'EGP', 207, 'changed his mind', '2021-12-06 19:03:06', 'https://www.akhbaroukoum.com/'),
(56, 2, 156, 'القذافي عبد الحميد', '01000145786', 'Hammer Of Thor', 'Hammer Of Thor', '599', 1, 'EGP', 224, 'joke', '2021-12-06 19:12:48', 'https://m.youm7.com/'),
(57, 2, 157, 'ايمن نبيل محمد', '01022230898', 'Hammer Of Thor', 'Hammer Of Thor', '599', 1, 'EGP', 224, 'did not order', '2021-12-06 19:13:45', 'https://m.youm7.com/'),
(58, 2, 119, 'Hany', '01208899587', 'Hammer Of Thor', 'Hammer Of Thor', '599', 1, 'EGP', 207, 'changed his mind', '2021-12-06 19:30:30', 'https://m.youm7.com/'),
(59, NULL, 144, 'محمد اشرف سيد', '01019625546', 'Hammer Of Thor', 'Hammer Of Thor', '1000', 3, 'EGP', 207, 'wrong number', '2021-12-06 19:45:16', 'https://m.youm7.com/'),
(60, 2, 123, 'محمد فرغلى', '01222149467', 'Hammer Of Thor', 'Hammer Of Thor', '1050', 3, 'EGP', 207, 'changed his mind', '2021-12-06 20:20:15', 'https://m.elwatannews.com/'),
(61, 2, 134, 'محمد علي رضوان ', '01001497932', 'Hammer Of Thor', 'Hammer Of Thor', '599', 1, 'EGP', 237, 'wrong number', '2021-12-06 20:29:09', 'https://www.elmostaqbal.com/565212/2021/12/05/مرتبك-من-3-آلاف-روح-على-بنك-كريدي-أجريكو/'),
(62, 2, 175, 'ساميمصطفي', '010003100552', 'Hammer Of Thor', 'Hammer Of Thor', '599', 1, 'EGP', 203, 'spam', '2021-12-07 13:49:22', ''),
(63, 2, 174, 'عبده', '01002381715', 'Hammer Of Thor', 'Hammer Of Thor', '599', 1, 'EGP', 203, 'expensive', '2021-12-07 14:06:24', 'https://m.youm7.com/'),
(64, 2, 200, 'محمد سعيد محمد طه', '01022522815', 'Hammer Of Thor', 'Hammer Of Thor', '599', 1, 'EGP', 203, 'هو موظف ومفيش فلوس  دلوقتي هيدبر نفسه ف الفلوس وبعدين يتصل ', '2021-12-07 14:16:55', 'https://m.youm7.com/'),
(65, 2, 187, 'عماد', '01208152378', 'Hammer Of Thor', 'Hammer Of Thor', '599', 1, 'EGP', 229, 'changed his mind', '2021-12-07 14:17:12', 'https://m.youm7.com/'),
(66, 2, 166, 'لا حمد احمد ', '04288685568', 'Hammer Of Thor', 'Hammer Of Thor', '599', 1, 'EGP', 207, 'spam', '2021-12-07 14:58:45', 'https://m.youm7.com/'),
(67, 2, 186, 'محمد ', '01008108100', 'Hammer Of Thor', 'Hammer Of Thor', '599', 1, 'EGP', 229, 'expensive', '2021-12-07 15:05:02', 'https://m.youm7.com/'),
(68, 2, 184, 'Emad Gabr', '01223233727', 'Hammer Of Thor', 'Hammer Of Thor', '599', 1, 'EGP', 229, 'changed his mind', '2021-12-07 15:12:35', 'https://m.youm7.com/'),
(69, 2, 162, 'محمود احمد محمد كساب', '01207787766', 'Hammer Of Thor', 'Hammer Of Thor', '599', 1, 'EGP', 203, 'expensive', '2021-12-07 15:20:06', 'https://www.masrwnasha.com/'),
(70, 7, 109, 'محمد موسى توفيق ', '01140950334', 'Titan', 'Titan', '649', 1, 'USD', 222, 'wrong number', '2021-12-07 15:28:16', 'Not Detected'),
(71, 2, 189, 'سلامة سالم زيدان', '01069150972', 'Hammer Of Thor', 'Hammer Of Thor', '599', 1, 'EGP', 237, 'joke', '2021-12-07 15:28:42', 'Not Detected'),
(72, 7, 193, 'محمدزايد', '01273752070', 'Titan', 'Titan', '649', 1, 'USD', 222, 'expensive', '2021-12-07 15:35:40', 'Not Detected'),
(73, 2, 190, 'محمد مصطفي', '00201000800702', 'Hammer Of Thor', 'Hammer Of Thor', '599', 1, 'EGP', 237, 'fake', '2021-12-07 15:46:04', 'https://www.elmostaqbal.com/522091/2021/06/05/هتاخد-2500-جنيه-شهريًا-لمدة-سنة-من-البنك-ال/'),
(74, 2, 129, 'محمد ابراهيم ', '01129121217', 'Hammer Of Thor', 'Hammer Of Thor', '599', 1, 'EGP', 237, 'wrong number', '2021-12-07 16:22:17', 'https://m.youm7.com/'),
(75, 2, 137, 'حسام سعد السيد ', '01090665963', 'Hammer Of Thor', 'Hammer Of Thor', '599', 1, 'EGP', 237, 'changed his mind', '2021-12-07 16:24:06', 'https://www.elmostaqbal.com/565412/2021/12/06/دار-الإفتاء-تردّ-على-محمد-صلاح-بشأن-تحر/'),
(76, 2, 201, 'Ahmed ', '01012457788', 'Hammer Of Thor', 'Hammer Of Thor', '599', 1, 'EGP', 207, 'spam', '2021-12-07 17:33:47', 'https://m.youm7.com/'),
(77, 1, 78, 'حسام حمدي', '01067806401', 'Pysillium', 'Pysillium', '649', 1, 'EGP', 238, 'wrong number', '2021-12-07 17:41:39', 'https://m.elwatannews.com/'),
(78, 4, 208, 'محمد بسطاوي ابو الحمد', '01008558268', 'Garcinia', 'Garcinia', '649', 1, 'EGP', 193, 'joke', '2021-12-07 17:57:27', 'https://m.youm7.com/'),
(79, 2, 179, 'مجدي', '01222835226', 'Hammer Of Thor', 'Hammer Of Thor', '599', 1, 'EGP', 237, 'expensive', '2021-12-07 18:23:23', 'https://www.elmostaqbal.com/565327/2021/12/05/قرار-جديد-من-كيروش-قبل-مواجهة-الجزائر/'),
(80, 2, 209, 'ابراهيم عبدالحميد السيد', '01111789373', 'Hammer Of Thor', 'Hammer Of Thor', '599', 1, 'EGP', 229, 'spam', '2021-12-07 19:01:41', 'https://m.youm7.com/'),
(81, 2, 128, 'سعيد', '01222399839', 'Hammer Of Thor', 'Hammer Of Thor', '599', 1, 'EGP', 237, 'تهرب', '2021-12-07 19:29:08', 'https://zamalek.news/'),
(82, 2, 167, 'Mohamed Nazmy ', '01158288880', 'Hammer Of Thor', 'Hammer Of Thor', '599', 1, 'EGP', 207, 'changed his mind', '2021-12-07 20:04:51', 'https://wazfnynow.com/'),
(83, 2, 56, 'Ďàtèfsalh', '01554848019', 'Hammer Of Thor', 'Hammer Of Thor', '599', 1, 'EGP', 207, 'spam', '2021-12-07 20:54:45', 'https://zamalek.news/'),
(84, 7, 218, 'احمد مصطفي السيد ', '01225345918', 'Titan', 'Titan', '649', 1, 'USD', 15, 'expensive', '2021-12-08 13:08:40', 'Not Detected'),
(85, 4, 212, 'محمد الشرقاوي', '01009678353', 'Garcinia', 'Garcinia', '649', 1, 'EGP', 238, 'wrong number', '2021-12-08 13:42:10', 'https://m.youm7.com/story/2021/12/7/زوج-يحرر-محضرا-ضد-زوجته-ومحاميه-الخاص-بكفر-الشيخ/5569695'),
(86, 2, 230, 'محمد شليل', '01126196948', 'Hammer Of Thor', 'Hammer Of Thor', '599', 1, 'EGP', 207, 'did not order', '2021-12-08 13:47:34', 'https://m.youm7.com/story/2018/6/18/آلاء-جاويش-تقدم-خطوة-عزيزة-على-شعبى-إف-إم/3838154'),
(87, 4, 213, 'عائشه محمد ', '01128004969', 'Garcinia', 'Garcinia', '649', 1, 'EGP', 238, 'wrong number', '2021-12-08 13:48:00', 'https://m.elwatannews.com/'),
(88, 7, 219, 'سعيد.براهيم.ابويوسف', '01113366408', 'Titan', 'Titan', '649', 1, 'USD', 15, 'wrong number', '2021-12-08 13:49:48', 'Not Detected'),
(89, 2, 154, 'محمد عبدالله محمد احمد ', '01200725890', 'Hammer Of Thor', 'Hammer Of Thor', '599', 1, 'EGP', 203, 'did not order', '2021-12-08 14:40:44', 'https://m.youm7.com/story/2021/12/5/بث-مباشر-لحظة-دفن-عملاقة-الشرقية-عن-عمر-29-عاما/5565935'),
(90, 7, 226, 'ABOU MOUSA ', '01115737305', 'Titan', 'Titan', '649', 1, 'USD', 229, 'changed his mind', '2021-12-08 14:45:48', 'Not Detected'),
(91, 7, 247, 'ابراهيم سليمان ', '01220707183', 'Titan', 'Titan', '649', 1, 'USD', 240, 'عايز يعرف طريقة استعمال الجيل الي استلمه ', '2021-12-08 14:52:20', 'Not Detected'),
(92, 2, 238, 'كمال جمال احمد', '010661201275', 'Hammer Of Thor', 'Hammer Of Thor', '599', 1, 'EGP', 207, 'spam', '2021-12-08 15:06:15', ''),
(93, 7, 228, 'Ahmedeltelwany', '01288728373', 'Titan', 'Titan', '649', 1, 'USD', 229, 'did not order', '2021-12-08 15:11:40', 'Not Detected'),
(94, 2, 182, 'رامي غريب', '01289077331', 'Hammer Of Thor', 'Hammer Of Thor', '599', 1, 'EGP', 229, 'expensive', '2021-12-08 15:40:30', 'https://sport.elwatannews.com/'),
(95, 4, 252, 'سعيد النجار  ', '01002256693', 'Garcinia', 'Garcinia', '649', 1, 'EGP', 193, 'expensive', '2021-12-08 16:01:47', 'https://www.elmostaqbal.com/565905/2021/12/08/عاجل-تحطم-طائرة-تقل-رئيس-الأركان-الهند/'),
(96, 7, 225, 'احمد سعد', '01063676617', 'Titan', 'Titan', '649', 1, 'USD', 239, 'لا مقدمتش ', '2021-12-08 16:32:00', 'Not Detected'),
(97, 4, 211, 'ايمان', '01155234925', 'Garcinia', 'Garcinia', '649', 1, 'EGP', 238, 'did not order', '2021-12-08 17:06:27', 'https://m.elwatannews.com/'),
(98, 2, 240, 'السيد احمد ابراهيم', '01229467903', 'Hammer Of Thor', 'Hammer Of Thor', '599', 1, 'EGP', 207, 'changed his mind', '2021-12-08 17:14:02', 'https://m.youm7.com/'),
(99, 2, 242, 'وليد', '01033231515', 'Hammer Of Thor', 'Hammer Of Thor', '599', 1, 'EGP', 207, 'expensive', '2021-12-08 17:22:33', 'https://sport.elwatannews.com/'),
(100, 2, 245, 'محمود', '01001107551', 'Hammer Of Thor', 'Hammer Of Thor', '599', 1, 'EGP', 207, 'changed his mind', '2021-12-08 18:07:57', 'https://m.youm7.com/'),
(101, 7, 221, 'كريم محمد ', '01122137365', 'Titan', 'Titan', '649', 1, 'USD', 15, 'expensive', '2021-12-08 18:45:47', 'Not Detected'),
(102, 7, 256, 'احمد', '01117813387', 'Titan', 'Titan', '649', 1, 'USD', 193, 'expensive', '2021-12-08 18:50:56', 'Not Detected'),
(103, 2, 231, 'عثمان أحمد عبدالهادى ', '01006966768', 'Hammer Of Thor', 'Hammer Of Thor', '599', 1, 'EGP', 207, 'changed his mind', '2021-12-08 18:55:32', 'https://m.youm7.com/'),
(104, 2, 249, 'تامر الصيفي', '01067911884', 'Hammer Of Thor', 'Hammer Of Thor', '599', 1, 'EGP', 207, 'changed his mind', '2021-12-08 19:11:09', 'https://m.youm7.com/'),
(105, 2, 233, 'عمرو محمد', '01558854148', 'Hammer Of Thor', 'Hammer Of Thor', '599', 1, 'EGP', 207, 'spam', '2021-12-08 19:21:33', ''),
(106, 2, 176, 'عمر مختار حاج النور', '01122588493', 'Hammer Of Thor', 'Hammer Of Thor', '599', 1, 'EGP', 203, 'سافر القاهره هيرجع خلال شهر \n', '2021-12-08 19:54:25', 'https://sudanlite.com/12169'),
(107, 7, 257, 'محمد فاروق', '01003034200', 'Titan', 'Titan', '649', 1, 'USD', 203, 'did not order', '2021-12-08 20:03:39', 'Not Detected'),
(108, 2, 266, 'التزمت يلااعوىب', '045578566255', 'Hammer Of Thor', 'Hammer Of Thor', '599', 1, 'EGP', 207, 'spam', '2021-12-09 12:19:18', 'https://m.youm7.com/'),
(109, 2, 61, 'محمودالشيخ ', '01060588332', 'Hammer Of Thor', 'Hammer Of Thor', '599', 1, 'EGP', 207, 'changed his mind', '2021-12-09 12:51:20', 'https://m.youm7.com/'),
(110, 2, 82, 'السيد محمد ابراهيم', '01091182901', 'Hammer Of Thor', 'Hammer Of Thor', '599', 1, 'EGP', 207, 'spam', '2021-12-09 13:05:45', 'https://m.youm7.com/'),
(111, 2, 87, 'خضر علي ابراهيم', '01098072854', 'Hammer Of Thor', 'Hammer Of Thor', '599', 1, 'EGP', 207, 'changed his mind', '2021-12-09 13:09:39', 'https://m.elwatannews.com/news/details/5759812'),
(112, 7, 203, 'محمد زهران', '01273881446', 'Titan', 'Titan', '649', 1, 'USD', 222, 'did not order', '2021-12-09 13:47:48', 'Not Detected'),
(113, 2, 173, 'محمد', '01004111734', 'Hammer Of Thor', 'Hammer Of Thor', '599', 1, 'EGP', 203, 'صحبه ال سجله وهو مسجلش ع حاجه من ديي', '2021-12-09 14:39:55', 'https://m.youm7.com/'),
(114, 2, 302, 'محمد عبد العليم ', '010060980801', 'Hammer Of Thor', 'Hammer Of Thor', '599', 1, 'EGP', 239, 'expensive', '2021-12-09 15:25:50', ''),
(115, 7, 290, 'George Zora', '467007338138', 'Titan', 'Titan', '649', 1, 'USD', 224, 'spam', '2021-12-09 15:29:26', 'Not Detected'),
(116, 2, 271, 'حسن محمد', '01280239692', 'Hammer Of Thor', 'Hammer Of Thor', '599', 1, 'EGP', 207, 'changed his mind', '2021-12-09 15:31:04', 'https://sport.elwatannews.com/ar/1/1/899809/مدير-المنتخب-يستدعي-محمد-الشناوي-بعد-الحجز-على-ممتلكاته?utm_source=Sport&utm_medium=Social+&utm_campaign=elwatansport'),
(117, 7, 289, 'محمد', '01155761489', 'Titan', 'Titan', '649', 1, 'USD', 222, 'joke', '2021-12-09 15:31:57', 'Not Detected'),
(118, 2, 305, 'يوسف.محمد.يوسف', '01007359162', 'Hammer Of Thor', 'Hammer Of Thor', '599', 1, 'EGP', 224, 'changed his mind', '2021-12-09 15:35:19', 'https://m.youm7.com/'),
(119, 7, 281, 'انيس مهني ونيس ', '01226430037', 'Titan', 'Titan', '649', 1, 'USD', 15, 'expensive', '2021-12-09 15:42:21', 'Not Detected'),
(120, 7, 284, 'شعبان', '01211801639', 'Titan', 'Titan', '649', 1, 'USD', 239, 'changed his mind', '2021-12-09 15:50:17', 'Not Detected'),
(121, 2, 263, 'شريف محمدسمير', '010057415268', 'Hammer Of Thor', 'Hammer Of Thor', '599', 1, 'EGP', 238, 'wrong number', '2021-12-09 15:53:35', 'https://m.youm7.com/'),
(122, 2, 261, 'ابواحمد', '01028748419', 'Hammer Of Thor', 'Hammer Of Thor', '599', 1, 'EGP', 238, 'joke', '2021-12-09 15:58:33', 'https://m.youm7.com/'),
(123, 7, 285, '  علي ذكي', '01202187185', 'Titan', 'Titan', '649', 1, 'USD', 239, 'expensive', '2021-12-09 15:58:54', 'Not Detected'),
(124, 7, 278, 'محمد جمال', '01224612767', 'Titan', 'Titan', '649', 1, 'USD', 15, 'did not order', '2021-12-09 16:16:36', 'Not Detected'),
(125, 4, 300, 'عزة محمد عبد ااغنى', '01009333092', 'Garcinia', 'Garcinia', '649', 1, 'EGP', 193, 'joke', '2021-12-09 16:39:21', 'https://gate.ahram.org.eg/News/3180729.aspx'),
(126, 2, 297, 'عبدالله ملاك', '01283443815', 'Hammer Of Thor', 'Hammer Of Thor', '599', 1, 'EGP', 207, 'changed his mind', '2021-12-09 17:19:21', 'https://m.youm7.com/story/2021/12/8/قائمة-القطارات-المكيفة-بخطوط-الوجهين-البحرى-والقبلى-ومواعيد-قيامها/5569589'),
(127, 4, 309, 'على', '01009002119', 'Garcinia', 'Garcinia', '649', 1, 'EGP', 224, 'did not order', '2021-12-09 17:26:54', 'https://m.youm7.com/'),
(128, 2, 312, 'كامله حسن', '01062881907', 'Hammer Of Thor', 'Hammer Of Thor', '599', 1, 'EGP', 229, 'wrong number', '2021-12-09 17:28:26', 'https://www.youm7.com/'),
(129, 2, 298, 'عبدالله', '0106503723', 'Hammer Of Thor', 'Hammer Of Thor', '599', 1, 'EGP', 207, 'spam', '2021-12-09 18:13:52', 'http://www.elhayahalyoum.com/'),
(130, 2, 316, 'ََممدوح', '756480531985', 'Hammer Of Thor', 'Hammer Of Thor', '599', 1, 'EGP', 207, 'spam', '2021-12-09 18:19:28', 'https://m.youm7.com/'),
(131, 2, 251, 'محمد', '01006800385', 'Hammer Of Thor', 'Hammer Of Thor', '599', 1, 'EGP', 239, 'changed his mind', '2021-12-09 18:44:20', 'https://www.youm7.com/'),
(132, 7, 317, 'السيد اسماعيل ابراهيم', '01149577799', 'Titan', 'Titan', '649', 1, 'USD', 222, 'did not order', '2021-12-09 18:46:27', 'Not Detected'),
(133, 4, 315, 'نورهان الجبالي', '01094131923', 'Garcinia', 'Garcinia', '649', 1, 'EGP', 193, 'expensive', '2021-12-09 19:10:41', 'https://www.elmostaqbal.com/566193/2021/12/09/وزارة-الشباب-والرياضة-تعلن-عن-وظائف-ج/'),
(134, 4, 314, 'سهير صالح', '01026185671', 'Garcinia', 'Garcinia', '649', 1, 'EGP', 193, 'joke', '2021-12-09 19:12:56', 'https://m.youm7.com/'),
(135, 4, 276, 'خالد محمد', '01009680281', 'Garcinia', 'Garcinia', '649', 1, 'EGP', 238, 'wrong number', '2021-12-09 19:31:11', 'https://m.elwatannews.com/'),
(136, 1, 318, 'محمد السيد ', '01065201005', 'Pysillium', 'Pysillium', '649', 1, 'EGP', 193, 'wrong number', '2021-12-09 19:42:47', 'https://www.shorouknews.com/'),
(137, 7, 220, 'احمدعاي', '01121002234', 'Titan', 'Titan', '649', 1, 'USD', 15, 'wrong number', '2021-12-09 19:52:59', 'Not Detected'),
(138, 2, 169, 'خلف', '01220235990', 'Hammer Of Thor', 'Hammer Of Thor', '599', 1, 'EGP', 207, 'changed his mind', '2021-12-09 20:17:47', 'https://m.youm7.com/story/2021/12/6/التعليم-تعلن-مواعيد-امتحانات-نصف-العام-للصف-الرابع-الابتدائى/5568454'),
(139, 2, 198, 'اسامة ', '01066476132', 'Hammer Of Thor', 'Hammer Of Thor', '599', 1, 'EGP', 207, 'changed his mind', '2021-12-09 20:18:51', 'https://m2qal.com/'),
(140, 7, 296, 'ايمن فريد', '01154050535', 'Titan', 'Titan', '649', 1, 'USD', 203, 'wrong number', '2021-12-10 15:24:36', 'Not Detected'),
(141, 7, 334, 'عثمان انور عثمان', '01002353322', 'Titan', 'Titan', '649', 1, 'USD', 15, 'changed his mind', '2021-12-10 15:43:25', 'Not Detected'),
(142, 2, 372, 'كمال الحميدى', '01119967699', 'Hammer Of Thor', 'Hammer Of Thor', '599', 1, 'EGP', 240, 'المبلغ كبير عليه ', '2021-12-10 15:45:10', 'https://nadosnews.com/31832'),
(143, 2, 352, 'Osama', '01270107969', 'Hammer Of Thor', 'Hammer Of Thor', '599', 1, 'EGP', 207, 'changed his mind', '2021-12-10 15:45:45', 'https://m.youm7.com/'),
(144, 2, 374, 'مدحت', '01172623688', 'Hammer Of Thor', 'Hammer Of Thor', '599', 1, 'EGP', 240, 'spam', '2021-12-10 15:46:22', 'https://m.youm7.com/'),
(145, 7, 332, 'احمد محمد حنفي', '01021722036', 'Titan', 'Titan', '649', 1, 'USD', 15, 'مطلبش', '2021-12-10 15:48:34', 'Not Detected'),
(146, 2, 355, 'صبحى خضر', '01008843071', 'Hammer Of Thor', 'Hammer Of Thor', '599', 1, 'EGP', 207, 'expensive', '2021-12-10 15:50:23', 'https://m.youm7.com/'),
(147, 2, 365, 'مصطفي الكريم ', '01001369513', 'Hammer Of Thor', 'Hammer Of Thor', '599', 1, 'EGP', 229, 'wrong number', '2021-12-10 16:01:34', ''),
(148, 2, 361, 'بهاء صبحي', '01229799449', 'Hammer Of Thor', 'Hammer Of Thor', '599', 1, 'EGP', 229, 'joke', '2021-12-10 16:03:10', 'Not Detected'),
(149, 2, 303, 'محمد محمود', '01144416570', 'Hammer Of Thor', 'Hammer Of Thor', '599', 1, 'EGP', 239, 'changed his mind', '2021-12-10 16:23:06', 'https://m.youm7.com/'),
(150, 2, 356, 'Mohamed hassan', '01555000363', 'Hammer Of Thor', 'Hammer Of Thor', '1100', 3, 'EGP', 207, 'spam', '2021-12-10 16:29:33', 'https://m.youm7.com/'),
(151, 2, 378, 'محمد السيد ابراهيم ', '01554064968', 'Hammer Of Thor', 'Hammer Of Thor', '599', 1, 'EGP', 207, 'spam', '2021-12-10 16:43:45', 'https://m.youm7.com/'),
(152, 2, 364, 'هانى', '01200347566', 'Hammer Of Thor', 'Hammer Of Thor', '599', 1, 'EGP', 229, 'joke', '2021-12-10 16:44:19', 'Not Detected'),
(153, 7, 343, 'رمضان حسن محمد', '01229903827', 'Titan', 'Titan', '649', 1, 'USD', 229, 'expensive', '2021-12-10 16:49:19', 'Not Detected'),
(154, 2, 381, 'ياسر', '01559491455', 'Hammer Of Thor', 'Hammer Of Thor', '599', 1, 'EGP', 207, 'expensive', '2021-12-10 16:52:05', 'https://m.youm7.com/'),
(155, 7, 327, 'محمد الفتيانى', '01025226188', 'Titan', 'Titan', '649', 1, 'USD', 222, 'did not order', '2021-12-10 17:00:56', 'Not Detected'),
(156, 2, 358, 'احمد ', '0102774717', 'Hammer Of Thor', 'Hammer Of Thor', '599', 1, 'EGP', 207, 'spam', '2021-12-10 17:03:09', 'https://m.youm7.com/'),
(157, 2, 350, '..', '01026372894', 'Hammer Of Thor', 'Hammer Of Thor', '599', 1, 'EGP', 207, 'spam', '2021-12-10 17:07:09', 'https://m.youm7.com/'),
(158, 7, 401, 'شحته شحاته عزب ', '01001943296', 'Titan', 'Titan', '649', 1, 'USD', 224, 'joke', '2021-12-10 17:07:52', 'Not Detected'),
(159, 2, 379, 'محمود عبد الرحيم ', '01283414236', 'Hammer Of Thor', 'Hammer Of Thor', '599', 1, 'EGP', 207, 'expensive', '2021-12-10 17:08:55', 'https://www.rosaelyoussef.com/'),
(160, 2, 394, 'كمال عرفان', '01100902989', 'Hammer Of Thor', 'Hammer Of Thor', '599', 1, 'EGP', 203, '600 كتير ومفكر انه منشط مش استخدام يومي  قولتله ف تريبيوس قالي لا غاليه برضوا ', '2021-12-10 17:39:09', 'https://m.youm7.com/story/2021/12/10/السيدة-انتصار-السيسى-فى-اليوم-العالمى-لحقوق-الإنسان-مصر-وفرت/5573531'),
(161, 4, 388, 'صفاء طاهر محمد عبد العزيز الخولي', '01033843849', 'Garcinia', 'Garcinia', '649', 1, 'EGP', 224, 'changed his mind', '2021-12-10 17:43:40', 'https://m.youm7.com/'),
(162, 4, 387, 'مها  ابراهيم الفيومي', '01017774382', 'Garcinia', 'Garcinia', '649', 1, 'EGP', 193, 'joke', '2021-12-10 18:05:27', 'https://m.elwatannews.com/'),
(163, 2, 403, 'اسلام علي', '01115570812', 'Hammer Of Thor', 'Hammer Of Thor', '599', 1, 'EGP', 207, 'expensive', '2021-12-10 18:05:36', 'https://m.youm7.com/'),
(164, 2, 377, 'محمد', '01211145682', 'Hammer Of Thor', 'Hammer Of Thor', '599', 1, 'EGP', 207, 'expensive', '2021-12-10 18:08:49', 'https://m.youm7.com/'),
(165, 7, 322, 'رمضان محمو', '01272085091', 'Titan', 'Titan', '649', 1, 'USD', 222, 'expensive', '2021-12-10 18:11:41', 'Not Detected'),
(166, 2, 299, 'هشام ', '01288461409', 'Hammer Of Thor', 'Hammer Of Thor', '599', 1, 'EGP', 207, 'expensive', '2021-12-10 18:19:01', 'https://m.youm7.com/'),
(167, 7, 396, 'ا.م.س.م', '01093144889', 'Titan', 'Titan', '649', 1, 'USD', 203, 'wrong number', '2021-12-10 18:20:48', 'Not Detected'),
(168, 2, 232, 'محمود ', '01006114681', 'Hammer Of Thor', 'Hammer Of Thor', '599', 1, 'EGP', 207, 'changed his mind', '2021-12-10 18:24:47', 'https://m.youm7.com/'),
(169, 2, 248, 'Ahmed Gharib ', '01006852444', 'Hammer Of Thor', 'Hammer Of Thor', '599', 1, 'EGP', 207, 'changed his mind', '2021-12-10 18:32:01', 'https://sport.elwatannews.com/'),
(170, 2, 254, 'عابد احمد السيد عبيد', '01232184050', 'Hammer Of Thor', 'Hammer Of Thor', '599', 1, 'EGP', 207, 'spam', '2021-12-10 18:44:28', 'https://www.youm7.com/'),
(171, 2, 163, ' سامي عبد المجيد محمد', '01005273587', 'Hammer Of Thor', 'Hammer Of Thor', '599', 1, 'EGP', 207, 'changed his mind', '2021-12-10 18:56:41', 'https://www.almolakhs.com/'),
(172, 2, 202, 'سلامه الحسيني ', '01000657919', 'Hammer Of Thor', 'Hammer Of Thor', '599', 1, 'EGP', 207, 'spam', '2021-12-10 19:15:43', 'https://m.youm7.com/'),
(173, 2, 369, 'نادر  غريب', '01000338540', 'Hammer Of Thor', 'Hammer Of Thor', '599', 1, 'EGP', 229, 'changed his mind', '2021-12-10 19:16:12', 'https://m.youm7.com/'),
(174, 2, 402, 'اسلام ', '01222536311', 'Hammer Of Thor', 'Hammer Of Thor', '599', 1, 'EGP', 15, 'expensive', '2021-12-10 19:20:04', 'https://m.youm7.com/story/2010/6/12/ما-علاج-الحبوب-الدهنية-الموجودة-بالرأس/239822'),
(175, 4, 413, 'أحمد عبد المهدي من دمياط', '01009755561', 'Garcinia', 'Garcinia', '649', 1, 'EGP', 224, 'wrong number', '2021-12-10 19:28:02', 'https://alghad.com/5-طرق-لعلاج-الحروق-الناجمة-عن-الماء-السا/'),
(176, 2, 265, 'طاهر', '01223339633', 'Hammer Of Thor', 'Hammer Of Thor', '599', 1, 'EGP', 207, 'did not order', '2021-12-10 19:33:35', 'https://sport.elwatannews.com/'),
(177, 4, 386, 'حسام ماهر', '01068711844', 'Garcinia', 'Garcinia', '649', 1, 'EGP', 193, 'joke', '2021-12-10 19:43:06', 'https://m.elwatannews.com/'),
(178, 4, 383, 'ايمام٦', '01099659871', 'Garcinia', 'Garcinia', '649', 1, 'EGP', 193, 'joke', '2021-12-10 19:49:32', 'https://honna.elwatannews.com/news/details/2120641/موضة-شتاء-2021-للمحجبات-للوصول-إلى-الأناقة-والجمال'),
(179, 2, 414, 'ماني محمودمصطفي', '012114233560', 'Hammer Of Thor', 'Hammer Of Thor', '599', 1, 'EGP', 15, 'spam', '2021-12-10 20:34:43', 'https://www.assayha.net/86248/'),
(180, 7, 286, 'محمد عبدالناصر محمد', '01119971589', 'Titan', 'Titan', '649', 1, 'USD', 222, 'changed his mind', '2021-12-10 20:47:28', 'Not Detected'),
(181, 2, 359, 'تامر علي ', '01112320760', 'Hammer Of Thor', 'Hammer Of Thor', '650', 1, 'EGP', 207, 'changed his mind', '2021-12-10 20:55:23', 'https://www.akhbaroukoum.com/'),
(182, 7, 416, 'سيد عابدين', '01061895365', 'Titan', 'Titan', '649', 1, 'USD', 224, 'joke', '2021-12-10 21:32:24', 'Not Detected'),
(183, 2, 168, 'محمد السعيد محمد احمد الزينى', '01003103661', 'Hammer Of Thor', 'Hammer Of Thor', '599', 1, 'EGP', 207, 'expensive', '2021-12-11 13:00:27', 'https://m.youm7.com/story/2021/12/6/شاهد-الخطيب-يستقبل-أحمد-طارق-في-مقر-النادي-الأهلي-بالجزيرة/5568027'),
(184, 2, 422, 'محمد', '01095065715', 'Hammer Of Thor', 'Hammer Of Thor', '599', 1, 'EGP', 240, 'wrong number', '2021-12-11 13:01:39', 'https://www.elmostaqbal.com/566474/2021/12/10/لو-معاشك-500-جنيه-هتاخد-نصف-مليون-جنيه-من-ب/'),
(185, 2, 138, 'محمد ', '01124527842', 'Hammer Of Thor', 'Hammer Of Thor', '599', 1, 'EGP', 237, 'expensive', '2021-12-11 13:18:24', 'https://m.youm7.com/'),
(186, 2, 130, 'محمد هاني', '01129845078', 'Hammer Of Thor', 'Hammer Of Thor', '599', 1, 'EGP', 237, '16 سنه', '2021-12-11 13:20:34', 'https://m.youm7.com/story/2018/12/7/الآن-يمكنك-إرسال-وعرض-صور-متحركة-عبر-تطبيق-Messenger-Lite/4058469'),
(187, 4, 452, 'عصمت احمد حامد حميد', '01145552560', 'Garcinia', 'Garcinia', '649', 1, 'EGP', 193, 'joke', '2021-12-11 13:26:32', 'https://m.elwatannews.com/'),
(188, 2, 188, 'حسنى محمد احمد', '01120271010', 'Hammer Of Thor', 'Hammer Of Thor', '599', 1, 'EGP', 237, 'expensive', '2021-12-11 13:37:05', 'https://www.youm7.com/story/2021/12/6/الإعدام-شنقا-لـ-سفاح-الفيوم-قاتل-زوجته-وأبنائه-الـ6-لايف/5567606'),
(189, 2, 367, 'أحمد الباز', '01030840916', 'Hammer Of Thor', 'Hammer Of Thor', '599', 1, 'EGP', 229, 'changed his mind', '2021-12-11 13:51:35', 'https://zamalek.news/'),
(190, 2, 419, 'اسلام', '01010440544', 'Hammer Of Thor', 'Hammer Of Thor', '599', 1, 'EGP', 229, 'expensive', '2021-12-11 13:58:52', 'https://m.youm7.com/'),
(191, 2, 417, 'احمد', '01210061592', 'Hammer Of Thor', 'Hammer Of Thor', '599', 1, 'EGP', 229, 'changed his mind', '2021-12-11 14:15:43', 'https://m.youm7.com/story/2021/12/10/موعد-مباراة-منتخب-مصر-والأردن-في-كأس-العرب-والقنوات-الناقلة/5573956'),
(192, 2, 417, 'احمد', '01210061592', 'Hammer Of Thor', 'Hammer Of Thor', '599', 1, 'EGP', 229, 'expensive', '2021-12-11 14:15:43', 'https://m.youm7.com/story/2021/12/10/موعد-مباراة-منتخب-مصر-والأردن-في-كأس-العرب-والقنوات-الناقلة/5573956'),
(193, 7, 438, 'اسامة', '01050511507', 'Titan', 'Titan', '649', 1, 'USD', 222, 'spam', '2021-12-11 14:17:51', 'Not Detected'),
(194, 7, 441, 'اهاب عبد العزيز', '01119911908', 'Titan', 'Titan', '649', 1, 'USD', 224, 'wrong number', '2021-12-11 14:18:04', 'Not Detected'),
(195, 7, 435, 'منال منصور', '01019286879', 'Titan', 'Titan', '649', 1, 'USD', 222, 'did not order', '2021-12-11 14:23:33', 'Not Detected'),
(196, 2, 461, 'محمد السعيد', '01006071934', 'Hammer Of Thor', 'Hammer Of Thor', '599', 1, 'EGP', 222, 'expensive', '2021-12-11 14:28:53', 'https://m.youm7.com/'),
(198, 4, 451, 'ام احمد من مصر', '01012683443', 'Garcinia', 'Garcinia', '649', 1, 'EGP', 193, 'joke', '2021-12-11 14:39:24', 'https://m.youm7.com/story/2021/12/9/الصحة-تطعيم-المتخلفين-عن-ثانى-جرعات-لقاح-كورونا-من-الغد/5572133'),
(199, 2, 423, 'رمضان ', '01229386034', 'Hammer Of Thor', 'Hammer Of Thor', '599', 1, 'EGP', 237, 'expensive', '2021-12-11 14:59:34', 'https://m.youm7.com/'),
(200, 1, 319, 'اسلام محروس', '01097938855', 'Pysillium', 'Pysillium', '649', 1, 'EGP', 193, 'did not order', '2021-12-11 15:02:26', 'https://www.shorouknews.com/'),
(201, 7, 445, 'ابراهام', '015685685385', 'Titan', 'Titan', '649', 1, 'USD', 237, 'spam', '2021-12-11 15:03:07', 'Not Detected'),
(202, 7, 246, 'احمد', '01030410346', 'Titan', 'Titan', '649', 1, 'USD', 240, 'changed his mind', '2021-12-11 15:04:39', 'Not Detected'),
(203, 2, 410, 'محمد', '015554355656', 'Hammer Of Thor', 'Hammer Of Thor', '599', 1, 'EGP', 241, 'expensive', '2021-12-11 15:31:00', 'https://www.elwatannews.com/'),
(204, 7, 442, 'حجازى', '01025254592', 'Titan', 'Titan', '649', 1, 'USD', 229, 'wrong number', '2021-12-11 15:39:49', 'Not Detected'),
(205, 7, 436, 'معتز عادل خميس', '01274512380', 'Titan', 'Titan', '649', 1, 'USD', 222, 'expensive', '2021-12-11 15:42:07', 'Not Detected'),
(206, 7, 443, 'A', '01227682653', 'Titan', 'Titan', '649', 1, 'USD', 229, 'wrong number', '2021-12-11 15:46:56', 'Not Detected'),
(207, 7, 224, 'نور ', '01019563766', 'Titan', 'Titan', '649', 1, 'USD', 239, 'changed his mind', '2021-12-11 15:54:35', 'Not Detected'),
(208, 7, 341, 'حنفي احمد مصطفي اسوان', '01063123754', 'Titan', 'Titan', '649', 1, 'USD', 239, 'مطلبتش حاجه ', '2021-12-11 16:03:11', 'Not Detected'),
(209, 2, 459, 'مصطفى عبدالوهاب', '01276903197', 'Hammer Of Thor', 'Hammer Of Thor', '599', 1, 'EGP', 207, 'expensive', '2021-12-11 16:20:53', 'https://zamalek.news/'),
(210, 7, 446, 'محمد عثمان', '01146256019', 'Titan', 'Titan', '649', 1, 'USD', 237, 'joke', '2021-12-11 16:30:38', 'Not Detected'),
(211, 2, 463, 'محرم المنيسى ', '01018259685', 'Hammer Of Thor', 'Hammer Of Thor', '599', 1, 'EGP', 239, 'مطلبتش حاجه ', '2021-12-11 16:34:58', 'https://m.youm7.com/story/2021/12/11/موعد-مباراة-مصر-والأردن-فى-كأس-العرب-اليوم/5574430'),
(212, 2, 468, 'احمد صبحي', '01065868267', 'Hammer Of Thor', 'Hammer Of Thor', '599', 1, 'EGP', 241, 'عيل صغير بيلع ب التليفون', '2021-12-11 17:21:26', 'https://m.youm7.com/story/2021/12/11/موعد-مباراة-مصر-والأردن-فى-كأس-العرب-اليوم/5574430'),
(213, 2, 467, 'أبراهيم', '012526179991', 'Hammer Of Thor', 'Hammer Of Thor', '599', 1, 'EGP', 207, 'spam', '2021-12-11 17:28:09', 'https://m.youm7.com/'),
(214, 4, 384, 'محمد ابراهيم عبد العزيز بيومي', '01033292113', 'Garcinia', 'Garcinia', '649', 1, 'EGP', 193, 'joke', '2021-12-11 17:30:18', 'https://m.elwatannews.com/'),
(215, 7, 390, 'Mohamed Salah', '01009929959', 'Titan', 'Titan', '649', 1, 'USD', 222, 'joke', '2021-12-11 17:44:38', 'Not Detected'),
(216, 7, 392, 'محمد صلاح عبدالله', '01098194189', 'Titan', 'Titan', '649', 1, 'USD', 222, 'did not order', '2021-12-11 17:46:28', 'Not Detected'),
(217, 2, 420, 'صبحى.شوشان ', '01061390180', 'Hammer Of Thor', 'Hammer Of Thor', '599', 1, 'EGP', 229, 'changed his mind', '2021-12-11 17:52:15', 'Not Detected'),
(218, 4, 385, 'حسام جمال جابر', '01225810851', 'Garcinia', 'Garcinia', '649', 1, 'EGP', 193, 'joke', '2021-12-11 18:20:21', 'https://www.elmostaqbal.com/566314/2021/12/09/الأرصاد-ارتفاع-بالحرارة-الجمعة-وتحذي/'),
(219, 2, 426, 'سيد', '01203622612', 'Hammer Of Thor', 'Hammer Of Thor', '599', 1, 'EGP', 237, 'expensive', '2021-12-11 18:27:17', 'https://nabakham.com/'),
(220, NULL, 471, 'نصر عبد السلام القزاز', '01001236421', 'Titan', 'Titan', '649', 1, 'USD', 222, 'did not order', '2021-12-11 19:54:48', 'Not Detected'),
(221, 2, 454, 'الحاج منعم', '01207762593', 'Hammer Of Thor', 'Hammer Of Thor', '599', 1, 'EGP', 241, 'مسافر اسوان ', '2021-12-11 20:01:37', 'https://m.youm7.com/story/2021/12/9/زوج-لمحكمة-الأسرة-بعد-22-عاما-من-الزواج-أعطت-متعلقاتى/5569669'),
(222, 2, 457, 'Elhlw', '011187154370', 'Hammer Of Thor', 'Hammer Of Thor', '599', 1, 'EGP', 207, 'spam', '2021-12-11 20:03:06', 'https://m.youm7.com/'),
(223, 2, 164, 'جابر محمد السيد ', '01065510302', 'Hammer Of Thor', 'Hammer Of Thor', '599', 1, 'EGP', 207, 'spam', '2021-12-12 12:56:08', 'https://m.youm7.com/'),
(224, 2, 496, 'محمود محمد سعد', '01024041795', 'Hammer Of Thor', 'Hammer Of Thor', '599', 1, 'EGP', 237, 'سأل ع السعر و اتخض منه قالي مش عااايز', '2021-12-12 13:56:03', 'https://m.youm7.com/'),
(225, 2, 490, 'احمدفتحي ', '0125513721', 'Hammer Of Thor', 'Hammer Of Thor', '599', 1, 'EGP', 207, 'changed his mind', '2021-12-12 14:17:29', 'https://m.youm7.com/'),
(227, 2, 501, 'يوسف أحمد عماره ', '01154596964', 'Hammer Of Thor', 'Hammer Of Thor', '599', 1, 'EGP', 237, 'wrong number', '2021-12-12 14:22:33', 'https://www.elmostaqbal.com/566474/2021/12/10/لو-معاشك-500-جنيه-هتاخد-نصف-مليون-جنيه-من-ب/'),
(228, 2, 503, 'محمد', '01032958906', 'Hammer Of Thor', 'Hammer Of Thor', '599', 1, 'EGP', 237, 'did not order', '2021-12-12 14:32:59', 'https://www.alwattan.net/'),
(229, 7, 475, 'محمد بسيوني ', '01228148804', 'Titan', 'Titan', '649', 1, 'USD', 222, 'wrong number', '2021-12-12 14:46:38', 'Not Detected'),
(230, 2, 507, 'نبيل ابراهيم حسن', '01111604999', 'Hammer Of Thor', 'Hammer Of Thor', '599', 1, 'EGP', 229, 'joke', '2021-12-12 15:04:55', 'https://m.youm7.com/story/2021/12/9/هشام-حنفى-يغازل-زوجته-بالوتر-الحساس-و-يكشف-دور-عمر/5573036'),
(231, 2, 492, 'خالد سيد عبدالحميد', '01540696100', 'Hammer Of Thor', 'Hammer Of Thor', '599', 1, 'EGP', 207, 'spam', '2021-12-12 15:17:49', 'https://m.youm7.com/'),
(232, 2, 494, 'سيد فتح الله حسن', '01556255565', 'Hammer Of Thor', 'Hammer Of Thor', '599', 1, 'EGP', 207, 'expensive', '2021-12-12 15:30:20', 'https://m.youm7.com/'),
(233, 2, 506, 'Ahmed Mohamed', '0201118947866', 'Hammer Of Thor', 'Hammer Of Thor', '599', 1, 'EGP', 207, 'expensive', '2021-12-12 15:39:43', 'https://zamalek.news/'),
(234, 7, 342, 'عصفورابراهيم رشوان', '01096047533', 'Titan', 'Titan', '649', 1, 'USD', 229, 'changed his mind', '2021-12-12 15:43:33', 'Not Detected'),
(235, 7, 222, 'مرسى محمد', '01000761010', 'Titan', 'Titan', '649', 1, 'USD', 203, 'did not order', '2021-12-12 16:07:20', 'Not Detected'),
(236, 7, 444, 'محمود حماد', '01011196111', 'Titan', 'Titan', '649', 1, 'USD', 237, 'joke', '2021-12-12 16:17:46', 'Not Detected'),
(237, 2, 493, 'سمير محمد السيد صقر ', '01200988044', 'Hammer Of Thor', 'Hammer Of Thor', '599', 1, 'EGP', 207, 'expensive', '2021-12-12 16:37:37', 'https://sport.elwatannews.com/'),
(238, 7, 474, 'محمد بسيوني  ٠١٢٢٨١٤٨٨٠٣', '01228148803', 'Titan', 'Titan', '649', 1, 'USD', 237, 'غير موجود بالخدمه	', '2021-12-12 17:58:21', 'Not Detected'),
(239, 7, 287, 'طارق', '01145753812', 'Titan', 'Titan', '649', 1, 'USD', 222, 'joke', '2021-12-12 18:13:14', 'Not Detected'),
(240, 7, 321, 'ابراهيم سيد محمد', '01281991742', 'Titan', 'Titan', '649', 1, 'USD', 222, 'wrong number', '2021-12-12 18:13:58', 'Not Detected'),
(241, 7, 101, 'وليد', '01028229059', 'Titan', 'Titan', '649', 1, 'USD', 203, 'wrong number', '2021-12-12 18:16:41', 'Not Detected'),
(242, 7, 439, 'عربي ', '01093711474', 'Titan', 'Titan', '649', 1, 'USD', 222, 'wrong number', '2021-12-12 18:18:17', 'Not Detected'),
(243, 7, 515, 'عبد اللطيف', '01021264004', 'Titan', 'Titan', '649', 1, 'USD', 224, 'changed his mind', '2021-12-12 18:33:41', 'Not Detected'),
(244, 2, 516, 'احمد صابر عمر حسن ', '01210021463', 'Hammer Of Thor', 'Hammer Of Thor', '599', 1, 'EGP', 237, 'expensive', '2021-12-12 19:17:25', 'https://m.youm7.com/story/2021/12/11/موعد-مباراة-مصر-وتونس-فى-نصف-نهائي-كأس-العرب-والقنوات/5575146'),
(245, 7, 514, 'عبدالرحمن', '01220687696', 'Titan', 'Titan', '649', 1, 'USD', 222, 'spam', '2021-12-12 19:30:07', 'Not Detected'),
(246, 2, 520, 'فتحي', '01123873435', 'Hammer Of Thor', 'Hammer Of Thor', '599', 1, 'EGP', 207, 'expensive', '2021-12-12 19:47:17', 'https://m.youm7.com/'),
(247, 7, 324, 'محمد', '01069026724', 'Titan', 'Titan', '649', 1, 'USD', 222, 'joke', '2021-12-12 20:12:06', 'Not Detected'),
(248, 2, 519, 'حازم عادل فهمى ابوعطيه', '01015194363', 'Hammer Of Thor', 'Hammer Of Thor', '599', 1, 'EGP', 238, 'wrong number', '2021-12-12 20:13:37', 'https://www.elwatannews.com/'),
(249, 2, 237, 'محمد أحمد محمود', '01123425907', 'Hammer Of Thor', 'Hammer Of Thor', '599', 1, 'EGP', 207, 'spam', '2021-12-12 20:20:45', 'https://sport.elwatannews.com/ar/1/1/899431/بيقولوا-أزمة-جديدة-للأهلي-بسبب-المونديال-ومفاجأة-كهربا-وعودة-الهارب'),
(250, 2, 380, 'محمد مدحت ', '01021540414', 'Hammer Of Thor', 'Hammer Of Thor', '599', 1, 'EGP', 207, 'expensive', '2021-12-13 13:03:38', 'https://m.youm7.com/'),
(251, 2, 267, 'شريف حسين حسين', '01050403134', 'Hammer Of Thor', 'Hammer Of Thor', '599', 1, 'EGP', 207, 'spam', '2021-12-13 13:17:36', 'https://m.youm7.com/'),
(252, 2, 351, 'طه عقيل', '01554907585', 'Hammer Of Thor', 'Hammer Of Thor', '599', 1, 'EGP', 207, 'changed his mind', '2021-12-13 13:29:52', 'https://m.youm7.com/'),
(253, 7, 528, 'محي الدين عبدالفتاح', '01116333793', 'Titan', 'Titan', '649', 1, 'USD', 222, 'wrong number', '2021-12-13 13:57:00', 'Not Detected'),
(254, 2, 546, 'سيد ابراهيم', '01141221242', 'Hammer Of Thor', 'Hammer Of Thor', '599', 1, 'EGP', 203, 'غالي وعنده 22 سنه ومكنش شايف السعر', '2021-12-13 14:21:44', 'https://m.youm7.com/'),
(255, 2, 421, 'اسلام علاء الدين ', '01066414485', 'Hammer Of Thor', 'Hammer Of Thor', '599', 1, 'EGP', 240, 'changed his mind', '2021-12-13 14:31:05', 'https://m.youm7.com/'),
(256, 4, 449, 'محمود رسلان', '01068974325', 'Garcinia', 'Garcinia', '649', 1, 'EGP', 193, 'wrong number', '2021-12-13 15:53:46', 'https://tabibby.com/'),
(257, 2, 560, 'محمد', '01551034132', 'Hammer Of Thor', 'Hammer Of Thor', '599', 1, 'EGP', 239, 'شخص مريض ', '2021-12-13 16:10:18', 'https://m.youm7.com/'),
(258, 7, 223, 'عوده سالم', '01111196023', 'Titan', 'Titan', '650', 1, 'EGP', 203, 'did not order', '2021-12-13 16:39:57', 'Not Detected'),
(259, 2, 561, 'محمد ', '01001238925', 'Hammer Of Thor', 'Hammer Of Thor', '599', 1, 'EGP', 238, 'joke', '2021-12-13 16:53:05', 'https://m.youm7.com/'),
(260, 2, 562, 'محمودحسن', '01124586225', 'Hammer Of Thor', 'Hammer Of Thor', '599', 1, 'EGP', 238, 'wrong number', '2021-12-13 17:05:00', 'https://m.youm7.com/'),
(261, 2, 460, 'ممدوح احمد فتح الله', '01007172717', 'Hammer Of Thor', 'Hammer Of Thor', '599', 1, 'EGP', 222, 'joke', '2021-12-13 17:18:06', 'https://sport.elwatannews.com/'),
(262, 7, 532, 'خالدأحمد ', '01005014771', 'Titan', 'Titan', '649', 1, 'USD', 222, 'expensive', '2021-12-13 17:44:12', 'Not Detected'),
(263, 7, 564, 'كابتن محمد', '01092224436', 'Titan', 'Titan', '649', 1, 'USD', 193, 'joke', '2021-12-13 17:47:49', 'Not Detected'),
(264, 7, 337, 'احمد محمد على', '01114286191', 'Titan', 'Titan', '649', 1, 'USD', 239, 'مغلق على طول  + مافيش واتس ', '2021-12-13 17:48:43', 'Not Detected'),
(265, 4, 537, 'احمد الفقي', '01282435705', 'Garcinia', 'Garcinia', '649', 1, 'EGP', 238, 'spam', '2021-12-13 17:55:09', 'https://www.youm7.com/story/2021/12/12/موعد-مباراة-مصر-وتونس-المقبلة-فى-نصف-نهائى-كأس-العرب/5575724'),
(266, 7, 433, 'Mohamed', '01003884566', 'Titan', 'Titan', '649', 1, 'USD', 239, 'did not order', '2021-12-13 18:01:14', 'Not Detected'),
(267, 2, 397, 'سامى السيد عبدالرحمن', '01225631186', 'Hammer Of Thor', 'Hammer Of Thor', '599', 1, 'EGP', 239, 'spam', '2021-12-13 18:03:25', 'https://m.youm7.com/'),
(268, 7, 477, 'سوزان رشدي', '01222124902', 'Titan', 'Titan', '649', 1, 'USD', 222, 'did not order', '2021-12-13 18:25:45', 'Not Detected'),
(269, 7, 292, 'حسام محمد', '01122650034', 'Titan', 'Titan', '649', 1, 'USD', 15, 'changed his mind', '2021-12-13 18:28:06', 'Not Detected'),
(270, 7, 478, 'محمد على عبد الرحمن', '01026142545', 'Titan', 'Titan', '649', 1, 'USD', 222, 'did not order', '2021-12-13 18:30:14', 'Not Detected'),
(271, 2, 568, 'حسان.محمر..حسن', '01008474381', 'Hammer Of Thor', 'Hammer Of Thor', '599', 1, 'EGP', 238, 'joke', '2021-12-13 19:02:03', 'https://m.youm7.com/'),
(272, 7, 571, 'كوكو', '01200237514', 'Titan', 'Titan', '649', 1, 'USD', 224, 'spam', '2021-12-13 19:39:23', 'Not Detected'),
(273, 2, 357, 'طارق احمد عبد الخالق إسماعيل طا', '01091419784', 'Hammer Of Thor', 'Hammer Of Thor', '599', 1, 'EGP', 207, 'changed his mind', '2021-12-13 20:12:46', 'https://m.youm7.com/'),
(274, 2, 354, 'محمدصالح', '201157229945', 'Hammer Of Thor', 'Hammer Of Thor', '599', 1, 'EGP', 207, 'changed his mind', '2021-12-13 20:29:27', 'https://www.alwattan.net/'),
(275, 7, 576, 'احمد العربى ', '01284474543', 'Titan', 'Titan', '649', 1, 'USD', 224, 'joke', '2021-12-14 13:49:09', 'Not Detected'),
(276, 7, 575, 'محمد ', '01287666592', 'Titan', 'Titan', '649', 1, 'USD', 224, 'joke', '2021-12-14 13:50:57', 'Not Detected'),
(277, 7, 574, 'هشام مصطفى أحمد علي الديب', '01224493955', 'Titan', 'Titan', '649', 1, 'USD', 224, 'changed his mind', '2021-12-14 13:58:03', 'Not Detected'),
(278, 7, 465, 'محمد', '01123952018', 'Titan', 'Titan', '649', 1, 'USD', 203, 'expensive', '2021-12-14 14:13:49', 'Not Detected'),
(279, 2, 587, 'أبو البراء الباسوسي', '01069066158', 'Hammer Of Thor', 'Hammer Of Thor', '599', 1, 'EGP', 207, 'expensive', '2021-12-14 14:42:09', 'https://www.elmostaqbal.com/567382/2021/12/14/الصحة-تسجيل-799-إصابة-جديدة-بفيروس-كورون/'),
(280, 2, 605, 'احمد', '01028313785', 'Hammer Of Thor', 'Hammer Of Thor', '599', 1, 'EGP', 224, 'wrong number', '2021-12-14 14:47:36', 'https://www.elmostaqbal.com/567247/2021/12/13/أمطار-على-هذه-المناطق-بيان-من-الأرصاد-2/'),
(281, 2, 591, 'عبدالرحيم', '01033259136', 'Hammer Of Thor', 'Hammer Of Thor', '599', 1, 'EGP', 207, 'changed his mind', '2021-12-14 14:52:04', 'https://m.youm7.com/'),
(282, 2, 594, 'مصطفى ', '01094669426', 'Hammer Of Thor', 'Hammer Of Thor', '599', 1, 'EGP', 207, 'expensive', '2021-12-14 15:16:15', 'https://m.youm7.com/'),
(283, 7, 194, 'محمود محمد شحاتة ', '01155025097', 'Titan', 'Titan', '649', 1, 'USD', 203, 'didn\'t order', '2021-12-14 15:17:57', 'Not Detected'),
(284, 2, 602, 'احمدمحمد', '01120866125', 'Hammer Of Thor', 'Hammer Of Thor', '599', 1, 'EGP', 224, 'joke', '2021-12-14 15:19:45', 'https://m.youm7.com/'),
(285, 2, 600, 'سعيد.عبدالهادي', '01285797263', 'Hammer Of Thor', 'Hammer Of Thor', '599', 1, 'EGP', 224, 'joke', '2021-12-14 15:22:53', ''),
(286, 2, 540, 'عثمان', '01121809609', 'Hammer Of Thor', 'Hammer Of Thor', '599', 1, 'EGP', 207, 'spam', '2021-12-14 15:27:32', 'https://m.youm7.com/'),
(287, 2, 596, 'سعداحمدمحمد', '01140022416', 'Hammer Of Thor', 'Hammer Of Thor', '599', 1, 'EGP', 237, 'كداب', '2021-12-14 15:34:25', 'https://m.youm7.com/story/2021/12/11/تحويلات-مرورية-بسبب-الهبوط-الأرضى-بسيدى-بشر-فى-الإسكندرية-صور/5574187'),
(288, 2, 565, 'حسام', '01062021018', 'Hammer Of Thor', 'Hammer Of Thor', '599', 1, 'EGP', 207, 'expensive', '2021-12-14 15:42:28', 'https://m.youm7.com/story/2020/1/21/مواعيد-مباريات-منتخب-مصر-فى-تصفيات-كأس-العالم-2022/4597670'),
(289, 2, 608, 'محمد حسين ', '01023289112', 'Hammer Of Thor', 'Hammer Of Thor', '599', 1, 'EGP', 240, 'قفل السكه ', '2021-12-14 16:05:18', 'https://m.youm7.com/'),
(290, 2, 495, '..', '01023344593', 'Hammer Of Thor', 'Hammer Of Thor', '599', 1, 'EGP', 207, 'changed his mind', '2021-12-14 16:25:38', 'https://www.youm7.com/'),
(291, 7, 579, 'على احمد', '01280409716', 'Titan', 'Titan', '649', 1, 'USD', 237, 'wrong number', '2021-12-14 16:48:14', 'Not Detected'),
(292, 7, 349, 'محمد محمود ', '01033996370', 'Titan', 'Titan', '649', 1, 'USD', 203, 'wrong number', '2021-12-14 16:53:19', 'Not Detected'),
(293, 7, 349, 'محمد محمود ', '01033996370', 'Titan', 'Titan', '649', 1, 'USD', 203, 'wrong number', '2021-12-14 16:53:19', 'Not Detected'),
(294, 2, 210, 'ادهم الفقد ', '01016154516', 'Hammer Of Thor', 'Hammer Of Thor', '1400', 3, 'EGP', 207, 'expensive', '2021-12-14 17:26:54', 'https://m.youm7.com/'),
(295, 2, 616, 'بيبو', '01223938385', 'Hammer Of Thor', 'Hammer Of Thor', '599', 1, 'EGP', 240, 'بيستظرف ', '2021-12-14 17:34:17', 'https://sport.elwatannews.com/'),
(296, 7, 618, 'عبدالخالق', '01030098776', 'Titan', 'Titan', '649', 1, 'USD', 222, 'joke', '2021-12-14 17:37:07', 'Not Detected'),
(297, 7, 581, 'محمود العباسى', '012753939590', 'Titan', 'Titan', '649', 1, 'USD', 237, 'spam', '2021-12-14 17:39:51', 'Not Detected'),
(298, 2, 623, 'رفعت محمد', '01006121932', 'Hammer Of Thor', 'Hammer Of Thor', '599', 1, 'EGP', 238, 'wrong number', '2021-12-14 19:07:32', 'https://m.youm7.com/'),
(299, 2, 510, 'عبد الله صبري ', '01285596027', 'Hammer Of Thor', 'Hammer Of Thor', '599', 1, 'EGP', 207, 'spam', '2021-12-14 19:42:58', 'https://m.youm7.com/'),
(300, 2, 626, 'محمد شاكر راضي', '01203784469', 'Hammer Of Thor', 'Hammer Of Thor', '599', 1, 'EGP', 193, 'joke', '2021-12-14 19:52:12', 'https://m.youm7.com/'),
(301, 2, 625, 'جمال شمس الدين شحات ', '01141452504', 'Hammer Of Thor', 'Hammer Of Thor', '599', 1, 'EGP', 193, 'joke', '2021-12-14 20:06:22', 'https://m.youm7.com/'),
(302, 2, 592, '‪hany Ahmed Iprahim', '01220202390', 'Hammer Of Thor', 'Hammer Of Thor', '599', 1, 'EGP', 207, 'expensive', '2021-12-14 20:09:27', 'https://m.youm7.com/'),
(303, 2, 604, 'محمد ', '01026459635', 'Hammer Of Thor', 'Hammer Of Thor', '599', 1, 'EGP', 224, 'joke', '2021-12-14 20:22:14', 'https://sport.elwatannews.com/'),
(304, 2, 585, 'احمد علي ', '010942315085', 'Hammer Of Thor', 'Hammer Of Thor', '599', 1, 'EGP', 207, 'spam', '2021-12-15 13:16:12', 'https://m.youm7.com/'),
(305, 2, 637, 'احمد', '01021252326', 'Hammer Of Thor', 'Hammer Of Thor', '599', 1, 'EGP', 240, 'wrong number', '2021-12-15 13:36:25', 'https://m.youm7.com/');
INSERT INTO `canceld` (`id`, `db_id`, `pending_id`, `name`, `phone`, `pname`, `prname`, `prprice`, `prpieces`, `prcurrency`, `emp_id`, `status`, `canceld_at`, `lead_from`) VALUES
(306, 2, 640, 'طلعت عطا مرقص', '01228158131', 'Hammer Of Thor', 'Hammer Of Thor', '599', 1, 'EGP', 207, 'expensive', '2021-12-15 13:39:44', 'https://d-200906734357673601.ampproject.net/'),
(307, 7, 409, 'محمد علي عبد الحميد السبكى ', '01115999999', 'Titan', 'Titan', '649', 1, 'USD', 203, 'didn\'t order', '2021-12-15 14:50:33', 'Not Detected'),
(308, 7, 647, ' على سعدى ربيع', '01152643237', 'Titan', 'Titan', '649', 1, 'USD', 239, 'expensive', '2021-12-15 15:36:29', 'Not Detected'),
(309, 2, 633, 'برهيم', '01011516217', 'Hammer Of Thor', 'Hammer Of Thor', '599', 1, 'EGP', 237, 'did not order', '2021-12-15 15:37:57', 'https://www.youm7.com/'),
(310, 2, 635, 'شهاب', '01003516660', 'Hammer Of Thor', 'Hammer Of Thor', '599', 1, 'EGP', 237, 'تهرب', '2021-12-15 15:46:04', 'Not Detected'),
(311, 7, 645, 'محمود صالح ', '01124446625', 'Titan', 'Titan', '649', 1, 'USD', 229, 'expensive', '2021-12-15 16:02:11', 'Not Detected'),
(312, 7, 646, 'حسام محسن', '01114116116', 'Titan', 'Titan', '649', 1, 'USD', 229, 'joke', '2021-12-15 16:05:04', 'Not Detected'),
(313, 7, 650, 'صابراحمد', '01016314724', 'Titan', 'Titan', '649', 1, 'USD', 237, 'joke', '2021-12-15 16:22:35', 'Not Detected'),
(314, 7, 651, 'رامي ارنست بولس', '01281771929', 'Titan', 'Titan', '649', 1, 'USD', 237, 'expensive', '2021-12-15 16:28:23', 'Not Detected'),
(315, 7, 722, 'الحاج محمد الزواوى', '01004027696', 'Titan', 'Titan', '649', 1, 'USD', 237, 'did not order', '2021-12-15 16:58:01', 'Not Detected'),
(316, 2, 632, 'ياسر فوزي احمد يوسف', '01066169550', 'Hammer Of Thor', 'Hammer Of Thor', '599', 1, 'EGP', 237, 'expensive', '2021-12-15 17:41:28', 'https://m.youm7.com/'),
(317, 2, 659, 'السعيد إبراهيم حسين خليل', '01064909244', 'Hammer Of Thor', 'Hammer Of Thor', '599', 1, 'EGP', 238, 'joke', '2021-12-15 17:55:58', ''),
(318, 2, 661, 'احمد صفوت', '01023182185', 'Hammer Of Thor', 'Hammer Of Thor', '599', 1, 'EGP', 238, 'joke', '2021-12-15 18:07:43', 'https://m.youm7.com/story/2021/12/15/صرف-تعويضات-لـ120-أسرة-بمسار-توسعة-شارع-حسين-كامل-فى/5579943'),
(319, 2, 555, 'Marwan Farouk', '01223309993', 'Hammer Of Thor', 'Hammer Of Thor', '599', 1, 'EGP', 238, 'wrong number', '2021-12-15 18:09:00', 'https://www.youm7.com/'),
(320, 2, 641, 'احمد خالد عبدالتواب', '01021313528', 'Hammer Of Thor', 'Hammer Of Thor', '599', 1, 'EGP', 207, 'changed his mind', '2021-12-15 18:35:29', 'https://m.youm7.com/'),
(321, 2, 628, 'شمس', '01227487794', 'Hammer Of Thor', 'Hammer Of Thor', '599', 1, 'EGP', 237, 'did not order', '2021-12-15 18:44:50', 'https://m.youm7.com/'),
(322, 8, 727, ' محمد السيد الغرباوي', '01007529483', 'Xtraman', 'Xtraman', '649', 1, 'EGP', 240, 'did not order', '2021-12-15 18:59:37', ''),
(323, 2, 636, 'صبحى عبدالعزيز ', '01122093790', 'Hammer Of Thor', 'Hammer Of Thor', '599', 1, 'EGP', 237, 'joke', '2021-12-15 19:10:37', 'https://m.youm7.com/'),
(324, 2, 629, 'حسين عبدالحي محمد', '01000309939', 'Hammer Of Thor', 'Hammer Of Thor', '599', 1, 'EGP', 237, 'تهرب', '2021-12-15 19:17:52', 'https://m.youm7.com/'),
(325, 2, 642, 'محمد ', '01000124162', 'Hammer Of Thor', 'Hammer Of Thor', '599', 1, 'EGP', 207, 'did not order', '2021-12-15 19:21:33', 'https://m.youm7.com/'),
(326, 2, 589, 'ل', '01000366680', 'Hammer Of Thor', 'Hammer Of Thor', '599', 1, 'EGP', 207, 'spam', '2021-12-15 19:24:26', 'https://m.youm7.com/'),
(327, 2, 593, 'شوقى محمد السيد', '01009496214', 'Hammer Of Thor', 'Hammer Of Thor', '599', 1, 'EGP', 207, 'changed his mind', '2021-12-15 19:26:26', 'https://m.youm7.com/'),
(328, 2, 547, 'اسد', '01007523651', 'Hammer Of Thor', 'Hammer Of Thor', '599', 1, 'EGP', 207, 'spam', '2021-12-15 19:28:28', 'https://www.alrakia.com/'),
(329, 2, 542, 'طارق أحمد', '01026292595', 'Hammer Of Thor', 'Hammer Of Thor', '599', 1, 'EGP', 207, 'changed his mind', '2021-12-15 19:30:40', 'https://m.youm7.com/story/2021/12/7/فتنوا-على-بعض-نيابة-فاقوس-تطلب-تحريات-حول-مصادر-جمع/5569487'),
(330, 2, 269, 'Ateèffsalah', '01285525918', 'Hammer Of Thor', 'Hammer Of Thor', '650', 1, 'EGP', 207, 'changed his mind', '2021-12-15 19:41:21', 'https://m.youm7.com/'),
(331, 7, 578, 'محمود العباسى', '01275393959', 'Titan', 'Titan', '649', 1, 'USD', 237, 'expensive', '2021-12-15 19:55:29', 'Not Detected');

--
-- Triggers `canceld`
--
DELIMITER $$
CREATE TRIGGER `after_canceld_insert` AFTER INSERT ON `canceld` FOR EACH ROW REPLACE INTO sales_history(emp_id,order_id,action,comment,created_at) VALUES(NEW.emp_id,NEW.pending_id,'cancel',NEW.status,NEW.canceld_at)
$$
DELIMITER ;

-- --------------------------------------------------------

--
-- Table structure for table `databases_connections`
--

CREATE TABLE `databases_connections` (
  `id` int(11) NOT NULL,
  `db_name` varchar(100) COLLATE utf8_unicode_ci NOT NULL,
  `db_table` varchar(50) COLLATE utf8_unicode_ci NOT NULL,
  `db_user` varchar(100) COLLATE utf8_unicode_ci NOT NULL,
  `db_password` varchar(200) COLLATE utf8_unicode_ci NOT NULL,
  `network_ads` varchar(200) COLLATE utf8_unicode_ci NOT NULL,
  `landing_url` varchar(300) COLLATE utf8_unicode_ci NOT NULL,
  `prname` varchar(100) COLLATE utf8_unicode_ci NOT NULL,
  `prprice` float NOT NULL,
  `prcurrency` varchar(10) COLLATE utf8_unicode_ci NOT NULL,
  `comment` varchar(200) COLLATE utf8_unicode_ci DEFAULT NULL,
  `created_at` timestamp NOT NULL DEFAULT current_timestamp() ON UPDATE current_timestamp()
) ENGINE=InnoDB DEFAULT CHARSET=utf8 COLLATE=utf8_unicode_ci;

--
-- Dumping data for table `databases_connections`
--

INSERT INTO `databases_connections` (`id`, `db_name`, `db_table`, `db_user`, `db_password`, `network_ads`, `landing_url`, `prname`, `prprice`, `prcurrency`, `comment`, `created_at`) VALUES
(1, 'healthy_pysillium', 'sales', 'healthy_cure', 'healthycure112#', 'Po / Sp', 'https://medical-healthy.info/pysillium/pysillium5/', 'Pysillium', 649, 'EGP', '', '2021-11-17 23:23:16'),
(2, 'healthy_hammer', 'sales', 'healthy_cure', 'healthycure112#', 'Po / Sp', 'https://medical-healthy.info/thor/hammer9', 'Hammer Of Thor', 599, 'EGP', '', '2021-11-20 11:51:00'),
(3, 'healthy_capsule', 'sales', 'healthy_cure', 'healthycure112#', 'Po / Sp', 'https://medical-healthy.info/spirulinacapsule/m/spirulinacapsule1/', 'Spirulina Capsule', 599, 'EGP', '', '2021-11-19 23:59:33'),
(4, 'healthy_garcinia', 'sales', 'healthy_cure', 'healthycure112#', 'Po / Sp', 'https://medical-healthy.info/garcinia/garcinia7/', 'Garcinia', 649, 'EGP', '', '2021-11-20 00:00:43'),
(5, 'healthy_goji', 'sales', 'healthy_cure', 'healthycure112#', 'Po / Sp', 'https://medical-healthy.info/goji/m/goji2/', 'Goji', 649, 'USD', '', '2021-11-20 00:01:28'),
(6, 'healthy_powder', 'sales', 'healthy_cure', 'healthycure112#', 'Po / Ps', 'https://medical-healthy.info/spirulinapowder/m/powder1/', 'Spirulina Powder', 649, 'EGP', '', '2021-11-20 00:11:23'),
(7, 'healthy_titan', 'sales', 'healthy_cure', 'healthycure112#', 'Po / Sp', 'https://medical-healthy.info/titan/m/titan1/', 'Titan', 649, 'USD', '', '2021-11-20 00:12:22'),
(8, 'healthy_xtraman', 'sales', 'healthy_cure', 'healthycure112#', 'Po / Sp', 'https://medical-healthy.info/xtraman/xtraman10/', 'Xtraman', 649, 'EGP', '', '2021-11-20 00:13:11');

-- --------------------------------------------------------

--
-- Table structure for table `inventory`
--

CREATE TABLE `inventory` (
  `id` int(11) NOT NULL,
  `name` varchar(100) COLLATE utf8_unicode_ci NOT NULL,
  `created_at` datetime NOT NULL,
  `updated_at` datetime NOT NULL
) ENGINE=InnoDB DEFAULT CHARSET=utf8 COLLATE=utf8_unicode_ci;

-- --------------------------------------------------------

--
-- Table structure for table `orderd`
--

CREATE TABLE `orderd` (
  `id` int(11) NOT NULL,
  `db_id` int(11) DEFAULT NULL,
  `pending_id` int(11) DEFAULT NULL,
  `name` varchar(210) NOT NULL,
  `phone` varchar(50) NOT NULL,
  `pname` varchar(100) NOT NULL,
  `prname` varchar(100) NOT NULL,
  `prpieces` int(11) NOT NULL,
  `prprice` float NOT NULL,
  `prcurrency` varchar(100) NOT NULL,
  `emp_id` int(11) DEFAULT NULL,
  `address` varchar(210) NOT NULL,
  `city` varchar(50) NOT NULL,
  `doo` date NOT NULL,
  `dod` date NOT NULL,
  `tod` varchar(30) DEFAULT NULL,
  `wod` varchar(15) NOT NULL,
  `status` tinyint(4) NOT NULL DEFAULT 0,
  `comment` varchar(250) DEFAULT NULL,
  `created_at` timestamp NOT NULL DEFAULT current_timestamp() ON UPDATE current_timestamp(),
  `lead_from` varchar(255) DEFAULT NULL
) ENGINE=InnoDB DEFAULT CHARSET=utf8;

--
-- Dumping data for table `orderd`
--

INSERT INTO `orderd` (`id`, `db_id`, `pending_id`, `name`, `phone`, `pname`, `prname`, `prpieces`, `prprice`, `prcurrency`, `emp_id`, `address`, `city`, `doo`, `dod`, `tod`, `wod`, `status`, `comment`, `created_at`, `lead_from`) VALUES
(1, 2, 29, 'عصام', '01007237121 ', 'Hammer Of Thor', 'Hammer Of Thor', 1, 650, 'EGP', 238, 'محافظه المنيا ابوهلال جامع عمر بن الخطاب ش محمد عبد العزيز  عماره 28 ', 'Minya', '2021-12-04', '2021-12-04', '6:00 PM', 'express', 0, 'حالا', '2021-12-04 13:24:18', 'https://prices-today.net/'),
(2, 2, 19, 'talaat', '01024011596 ', 'Hammer Of Thor', 'Hammer Of Thor', 1, 650, 'EGP', 238, 'القاهره  مدينة السلام ش جمال عبد الناصر ش المرسيدس ', 'Cairo', '2021-12-04', '2021-12-04', '6:00 PM', 'express', 0, 'حالا', '2021-12-04 13:33:44', 'https://m.youm7.com/'),
(3, 1, 32, 'إيناس ', '01025547292   01030678683', 'Pysillium', 'Pysillium', 4, 1500, 'EGP', 238, 'القاهره ش جسر السويس  منطقة الاربعين  بجانب كافيه قهوتنا عماره 20  فوق هيبر 1', 'Cairo', '2021-12-04', '2021-12-04', '6:00 PM', 'express', 0, 'حالا', '2021-12-04 14:34:03', 'https://gate.ahram.org.eg/'),
(4, 1, 35, 'Mona Wagdy ', '01223288825', 'Pysillium', 'Pysillium', 1, 650, 'EGP', 238, '5 شارع شمس الدين الذهبي ارض الجولف مصر الجديده ', 'Cairo', '2021-12-04', '2021-12-04', '6:00 PM', 'express', 0, 'حالا', '2021-12-04 14:53:05', 'https://www.mobtada.com/'),
(5, 1, 36, 'نهله العايدي', '01005733111 01111650257', 'Pysillium', 'Pysillium', 5, 2000, 'EGP', 238, '٢٦ ش عدنان المدنى احمد عرابي المهندسين برج ١ دور ٣ شقه ٣٠٣', 'Giza', '2021-12-04', '2021-12-04', '6:00 PM', 'express', 0, 'حالا', '2021-12-04 15:11:08', 'https://m.youm7.com/'),
(6, 1, 42, 'هبه السيد', '01114083502', 'Pysillium', 'Pysillium', 1, 700, 'EGP', 238, 'القاهره الجديده التجمع الثالث المحليه التانيه المنطقه الرابعه عماره رقم ٣ شقه ٢٥', 'Cairo', '2021-12-04', '2021-12-04', '6:00 PM', 'express', 0, 'حالا', '2021-12-04 15:35:29', 'https://m.youm7.com/'),
(7, 1, 43, 'اسماءورداني عبدالراضي', '01000592731 01023239820', 'Pysillium', 'Pysillium', 6, 2000, 'EGP', 238, 'ديرمواس المنيا ش للمركز منزل رقم 17  امام صيدلية ماجده منزل دكتور محمود عبد البديع ', 'Minya', '2021-12-04', '2021-12-04', '6:00 PM', 'express', 0, 'حالا', '2021-12-04 15:53:11', 'https://m.youm7.com/'),
(8, 2, 15, 'محمود السيد', '01202563861', 'Hammer Of Thor', 'Hammer Of Thor', 1, 650, 'EGP', 238, 'سوهاج شارع جهينة عماره 5  الدور2 بجانب جامع يوسف ', 'Sohag', '2021-12-04', '2021-12-04', '6:00 PM', 'express', 0, 'حالا\n', '2021-12-04 16:24:10', 'https://m.youm7.com/story/2015/10/5/للرجال-لا-يوجد-مستحضر-طبى-قادر-على-زيادة-حجم-العضو/2374420'),
(9, 2, 25, 'طارق عمر', '01125024893', 'Hammer Of Thor', 'Hammer Of Thor', 3, 1000, 'EGP', 238, 'مدينة نصر  شارع حسين فهمى  فيلا 5 القاهره ', 'Cairo', '2021-12-04', '2021-12-04', '6:00 PM', 'express', 0, 'حالا', '2021-12-04 16:44:02', 'https://www.sudaninet.net/'),
(10, 2, 20, 'Mohamed Ashraf Refaat', '01284032803', 'Hammer Of Thor', 'Hammer Of Thor', 1, 650, 'EGP', 238, '15شارع 1  مدينتى  بجانب الحديقه اليبانيه الدور 5  شقه 15  مدينة حلوان  القاهره', 'Cairo', '2021-12-04', '2021-12-04', '6:00 PM', 'express', 0, 'حالا', '2021-12-04 17:07:15', 'https://m.youm7.com/'),
(11, 2, 47, 'عمادطاحون', '01001342241', 'Hammer Of Thor', 'Hammer Of Thor', 3, 1100, 'EGP', 207, 'القاهرة مدينه الشروق 1  بجواركارفورالشروق ', 'Cairo', '2021-12-04', '2021-12-04', '5:00 PM', 'express', 0, 'يصل الان 4/12 وهيستلم 3 هامر ب 1100', '2021-12-04 17:37:58', 'https://m.youm7.com/'),
(12, 2, 41, 'أحمد جمال محمد ناصر', '01270545123', 'Hammer Of Thor', 'Hammer Of Thor', 1, 650, 'EGP', 238, 'بورسعيد عند صيدلية أبو الغيط في اوجينا ومحمد علي', 'Port Said', '2021-12-04', '2021-12-04', '6:00 PM', 'express', 0, 'حالا', '2021-12-04 18:03:37', 'https://m.youm7.com/'),
(13, 2, 13, 'محمود محمد خالد ', '01148846088 ', 'Hammer Of Thor', 'Hammer Of Thor', 6, 2000, 'EGP', 238, 'اسوان/مركز كوم أمبو- مربعات شركة وادى كوم امبو بجوار مسجد الزهراء ', 'Aswan', '2021-12-04', '2021-12-04', '6:00 PM', 'express', 0, 'حالا', '2021-12-04 18:18:58', 'https://m.youm7.com/'),
(14, 2, 22, 'محمد احمد المحلاوي', '01223995684', 'Hammer Of Thor', 'Hammer Of Thor', 1, 650, 'EGP', 238, 'اسكندريه سموحه عمارة الشرطه الدور 5 ', 'Alexandria', '2021-12-04', '2021-12-04', '6:00 PM', 'express', 0, 'حالا', '2021-12-04 18:40:25', 'https://m.elwatannews.com/'),
(15, 2, 24, 'Emad  Mohady Abd gany        r', '01010336088', 'Hammer Of Thor', 'Hammer Of Thor', 3, 1000, 'EGP', 238, ' منشية الصدر برج الرحمن شارع السيل  قبل كوبرى القبه  القاهره ', 'Cairo', '2021-12-04', '2021-12-04', '6:00 PM', 'express', 0, 'حالا', '2021-12-04 18:58:08', 'https://m.youm7.com/'),
(16, 2, 27, 'هشام ربيع رمضان', '01150526194 ', 'Hammer Of Thor', 'Hammer Of Thor', 1, 650, 'EGP', 238, '58 تفسيم المستقبل الهضبة الوسطى المقطم الدور 1 شقه 1', 'Cairo', '2021-12-04', '2021-12-04', '6:00 PM', 'express', 0, 'حالا', '2021-12-04 19:09:58', 'https://m.youm7.com/'),
(17, 2, 28, 'الحسين ', '01092008801', 'Hammer Of Thor', 'Hammer Of Thor', 1, 650, 'EGP', 238, 'اسكندرية  سموحه حى المهندسين عماره القضاه الدور 12 ', 'Alexandria', '2021-12-04', '2021-12-05', '1:00 PM', 'express', 0, 'الاحد', '2021-12-04 19:13:56', 'https://www.christian-dogma.com/'),
(18, 2, 31, 'ابراهيم سيف', '01023479014', 'Hammer Of Thor', 'Hammer Of Thor', 1, 650, 'EGP', 238, 'عزبة النخل الشرقيه سنتر شاهين  ش الترعه  القاهره ', 'Cairo', '2021-12-04', '2021-12-05', '1:00 AM', 'express', 0, 'حالا', '2021-12-04 19:20:27', 'https://www.elmostaqbal.com/564820/2021/12/04/هاني-الناظر-يضع-روشتة-لمرضى-الحساسية-و/'),
(19, 2, 49, 'حسن محمد حسن عبد السلام ', '01064525559', 'Hammer Of Thor', 'Hammer Of Thor', 3, 1400, 'EGP', 207, 'الجيزة فيصل الطالبية 5ش الكابتن فارس ميدان الساعه عند كشرى جحى المجنون', 'Giza', '2021-12-04', '2021-12-04', '7:00 PM', 'express', 0, 'يصل الان 4/12 وهيستلم 3 هامر ب 1400', '2021-12-04 19:44:52', 'https://m.youm7.com/'),
(20, NULL, 53, 'محمود محمد', '01000180778', 'Hammer Of Thor', 'Hammer Of Thor', 10, 4000, 'EGP', 238, 'الحى الاول مجاوره 7 اكتوبر  عماره 10449 الدور 1 شقه 1/ او على عنوان بنى سويف ', 'Beni Suef', '2021-12-04', '2021-12-04', '6:00 PM', 'express', 0, 'حااااااااالا', '2021-12-04 20:19:28', ''),
(21, 2, 63, 'عباس حسن شلبى', '01028009979', 'Hammer Of Thor', 'Hammer Of Thor', 1, 650, 'EGP', 207, 'الدقهلية المنصورة 16 شارع جامع الاسراء مدينة مبارك بعد كارفور بشارع على الناصية محل عطارة وليد', 'Dakahlia', '2021-12-05', '2021-12-05', '3:00 PM', 'express', 0, 'يصل الان 5/12 وهيستلم عبوة هامر ب 650', '2021-12-05 14:26:53', 'Not Detected'),
(22, 2, 81, 'مناف مصطفى يوسف', '01141669164', 'Hammer Of Thor', 'Hammer Of Thor', 3, 1250, 'EGP', 207, 'الجيزة الهرم شارع مصطفى خليل النحاس عقار رقم ٩ الدور الأول فوق الدور الأرضي شقة رقم ٨', 'Giza', '2021-12-05', '2021-12-05', '3:00 PM', 'express', 0, 'يصل الان 5/12 وهيستلم 3 هامر ب 1250', '2021-12-05 15:28:35', 'https://khaleejinews.net/news39606.html'),
(23, 1, 76, 'صبري جسن حسنين', '01001612070  01002687513', 'Pysillium', 'Pysillium', 2, 1000, 'EGP', 238, 'الجيزة /الهرم 27 ش الزريقي من العمدة القديم / الكوم الاخضر ', 'Giza', '2021-12-05', '2021-12-05', '6:00 PM', 'express', 0, 'حالا', '2021-12-05 15:54:17', 'https://gate.ahram.org.eg/'),
(24, 1, 79, 'محمود ', '01064155122 01050006027', 'Pysillium', 'Pysillium', 6, 2000, 'EGP', 238, 'العاشر من رمضان  الشرقيه مجاوره 2 فيلا 51 فيلا اشرف عطيه ', 'Sharqia', '2021-12-05', '2021-12-05', '6:00 PM', 'express', 0, 'حالا', '2021-12-05 17:43:48', 'Not Detected'),
(25, 1, 86, 'طارق شحاته', '01001067571 / 01125257583', 'Pysillium', 'Pysillium', 3, 1000, 'EGP', 207, 'الجيزة الهرم 13 شارع شعبان شلبي الاريزونا امام فندق اوروبا ', 'Giza', '2021-12-05', '2021-12-05', '5:00 PM', 'express', 0, 'يصل الان 5/12 وهتستلم 3 بيسيليام ب 1000', '2021-12-05 18:47:26', 'https://honna.elwatannews.com/'),
(26, 2, 73, 'حسين سعد محمد', '01001997338', 'Hammer Of Thor', 'Hammer Of Thor', 6, 2000, 'EGP', 238, 'بولاق الدكرو الجيزة  شارع ترعة زنين بجوار صيدلية غزلان ', 'Giza', '2021-12-05', '2021-12-05', '6:00 PM', 'express', 0, 'حالا', '2021-12-05 19:18:28', 'https://m.youm7.com/'),
(27, 2, 72, 'محمد السيد', '01125014284', 'Hammer Of Thor', 'Hammer Of Thor', 1, 650, 'EGP', 238, 'الزقازيق شرقية ش محطة القطار ', 'Sharqia', '2021-12-05', '2021-12-06', '1:00 PM', 'express', 0, 'غدا', '2021-12-05 19:28:24', 'https://m.elwatannews.com/news/details/5501695'),
(28, 2, 65, 'احمد محمد احمد', '01221230225', 'Hammer Of Thor', 'Hammer Of Thor', 1, 650, 'EGP', 238, 'الوادي الجديد الخارجه  حى البساتين ', 'New Valley', '2021-12-05', '2021-12-05', '6:00 PM', 'express', 0, 'حالا', '2021-12-05 19:33:06', 'https://m.youm7.com/'),
(29, 2, 66, 'سمير محمد غنيم', '01090022464 0453321290', 'Hammer Of Thor', 'Hammer Of Thor', 3, 1000, 'EGP', 238, 'مصر محافظه البحيرتين دمنهور ش عمر مكرم منزل١٣ امام مسجد الفتح  منزل سمير غنيم', 'Beheira', '2021-12-05', '2021-12-05', '6:00 PM', 'express', 0, 'حالا', '2021-12-05 19:38:20', 'https://m.youm7.com/story/2021/12/4/البرهان-لن-أترشح-لرئاسة-السودان-ومهمتي-تنتهي-بانتهاء-الفترة-الانتقالية/5564668'),
(30, 2, 67, 'عمرو الجزار', '01125503099', 'Hammer Of Thor', 'Hammer Of Thor', 1, 650, 'EGP', 238, ' شارع احمد عصمت عين شمس القاهره ', 'Cairo', '2021-12-05', '2021-12-05', '8:00 PM', 'express', 0, 'حالا', '2021-12-05 19:43:19', 'https://m.youm7.com/'),
(31, 2, 88, 'ابو احمد', '0201000594401', 'Hammer Of Thor', 'Hammer Of Thor', 3, 1000, 'EGP', 207, 'الجيزة الهرم فيصل محطة التعاون شارع الشهيد حسن حلمى على الناصية عطور ابو ابراهيم وكافية مزاجك البيت رقم 5', 'Giza', '2021-12-05', '2021-12-06', '3:00 PM', 'express', 0, 'يصل غدا 5/12 وهيستلم  2 عبوة هامر + 1 تيتان ب 1000', '2021-12-05 19:45:15', 'https://www.elwatannews.com/'),
(32, 2, 68, 'احمد سليمان حسن ابراهيم', '01094430410', 'Hammer Of Thor', 'Hammer Of Thor', 1, 650, 'EGP', 238, 'البيضاء مركز تمي الامديد دقهليه بجانب الجامع الكبير ', 'Dakahlia', '2021-12-05', '2021-12-06', '6:00 PM', 'express', 0, 'حالا', '2021-12-05 19:46:56', 'https://m.youm7.com/'),
(33, 2, 71, 'احمدعبد الرحمن', '01149956328', 'Hammer Of Thor', 'Hammer Of Thor', 3, 1000, 'EGP', 238, 'اسوان_دراو _نجع ونس البيت بجانب المزلقان ', 'Aswan', '2021-12-05', '2021-12-05', '6:00 PM', 'express', 0, 'حالا', '2021-12-05 19:56:14', 'https://m.youm7.com/'),
(34, 2, 89, 'السيد', '01097824140', 'Hammer Of Thor', 'Hammer Of Thor', 6, 1800, 'EGP', 207, 'مدينتى المنطقة السادسة  مجموعة 62 عمارة 37 شقة 43 بالقرب من الحركة الاتوبيسات', 'Cairo', '2021-12-05', '2021-12-05', '7:00 PM', 'express', 0, 'يصل الان 5/12 وهيستلم 5 اكسترا مان + 1 هامر ب 1800', '2021-12-05 20:21:47', 'https://www.elwatannews.com/'),
(35, 7, 92, 'essam ', '01091847428  عصام محمد جمعه ', 'Titan', 'Titan', 4, 1500, 'USD', 224, 'محافظه المنيا مغاغه منشيه المصري بجوار مسجد ناصر ', 'Minya', '2021-12-05', '2021-12-05', '8:00 PM', 'none', 0, 'توصيل اليوم الساعه 8 م ', '2021-12-05 20:33:07', 'Not Detected'),
(36, 2, 120, 'amr Elsohagy', '01000381211', 'Hammer Of Thor', 'Hammer Of Thor', 3, 1100, 'EGP', 207, ' طريق مصر اسكندرية الصحراوى بجوار شركة حازم حسن منتجع دار المنى للعلاج الطبيعي-الشيخ زايد', 'Giza', '2021-12-06', '2021-12-06', '1:00 PM', 'express', 0, 'يصل الان 6/12 وهيستلم 3 هامر ب 1100', '2021-12-06 14:04:56', 'https://sport.elwatannews.com/'),
(37, 2, 114, 'عادل حسين', '01143468888   ', 'Hammer Of Thor', 'Hammer Of Thor', 3, 1200, 'EGP', NULL, 'فيلا ٣٠ التجمع الخامس الحي الاول المنطقة السادسة أمام المدرسة الكورية', 'Cairo', '2021-12-06', '2021-12-06', '4:00 PM', 'express', 0, 'الاتنين من 4 الى 6 \n3 HAMMER ', '2021-12-06 14:13:42', 'https://sport.elwatannews.com/'),
(38, 7, 108, 'احمد شاكر', '01150347855', 'Titan', 'Titan', 2, 1050, 'EGP', 222, 'حلوان الطريق الجيش بوابة حلوان ', 'Cairo', '2021-12-06', '2021-12-06', '11:00 AM', 'express', 0, 'الثلاثاء ', '2021-12-06 14:15:51', 'Not Detected'),
(40, 2, 132, 'osama', '01024166046', 'Hammer Of Thor', 'Hammer Of Thor', 3, 1200, 'EGP', 237, 'الجيزة 31 شارع السكري - بين السرايات - الدقي - بجوار رئاسة حي الدقي ', 'Cairo', '2021-12-06', '2021-12-06', '4:00 PM', 'express', 0, 'اسامه عبد الرحمن السيد ', '2021-12-06 14:31:50', 'https://www.koratop.com/'),
(41, 2, 139, 'ahmed hamdy', '01007777093', 'Hammer Of Thor', 'Hammer Of Thor', 6, 2000, 'EGP', 238, 'مبنى الداون تاون شارع التسعين الدور الثالث مبنى f3 التجمع الخامس القاهره', 'Cairo', '2021-12-06', '2021-12-06', '6:00 PM', 'express', 0, 'حالا', '2021-12-06 14:37:25', 'https://medical-healthy.info/thor/hammer17/?spcid=sc2-NjE4NjMsNTIyNywwLDE1Ny4xNjcuODEuMTgwLGRkNTQ3YjBkLTAwZGQtMTFlYy05YjdiLWUyZjVkMGI5OTc0MSwxMDc3MDFhYS01NjZjLTExZWMtYjI5Mi0yYTg4M2E1NmFjYmEsMA==&utm_source=Speakol_Ads&utm_medium=referral'),
(42, 2, 135, 'سعيد', '01223536792', 'Hammer Of Thor', 'Hammer Of Thor', 4, 1600, 'EGP', 237, 'مدينة السادات- منوفيه- المنطقه التالته - خلف المدرسة التجريبي - عمارة 213 ', 'Monufia', '2021-12-06', '2021-12-06', '4:00 PM', 'express', 0, 'سعيد عبد الغني علي ', '2021-12-06 14:42:54', 'https://www.elmostaqbal.com/565412/2021/12/06/دار-الإفتاء-تردّ-على-محمد-صلاح-بشأن-تحر/'),
(43, 2, 131, 'محمدربيع عبدالعزيز جاد', '0201110533744', 'Hammer Of Thor', 'Titan', 4, 1600, 'EGP', 237, 'كوم امبو- مربعات شركة وادي - منزل 22 - شقه 6 - اسوان', 'Aswan', '2021-12-06', '2021-12-06', '4:00 PM', 'express', 0, '', '2021-12-06 14:54:13', 'https://m.youm7.com/'),
(44, 7, 112, 'سعيد محمد سليم', '01003093492 ', 'Titan', 'Titan', 1, 700, 'USD', 224, 'الغردقه السقاله بجوار صيدليه عابدين عند ميدان العروسه ', 'Ghardqa', '2021-12-06', '2021-12-06', '2:00 PM', 'none', 0, ' توصيل  اليوم الساعه 2 م ', '2021-12-06 14:56:05', 'Not Detected'),
(45, 2, 147, 'ربيع محمد', '01005447853', 'Hammer Of Thor', 'Hammer Of Thor', 3, 1200, 'EGP', 15, 'المنيا ش 6 اكتوبر كفر المنصوره  المعتصم ماركت', 'Minya', '2021-12-06', '2021-12-06', '5:07 PM', 'express', 0, '3 ب 1200ج النهاردة', '2021-12-06 15:20:27', 'https://www.light-dark.net/t1986369/منع-التوريث-أول-مسودة-لتعديل-قانون-الإيجار-القديم/index.html'),
(46, 2, 124, 'ايمن عبد الفتاح محمد', '201002833206', 'Hammer Of Thor', 'Hammer Of Thor', 3, 1000, 'EGP', 207, 'القاهرة التجمع الخامس شارع التسعين شركه الغازات البتروليه بتروجاس بجوار بنك مصر', 'Cairo', '2021-12-06', '2021-12-07', '10:00 AM', 'express', 0, 'يصل غدا 7/12 وهيستلم 3 هامر ب 1000', '2021-12-06 15:26:34', 'https://m.youm7.com/'),
(47, 7, 110, 'يوسف عبده', '01559130699', 'Titan', 'Titan', 2, 1100, 'EGP', 222, 'العجمى البيطاش اسكندرية عمارة حلوانى شهد الملكة ', 'Alexandria', '2021-12-06', '2021-12-06', '1:37 PM', 'express', 0, '', '2021-12-06 15:40:24', 'Not Detected'),
(48, 2, 125, 'مينا عاطف ', '01024704295    /     01285054543', 'Hammer Of Thor', 'Hammer Of Thor', 3, 1100, 'EGP', 207, 'القاهرة مدينة نصر شارع مصطفى النحاس عند مطعم عز المنوفى الكباجى ', 'Cairo', '2021-12-06', '2021-12-06', '3:00 PM', 'express', 0, 'يصل الان 6/12 وهيستلم 3 هامر ب 1100', '2021-12-06 15:42:55', 'https://m.youm7.com/'),
(49, 2, 127, 'عمر السيد عبد المجيد عيسى ', '01015804311   / 01116869679', 'Hammer Of Thor', 'Hammer Of Thor', 3, 1100, 'EGP', 207, 'الدقهلية المنصورة قرية  تلبانة عند مسجد النصر', 'Dakahlia', '2021-12-06', '2021-12-06', '3:00 PM', 'express', 0, 'يصل الان 6/12 وهيستلم 3 هامر ب 1100', '2021-12-06 16:23:58', 'https://m.elwatannews.com/news/details/5836258'),
(50, 2, 153, 'ايمن ركابي عبد الرحمن', '01008310211', 'Hammer Of Thor', 'Hammer Of Thor', 1, 650, 'EGP', 203, 'اسوان  السيل الجديد  عماره 34 بجوار جامع البحر ', 'Aswan', '2021-12-06', '2021-12-08', '7:30 PM', 'express', 0, 'يوصل  الاربعاء  الساعه 8 م يكلمه ينسق معاه الاول ', '2021-12-06 16:32:41', 'https://www.youm7.com/'),
(51, 2, 152, 'مجدى خيرى', '01050592153 ', 'Hammer Of Thor', 'Hammer Of Thor', 1, 650, 'EGP', NULL, 'الزقازيق شرقية ميدان عربي ', 'Sharqia', '2021-12-06', '2021-12-06', '4:00 PM', 'express', 0, 'الاتنين من 4 الى 6 \n 1 HAMMER', '2021-12-06 16:34:36', 'https://www.youm7.com/'),
(52, 7, 95, 'اسماعيل احمد', ' 01100836929', 'Titan', 'Titan', 2, 1050, 'EGP', 222, 'شبرا الخيمه الشارع الجديد  قبل طالعة كبري السواح بجوار شركة دلتا للحديد و الصلب ', 'Qalyubia', '2021-12-06', '2021-12-06', '12:00 PM', 'express', 0, '01022348804  01100836929', '2021-12-06 17:01:40', 'Not Detected'),
(53, 7, 155, 'سيد.محمد.محمود', '01117283400 ', 'Titan', 'Titan', 5, 1600, 'USD', 224, 'محافظه اسيوط قريه الشغبه بعد اسيوط بعشره كيلو بجوار الدكتور ديفيد ', 'Asyout', '2021-12-06', '2021-12-06', '5:00 PM', 'none', 0, 'توصيل اليوم الساعه 5 م ', '2021-12-06 17:02:51', 'Not Detected'),
(54, 2, 145, 'ابراهيم امبابي ابراهيم', '01211496784', 'Hammer Of Thor', 'Hammer Of Thor', 1, 630, 'EGP', 203, 'القاهره  وسط البلد ابو النمرس امام كوبري بيومي ', 'Cairo', '2021-12-06', '2021-12-07', '7:30 PM', 'express', 0, 'يوصل بكره  من الساعه 1 ال 3 م يكلمه قبلها بساعه ينسق معاه ', '2021-12-06 17:50:38', 'https://sport.elwatannews.com/'),
(55, 2, 148, 'شهدي محمد شواط', '01001050725', 'Hammer Of Thor', 'Hammer Of Thor', 4, 1500, 'EGP', 15, 'المنيا- دماريس- أبراج الإعلاميين-برج4  الدور الثالث', 'Minya', '2021-12-06', '2021-12-06', '5:07 PM', 'express', 0, 'بكرة من 5ل6', '2021-12-06 17:55:11', 'https://m.youm7.com/'),
(56, 2, 158, 'محمود محمد حسن جوده', '01285325731', 'Hammer Of Thor', 'Hammer Of Thor', 1, 650, 'EGP', NULL, 'كوم حماده بحيرة ش مدرسة مصطفى كامل أعلى صيدلية محمد', 'Beheira', '2021-12-06', '2021-12-07', '2:00 PM', 'express', 0, 'الثلاثاء من 2 الى 4\n1 HAMMER ', '2021-12-06 17:57:08', 'https://sport.elwatannews.com/'),
(57, 7, 100, 'عبدالله ', '01115568693  عبدالله على ', 'Titan', 'Titan', 1, 700, 'EGP', NULL, 'جيزة أكتوبر الحى التانى مجاوره 5 شارع عباد الرحمان عند صيدليه سها ', 'Giza', '2021-12-06', '2021-12-06', '6:00 PM', 'express', 0, 'الاتنين  6 \n 1 TITAN  ', '2021-12-06 18:12:35', 'Not Detected'),
(58, 7, 103, 'محمداحمدالشربىني', '01007342621', 'Titan', 'Titan', 1, 680, 'EGP', 203, 'دمياط قسم اول خلف مسجد عبد الغني بجوار فرن يحيي ابو عوض ', 'Damietta', '2021-12-06', '2021-12-06', '7:30 PM', 'express', 0, 'يوصل من الان الي 8 م يكلمه قبلها  بساعه ينسق معاه ', '2021-12-06 18:17:32', 'Not Detected'),
(59, 2, 140, 'عابدين ابو غنيمه', '01066516779 01122881898', 'Hammer Of Thor', 'Hammer Of Thor', 1, 599, 'EGP', 238, 'شارع مستشفى الشهيد عبد المنعم رياض غرب كوبرى القنابرة  سوهاج ', 'Sohag', '2021-12-06', '2021-12-08', '6:00 PM', 'express', 0, 'الاربعاء', '2021-12-06 18:30:51', 'https://zamalek.news/2021/12/ميدو-يفاجئ-مرتضى-منصور-بهذا-الطلب-على-ا/'),
(60, 7, 106, 'ايمن ابراهيم', '01271522137', 'Titan', 'Titan', 2, 1100, 'EGP', 222, 'العجمي هانوفيل شارع رضوان امام مكتبة متولي الشعراوي  الاسكندرية ', 'Alexandria', '2021-12-06', '2021-12-06', '5:27 PM', 'express', 0, '', '2021-12-06 19:29:31', 'Not Detected'),
(61, 7, 107, 'علي', '01270134812', 'Titan', 'Titan', 2, 1050, 'EGP', 222, 'منوف جمالين بجوار مركز الشباب  - المنوفيه    ', 'Monufia', '2021-12-06', '2021-12-06', '5:51 PM', 'express', 0, 'منوف جمالين بجوار مركز الشباب  - المنوفيه    \nالساعة 5 \nعلي سعد ', '2021-12-06 19:53:30', 'Not Detected'),
(62, 2, 161, 'محمد محىى', '01001656630', 'Hammer Of Thor', 'Hammer Of Thor', 3, 1100, 'EGP', 222, '3ش الجيش عمارات الاوقاف كفرالشيخ محافظة كفر الشيخ', 'Kafr El Sheikh', '2021-12-06', '2021-12-06', '6:01 PM', 'express', 0, 'الان ', '2021-12-06 20:05:07', 'https://www.youm7.com/story/2021/10/5/إحالة-أوراق-سفاح-الفيوم-قاتل-زوجته-وأبنائه-الـ6-للمفتى-لايف/5485369'),
(63, 7, 97, 'محمد نور', '01065941918', 'Titan', 'Titan', 3, 1200, 'EGP', 15, 'الاسماعيلية مركز فايد قرية سرابيوم بجوار محطة القطار ', 'Ismailia', '2021-12-06', '2021-12-06', '12:44 PM', 'express', 0, '3 ب 1200ج', '2021-12-06 20:50:32', 'Not Detected'),
(64, 7, 105, 'محمد اسماعيل الحسنى', '01229153790', 'Titan', 'Titan', 2, 1000, 'EGP', 203, 'البحيرة مركز المحمودية قرية سنبادة', 'Beheira', '2021-12-06', '2021-12-09', '7:30 PM', 'none', 0, 'يوصل يوم الخميس الساعه 5 م يكلمه قبلها بساعه ينسق معاه ', '2021-12-07 12:53:20', 'Not Detected'),
(65, 2, 177, 'عصام', '01144191011 - 01276009088', 'Hammer Of Thor', 'Hammer Of Thor', 1, 1500, 'EGP', 237, 'بيجام -شارع عبد الحميد الديب عمارة رقم 63 بجوار جامع السلام - شبرا الخيمه - ', 'Qalyubia', '2021-12-07', '2021-12-07', '5:00 AM', 'none', 0, 'عصام محمد عبد اللطيف ', '2021-12-07 14:01:04', 'https://www.elmostaqbal.com/565037/2021/12/04/عاجل-الذهب-بأسعار-زمان-لمدة-يومين-بسبب/'),
(66, 2, 178, 'Dr.Nicola Iskandar', '01222101575', 'Hammer Of Thor', 'Hammer Of Thor', 1, 600, 'EGP', 237, 'القاهره- الشروق - شارع 5 - خلف الجامعه الفرنسيه -فيلا 108 ', 'Cairo', '2021-12-07', '2021-12-07', '4:00 PM', 'none', 0, '', '2021-12-07 14:29:28', ''),
(67, 2, 180, 'احمد محمد محمد', '01111232822', 'Hammer Of Thor', 'Hammer Of Thor', 4, 1600, 'EGP', 229, 'ش 23 يوليو . عمارة صيام . مكتب احمد سعفان . طامية . الفيوم', 'Fayyum', '2021-12-07', '2021-12-07', '12:37 PM', 'express', 0, 'ليوم من4 ل 8م', '2021-12-07 14:38:06', 'https://www.youm7.com/'),
(68, 2, 191, 'عبدالله قاسم٠', '01004102512', 'Hammer Of Thor', 'Hammer Of Thor', 3, 1250, 'EGP', 237, ' ١ ميدان بابل من مصدق الدقي الدور السادس شقه ٢٠', 'Cairo', '2021-12-07', '2021-12-07', '4:00 PM', 'none', 0, '', '2021-12-07 14:45:58', ''),
(69, 2, 181, 'السيد محمدعبدالرازق', '01018148123', 'Hammer Of Thor', 'Hammer Of Thor', 1, 600, 'EGP', 229, 'مركز ابوحماد شرقيه قرية القطاويه بجوار صيدليه كريم', 'Sharqia', '2021-12-07', '2021-12-07', '12:37 PM', 'express', 0, '5م', '2021-12-07 14:46:32', 'https://www.elmostaqbal.com/565037/2021/12/04/عاجل-الذهب-بأسعار-زمان-لمدة-يومين-بسبب/'),
(70, 2, 170, 'توبه.محمد.عبد.السميع', '01012822710', 'Hammer Of Thor', 'Hammer Of Thor', 4, 1600, 'EGP', 207, 'الفيوم امام موقف اطسا السلخانه امام محل ساعاتى الغنام', 'Fayyum', '2021-12-07', '2021-12-07', '3:00 PM', 'express', 0, 'يصل الان 7/12 وهيستلم 4 هامر ب 1600', '2021-12-07 15:57:03', 'https://www.mrmero.club/'),
(71, 2, 165, 'ايهاب نصار', '01014379560    /  00972599651460', 'Hammer Of Thor', 'Hammer Of Thor', 3, 1200, 'EGP', 207, 'القاهرة شبرا بجوار معهد ناصر شارع العاشر من رمضان متفرع من شارع الشيشينى عند محلات  ', 'Cairo', '2021-12-07', '2021-12-07', '3:00 PM', 'express', 0, 'يصل اليوم 7/12 وهيستلم 3 هامر ب 1200', '2021-12-07 16:18:49', 'https://m.youm7.com/'),
(72, 7, 206, 'محمد', '01283000774', 'Titan', 'Titan', 2, 1050, 'EGP', 222, '٨ ش المدينة المنوره المريوطية فيصل الجيزة', 'Giza', '2021-12-07', '2021-12-07', '3:13 PM', 'express', 0, 'محمد ماهر \n', '2021-12-07 17:17:20', 'Not Detected'),
(73, 2, 171, 'محمد علي. دومه', '01001815395 ', 'Hammer Of Thor', 'Hammer Of Thor', 3, 1000, 'EGP', 207, 'البحيرة كوم حماده امتداد شارع المصنع خلف محطه الرفع 2', 'Beheira', '2021-12-07', '2021-12-07', '3:00 PM', 'express', 0, 'يصل الان 7/12 وهيستلم 3 هامر ب 1000', '2021-12-07 17:21:55', 'https://m.elwatannews.com/'),
(74, 4, 207, 'ساميه سعد عبدالعزيز', '01067580260', 'Garcinia', 'Garcinia', 2, 1100, 'EGP', 238, ' بدر الحى الرابع د امام جامعة بدر عماره 323 الدور 3 بعد الشروق ', 'Cairo', '2021-12-07', '2021-12-07', '6:00 PM', 'express', 0, 'حالا', '2021-12-07 17:31:57', 'https://honna.elwatannews.com/'),
(75, 4, 196, 'عبدالرحمن احمد ابوشنب', '01140040761', 'Garcinia', 'Garcinia', 2, 1000, 'EGP', 238, 'ادفو الغنيميه اسوان  بجوار سنترال الغنيمه  اسوان ', 'Aswan', '2021-12-07', '2021-12-07', '6:00 PM', 'express', 0, 'حالا', '2021-12-07 17:47:52', 'https://m.elwatannews.com/'),
(76, 4, 197, 'احمد الصغير احمد', '01002175852', 'Garcinia', 'Garcinia', 3, 1000, 'EGP', 238, 'اسكندريه الحضره الجديدة  ش الازالة ش مسجد الحليم رقم ٤٦ على النصيه علم بحار الاسماك ', 'Alexandria', '2021-12-07', '2021-12-07', '8:00 PM', 'express', 0, 'حالا', '2021-12-07 17:53:44', 'https://m.youm7.com/story/2021/12/7/سمير-صبرى-لـ-لميس-الحديدى-لو-خيرونى-بين-أسرتى-وبين/5568624'),
(77, 7, 195, 'Samir Abd el krim', '01028125515', 'Titan', 'Titan', 1, 700, 'EGP', 237, 'مدينه العاشر من رمضان الحى ١٣- بجوار مسجد الرحمن الرحيم - عمارة 195', 'Sharqia', '2021-12-07', '2021-12-07', '4:00 PM', 'none', 0, 'سمير عبد الكريم', '2021-12-07 19:01:34', 'Not Detected'),
(78, 2, 141, 'عبدالكريم', '01126180212', 'Hammer Of Thor', 'Hammer Of Thor', 6, 2000, 'EGP', 238, 'حي المهندسين برج شهاب بلاتنيوم الدور التاسع رقم الشقة ٣ الجيزه  عماره 24', 'Giza', '2021-12-06', '2021-12-07', '6:00 PM', 'express', 0, 'حالا', '2021-12-07 20:18:41', 'https://sudanlite.com/12102'),
(79, 2, 234, 'ربيع محمد', '01001703350', 'Hammer Of Thor', 'Hammer Of Thor', 3, 1200, 'EGP', 207, 'القاهرة التجمع الخامس ال CiC بجوار اكاديمية الشرطة بوابة 1 وبجانب مدرسة مصر 2000', 'Cairo', '2021-12-08', '2021-12-08', '1:00 PM', 'express', 0, 'يصل الان 8/12 وهيستلم 3  هامر ب 1200', '2021-12-08 14:21:56', 'https://www.youm7.com/'),
(80, 4, 216, 'اميل الراهب ', '01227237039  01228485440', 'Garcinia', 'Garcinia', 3, 1000, 'EGP', 238, 'قنا شارع خلف الطب البيطري  الشئون  بجوار سوبر ماركت التوامان ', 'Qena', '2021-12-08', '2021-12-08', '6:00 PM', 'express', 0, 'حالا', '2021-12-08 14:22:09', 'https://www.mubasher.info/'),
(81, 2, 236, 'حسين', '01092582826', 'Hammer Of Thor', 'Hammer Of Thor', 3, 1200, 'EGP', 207, 'المنصوره كفر البرامون عند كوبرى كفر البرامون', 'Dakahlia', '2021-12-08', '2021-12-08', '2:00 PM', 'express', 0, 'يصل الان8/12 وهيستلم 3 هامر ب 1200', '2021-12-08 14:40:06', 'https://m.youm7.com/'),
(82, 4, 217, 'احمد محمد ابوزيد', '01121277110 ', 'Garcinia', 'Garcinia', 3, 1000, 'EGP', 238, 'اسيوط مركز ابنوب بنى محمد المرونه  عزبة اولاد مروان ', 'Asyout', '2021-12-08', '2021-12-08', '6:00 PM', 'express', 0, 'حالا', '2021-12-08 15:08:43', 'https://m.youm7.com/'),
(83, 7, 250, 'احمدمرسي', '01226671490', 'Titan', 'Titan', 3, 1000, 'EGP', 240, 'المحموديه  طريق العوايد عزبة ال 500 الشارع قبل بيارة الصرف بجواري صيدلية الشربينى علي قمة ', 'Alexandria', '2021-12-08', '2021-12-08', '6:00 PM', 'express', 0, 'هيستلم النهاردة ', '2021-12-08 15:10:31', 'Not Detected'),
(84, 2, 239, 'مسعد رمضان جوده', '01061223104', 'Hammer Of Thor', 'Hammer Of Thor', 2, 800, 'EGP', 207, 'البحيره  دمنهور بجوار مديرية الامن القديمة مدرسة احمد عرابى الابتدائية ', 'Beheira', '2021-12-08', '2021-12-08', '3:00 PM', 'express', 0, 'يصل الان 8/12 وهيستلم 2 هامر ب 800', '2021-12-08 15:22:18', 'https://m.youm7.com/'),
(85, 4, 215, 'علية محمود ابراهيم', '01027551800', 'Garcinia', 'Garcinia', 1, 650, 'EGP', 238, 'مدينة نصر اول  الحى السابع بجانب الجامع الكبير ', 'Cairo', '2021-12-08', '2021-12-08', '6:00 PM', 'express', 0, 'حالا', '2021-12-08 15:30:15', 'https://www.youm7.com/story/2021/1/3/8-مكاتب-شهر-عقارى-تقدم-خدمات-التوثيق-بنظام-الحجز-أون/5141428'),
(86, 7, 229, 'على محمدالشيخه', '01094345178', 'Titan', 'Titan', 6, 2300, 'USD', 229, 'بورسعيد بورفؤاد مساكن الهيىءه رقم ٣/٦٢', 'Port Said', '2021-12-08', '2021-12-08', '1:34 PM', 'express', 0, 'الان', '2021-12-08 15:34:25', 'Not Detected'),
(87, 2, 235, 'ايمن', '01229569876  ', 'Hammer Of Thor', 'Hammer Of Thor', 2, 850, 'EGP', 207, 'محافظة البحر الاحمر الغردقة  الضهار شارع البزارات', 'Red Sea', '2021-12-08', '2021-12-09', '5:00 PM', 'express', 0, 'يصل غدا الخميس 9/12 وهيستلم 2 هامر ب 850', '2021-12-08 16:50:13', 'https://m.youm7.com/'),
(88, 4, 214, 'عمر محي الدين عبدالرحمن ', '01100622636', 'Garcinia', 'Garcinia', 1, 650, 'EGP', 238, ' الاسكندرية العجمي مساكن الصينيه بلوك 50مدخل 1', 'Alexandria', '2021-12-08', '2021-12-08', '6:00 PM', 'express', 0, 'حالا', '2021-12-08 17:35:43', 'https://m.elwatannews.com/'),
(89, 2, 243, 'كمال', '01157260504       ', 'Hammer Of Thor', 'Hammer Of Thor', 4, 1400, 'EGP', 207, ' القاهرة المعادى 3 شارع حسن إبراهيم متفرع من شارع كورنيش المعادي بجوار البنك الاهلى ', 'Cairo', '2021-12-08', '2021-12-08', '5:00 PM', 'express', 0, 'يصل الان 8/12 وهيستلم 4 هامر ب 1400', '2021-12-08 17:36:53', 'https://www.sudaninet.net/'),
(90, 2, 244, 'عبدالحكيم عنتر عبدالناصر محمد', '01023035312', 'Hammer Of Thor', 'Hammer Of Thor', 3, 1000, 'EGP', 207, 'أسيوط أبنوب حارة توته المتفرع من شارع الجمهورية بحرى البلد', 'Asyout', '2021-12-08', '2021-12-08', '5:00 PM', 'express', 0, 'يصل الان 8/12 وهيستلم 3 هامر ب 1000', '2021-12-08 17:49:57', 'https://m.youm7.com/'),
(91, 2, 253, 'محمد ', '00201226283062    ', 'Hammer Of Thor', 'Hammer Of Thor', 3, 1000, 'EGP', 207, 'القاهرة  مساكن شرتون  صقر قريش عماره 100- طابق الثاني شقة 9', 'Cairo', '2021-12-08', '2021-12-08', '8:00 PM', 'express', 0, 'يصل اليوم 8/12 وهيستلم 3 هامر ب 1000', '2021-12-08 18:36:39', 'https://www.elwatannews.com/'),
(92, 2, 241, 'السيد سيد أحمد', '01012993703 ', 'Hammer Of Thor', 'Hammer Of Thor', 3, 1000, 'EGP', 207, ' القليوبية شبين القناطر  كفر سعد بحيرى عند مسجد ابو بكر الصديق', 'Qalyubia', '2021-12-08', '2021-12-09', '1:00 PM', 'express', 0, 'يصل غدا 9/12 وهيستلم 3 هامر ب 1000', '2021-12-08 19:54:09', 'https://m.youm7.com/'),
(93, 2, 258, 'محمد صبري', '01066497642', 'Hammer Of Thor', 'Hammer Of Thor', 1, 650, 'EGP', 207, 'الجيزه اكتوبرمنطقه الحصري أمام مطعم روستو مبني الامريكيه', 'Giza', '2021-12-08', '2021-12-09', '2:00 PM', 'express', 0, 'يصل غدا 9/12 وهيستلم عبوة هامر 650', '2021-12-08 20:22:08', 'https://m.youm7.com/'),
(94, 2, 199, 'ابراهيم عبدالمعطي محمد رضوان', '01094668543', 'Hammer Of Thor', 'Hammer Of Thor', 3, 1000, 'EGP', 207, 'الاسكندرية العامرية الكيلو 55 مدخل قرية ابو مسعود ', 'Alexandria', '2021-12-07', '2021-12-09', '2:00 PM', 'express', 0, 'يصل غدا 10/12 وهيستلم 3 هامر 1000', '2021-12-09 13:41:12', 'https://www.youm7.com/story/2021/12/6/حكاية-قاهر-الزيت-المغلي-ببني-سويف-بيطلع-البطاطس-والطعمية-بإيده/5568597'),
(95, 7, 282, 'السيد محمدرشاد', '01119008189', 'Titan', 'Titan', 3, 1300, 'EGP', 15, '٢٤ ش وادى النيل المهندسين الدور الرابع', 'Cairo', '2021-12-09', '2021-12-09', '5:07 PM', 'express', 0, '3 عبوات ب 1300ج  النهارده خلال ساعتين', '2021-12-09 14:07:54', 'Not Detected'),
(96, 2, 268, 'محمد الكعبي ', '01010018176   /   00967733530050', 'Hammer Of Thor', 'Hammer Of Thor', 4, 1600, 'EGP', 207, 'الجيرة فيصل بعد العشرين شارع  حسن الصبان  ', 'Giza', '2021-12-09', '2021-12-09', '1:00 PM', 'express', 0, 'يصل الان 9/12 وهيستلم 4 هامر ب 1600', '2021-12-09 14:34:32', 'https://www.alwattan.net/Mnews/178835'),
(97, 4, 294, 'هناء مصطفى أحمد ', '01028066097', 'Garcinia', 'Garcinia', 3, 1000, 'EGP', 238, 'جنوب سيناء مدينة الطور حي المروة ع ١٦ م ا ش٦ قبل شرم ب 100 كيلو ', 'Sharm el sheikh', '2021-12-09', '2021-12-09', '6:00 PM', 'express', 0, 'حالا', '2021-12-09 15:13:09', 'https://www.masrawy.com/'),
(98, 2, 270, 'سامح محمدي أحمد محمد', '01001877627', 'Hammer Of Thor', 'Hammer Of Thor', 3, 1000, 'EGP', 207, 'المنوفية مدينة السادات المنطقة الصناعية السابعه بجاور مركز خدمة تويوتا', 'Monufia', '2021-12-09', '2021-12-09', '2:00 PM', 'express', 0, 'يصل الان 9/12 وهيستلم 3 هامر ب 1000', '2021-12-09 15:13:12', 'Not Detected'),
(99, 7, 192, 'خالد محرم', '01067389697', 'Titan', 'Titan', 2, 1100, 'EGP', 222, '  شارع المحطة اسكندرية محرم بك', 'Alexandria', '2021-12-07', '2021-12-09', '1:23 PM', 'express', 0, '', '2021-12-09 15:25:13', 'Not Detected'),
(100, 7, 291, 'محمد ', '01020785041  محمد احمد السيد ', 'Titan', 'Titan', 1, 650, 'USD', 224, 'محافظه الاسكندريه عصافره المعهد الديني ', 'Alexandria', '2021-12-09', '2021-12-12', '12:00 PM', 'none', 0, 'يوم الاحد ', '2021-12-09 15:28:27', 'Not Detected'),
(101, 2, 260, 'اسماعيل زيد ', '01226423741 01062311185', 'Hammer Of Thor', 'Hammer Of Thor', 2, 1000, 'EGP', 238, 'مدينه العلمين مارينا بوابه٦ امام مدخل العلمين طريق اسكندريه مطروح ', 'Alexandria', '2021-12-09', '2021-12-09', '6:00 PM', 'express', 0, 'حالا', '2021-12-09 15:37:18', 'https://www.elmostaqbal.com/566139/2021/12/09/هاني-الناظر-يزف-بشرى-سارة-لمرضى-الحساس/'),
(102, 7, 283, 'نايف', '01010947167  نايف على ', 'Titan', 'Titan', 3, 1050, 'EGP', 239, 'الجيزه-الهرم - المريوطيه فيصل- المريوطيه ستار البرج الرابع الدور الرابع', 'Giza', '2021-12-09', '2021-12-10', '4:00 PM', 'express', 0, 'الجمعه من 4 الى 6\n3 TITAN ', '2021-12-09 15:39:00', 'Not Detected'),
(103, 4, 306, 'مدحت سليمان ', '01006090208 //75//170//105', 'Garcinia', 'Garcinia', 3, 1150, 'EGP', 193, 'محافظة القاهرة - التجمع الخامس - حى النرجس - التسعينى الجنوبى - كومباوند الديار - شارع 24 - فيلا 149أ - (بالتنسيق مع المندوب)', 'Cairo', '2021-12-09', '2021-12-09', '10:43 PM', 'express', 0, 'الاستلام انهاردة فى اسرع وقت ضرووووووووووووووووووووووووورى\n3 عبوات جارسينيا كابسول\n1150 جنيه شامل مصاريف الشحن', '2021-12-09 15:40:33', 'https://m.youm7.com/'),
(104, 2, 259, 'ابراهيم النوبى  محمد', '01000094305 ', 'Hammer Of Thor', 'Hammer Of Thor', 6, 2000, 'EGP', 238, 'المريوطية شارع العروبة  الهرم ش السلام عماره 19 الدور 6 الجيزه ', 'Giza', '2021-12-09', '2021-12-09', '6:00 PM', 'express', 0, 'حالا', '2021-12-09 15:50:54', 'https://m.youm7.com/'),
(105, 4, 301, 'فيحاء احمد سرجاوي ', '01005568577 - 01125407052', 'Garcinia', 'Garcinia', 6, 2000, 'EGP', 193, 'محافظة دمياط - دمياط الجديدة - المنطقة الصناعية  - بجوار مصنع المهندس - (بالتنسيق مع المندوب)', 'Damietta', '2021-12-09', '2021-12-09', '10:43 PM', 'express', 0, 'الاستلام يوم السبت الموافق 11/12/2021 الساعة 1 ظهرا ضرووووووووووورى\n6 عبوات جارسينيا كابسول\n2000 جنيه شامل مصاريف الشحن', '2021-12-09 15:51:35', 'https://m.elwatannews.com/'),
(106, 2, 272, 'محمد يوسف', '01148909999', 'Hammer Of Thor', 'Hammer Of Thor', 3, 1200, 'EGP', 207, '٥٠٢٧ شارع الدكتور محمود رياض المعراج العلوي بجوار مستشفي رويال بجوار مخازن كارفور المعادي', 'Cairo', '2021-12-09', '2021-12-09', '5:00 PM', 'express', 0, 'يصل اليوم 9/12 وهيستلم 3 هامر ب 1200', '2021-12-09 16:50:27', ''),
(107, 4, 274, 'سلوى امين', '01115382929         01019369389', 'Garcinia', 'Garcinia', 3, 1000, 'EGP', 238, 'مدينة ١٥ مايو مجاورة ٨ حى د عمارة ٤ شقة ٣ القاهره ', 'Cairo', '2021-12-09', '2021-12-09', '6:00 PM', 'express', 0, 'حالا', '2021-12-09 17:04:33', ''),
(108, 2, 273, 'محمد عزت', '01007704524', 'Hammer Of Thor', 'Hammer Of Thor', 3, 1000, 'EGP', 207, ' القاهرة مدينة المستقبل  بجوار  مدينة  الشروق  عماره   ٩١٥ الدور الرابع  شقه  ٤٢', 'Cairo', '2021-12-09', '2021-12-09', '5:00 PM', 'express', 0, 'يصل الان 9/12 وهيستلم 3 هامر ب 1000', '2021-12-09 17:10:52', 'https://m.youm7.com/'),
(109, 4, 275, 'حسام الدين حمدى', '01009801222 01229864547', 'Garcinia', 'Garcinia', 6, 2000, 'EGP', 238, '١٩ الدور 11 شقه 10102  شارع محمد متولى الشعراوى المنطقة التاسعة مدينة نصر', 'Cairo', '2021-12-09', '2021-12-09', '6:00 PM', 'express', 0, 'حالا', '2021-12-09 17:34:15', 'https://m.elwatannews.com/'),
(110, 7, 293, 'خالد', '01099441532', 'Titan', 'Titan', 1, 649, 'USD', 224, 'بدرشين جيزه', 'Giza', '2021-12-09', '2021-12-09', '4:00 PM', 'none', 0, 'اليوم', '2021-12-09 17:48:56', 'Not Detected'),
(111, 4, 310, 'رانيا محمد', '01003089518', 'Garcinia', 'Garcinia', 1, 500, 'EGP', 224, 'محافظه الدقهليه المنصوره المدينه بجوار مسجد العيسوي ', 'Dakahlia', '2021-12-09', '2021-12-09', '5:00 PM', 'none', 0, 'توصيل اليوم ', '2021-12-09 17:52:47', 'https://gate.ahram.org.eg/'),
(112, 7, 288, 'ممدوح موسى', '01155086663', 'Titan', 'Titan', 2, 1050, 'EGP', 222, 'الجيزة السادس من أكتوبر حدائق اكتوبر المنطقه الثانية  مساكن اطلس ابنى بيتك زويل', 'Giza', '2021-12-09', '2021-12-09', '3:57 PM', 'express', 0, '', '2021-12-09 17:59:25', 'Not Detected'),
(113, 2, 307, 'علاء عبد الرحمن', '01208888426', 'Hammer Of Thor', 'Hammer Of Thor', 3, 1200, 'EGP', 207, 'القاهرة عين شمس الشرقية 81 شارع الهادى سلامة متفرع من صعب صالح متفرع من احمد عصمت الدور السادس شقة 12 ', 'Cairo', '2021-12-09', '2021-12-09', '7:00 PM', 'express', 0, 'يصل الان 9/12 وهيستلم 3 هامر ب 1200', '2021-12-09 18:03:18', 'https://m.youm7.com/story/2021/12/9/ضبط-7-طيور-بجع-مهاجرة-غير-مسموح-الترخيص-بحيازتها/5572161'),
(114, 4, 313, 'احمد الدقاق', '01028011798 // 38//165//76', 'Garcinia', 'Garcinia', 1, 650, 'EGP', 193, 'محافظة الاسكندريه -  العصافرة بحري  - خلف محل جاد علي البحر  -شارع اللواء حسن كامل - برج الللوتس - مدخل ب - الدور 2 - (التنسيق مع المندوب)', 'Alexandria', '2021-12-09', '2021-12-09', '10:43 PM', 'express', 0, 'الاستلام انهاردة فى اسرع وقت ضروووووووووووووورى\n1 عبوة جارسينيا كابسول\n650 جنيه شامل مصاريف الشحن', '2021-12-09 18:23:25', 'https://m.youm7.com/'),
(115, 4, 311, 'زينب منصور ', '01227521915 //56//150//92', 'Garcinia', 'Garcinia', 3, 1000, 'EGP', 193, 'محافظة الجيزة - فيصل - 3 شارع المستشفى  - ابراج الاصدقاء برج رقم ج - الدور الخامس - شقة 15 - (بالتنسيق مع المندوب)', 'Giza', '2021-12-09', '2021-12-09', '10:43 PM', 'express', 0, 'الاستلام انهاردة فى اسرع وقت ضرووووووووووووووووووووووورى\n3 عبوات جارسينيا كابسول\n1000 جنيه شامل مصاريف الشحن', '2021-12-09 18:33:28', 'https://www.masrawy.com/howa_w_hya/health/details/2021/12/9/2137782/كيف-تحصل-على-معدة-مسطحة-وتذيب-دهون-البطن-بهذا-المشروب-'),
(116, 2, 262, 'Ali Mohammad. Mahran', '01223109124', 'Hammer Of Thor', 'Hammer Of Thor', 7, 3900, 'EGP', 238, 'عزبة مهران طريق البراجيل كومبره الجيزه ', 'Giza', '2021-12-09', '2021-12-09', '6:00 PM', 'express', 0, 'حالا', '2021-12-09 18:50:14', 'https://www.maydany.com/'),
(117, 4, 277, 'اشرف كمال', '01006949528', 'Garcinia', 'Garcinia', 6, 2000, 'EGP', 238, 'شارع الاربعين عين شمس الغربيه المطريه القاهره  عماره 7  مكتب نقل مجمع مدارس الشعراوى ', 'Cairo', '2021-12-09', '2021-12-09', '6:00 PM', 'express', 0, 'حالا', '2021-12-09 19:21:26', 'https://m.youm7.com/'),
(118, 7, 295, 'Naser Abbady', '01019534900', 'Titan', 'Titan', 3, 1400, 'EGP', 222, '18 شارع طنطاوي لموازي لشارع التيسير آخر شارع فيصل جيزة', 'Giza', '2021-12-09', '2021-12-09', '6:37 PM', 'express', 0, '01150115082  01019534900', '2021-12-09 20:40:50', 'Not Detected'),
(119, 2, 375, 'خالد حماده محمد محمود خاطر', '01067591811- 01128975329', 'Hammer Of Thor', 'Hammer Of Thor', 1, 650, 'EGP', 240, ' ترعة السلام بعد عنبر السلام  عزبة الشرم  الجماليه دقهليه', 'Dakahlia', '2021-12-10', '2021-12-10', '6:00 PM', 'express', 0, 'هيستلم النهاردة ', '2021-12-10 16:03:54', 'https://m.youm7.com/'),
(120, 7, 330, 'Ola', '01221638017', 'Titan', 'Titan', 2, 1050, 'EGP', 222, ' امام فندق الواحة الطريق الصحراوى قرية جلاديوس', 'Cairo', '2021-12-10', '2021-12-10', '1:58 PM', 'express', 0, 'علا حمدي ', '2021-12-10 16:05:43', 'Not Detected'),
(121, 4, 382, 'احمد‘متولي', '01284379301', 'Garcinia', 'Garcinia', 1, 650, 'EGP', 238, 'القناطر الخيريه القليوبيه ش 14 عماره 32 الدور 1', 'Qalyubia', '2021-12-10', '2021-12-10', '6:00 PM', 'express', 0, 'حالا', '2021-12-10 16:09:19', 'https://m.youm7.com/'),
(122, 2, 362, 'تهامى محمد تهامى حرحش                                 ', '01092485498', 'Hammer Of Thor', 'Hammer Of Thor', 4, 1200, 'EGP', 229, 'دمليج     مركز  منوف    المنوفية ', 'Monufia', '2021-12-10', '2021-12-10', '2:14 PM', 'express', 0, 'الان', '2021-12-10 16:14:14', 'https://www.youm7.com/story/2021/12/10/لطلاب-الثانوى-العام-خطوات-تسجيل-استمارة-التقدم-للامتحانات/5572035'),
(123, 2, 363, 'علاء ', '01015303523', 'Hammer Of Thor', 'Hammer Of Thor', 1, 599, 'EGP', 229, 'المحمودية بحيرة ', 'Beheira', '2021-12-10', '2021-12-10', '12:14 PM', 'express', 0, 'اليوم 5', '2021-12-10 16:27:07', 'https://m.youm7.com/story/2021/12/9/موعد-مباراة-منتخب-مصر-والأردن-في-كأس-العرب-والقنوات-الناقلة/5572109'),
(124, 2, 360, 'يوسف حسن يوسف', '01288888621', 'Hammer Of Thor', 'Hammer Of Thor', 1, 650, 'EGP', 207, 'بورسعيد  حى الضواحى حى ابرج الرياض الدور الاول  بنك الاسكان', 'Port Said', '2021-12-10', '2021-12-11', '5:00 PM', 'express', 0, 'يصل غدا 11/12 وهيستلم عبوة هامر ب 650', '2021-12-10 16:28:12', 'https://m.youm7.com/'),
(125, 7, 329, 'عبدالظاهر مساعد.عند ضغط', '01062743441', 'Titan', 'Titan', 1, 650, 'EGP', 222, 'بيلا.عند الموقف .كفر الشيخ', 'Kafr El Sheikh', '2021-12-10', '2021-12-10', '1:58 PM', 'express', 0, '01286910123  01062743441', '2021-12-10 16:40:25', 'Not Detected'),
(126, 2, 371, 'السيد فتوح السيد ', '00201096584965', 'Hammer Of Thor', 'Hammer Of Thor', 3, 1200, 'EGP', 229, 'المنصوره/ السنبلاوين/ برقين ', 'Dakahlia', '2021-12-10', '2021-12-10', '4:14 PM', 'express', 0, 'اليوم 4', '2021-12-10 16:43:19', 'https://m.youm7.com/story/2021/12/8/ضحايا-مستريحة-المنصورة-يروون-تفاصيل-النصب-عليهم-جمعت-50-مليون/5569959'),
(127, 7, 326, 'Mohamed zain', '01069726567', 'Titan', 'Titan', 4, 1850, 'EGP', 222, 'التجمع الثالث المحلية الرابعة المنطقة الثالثة عمارة ٣٦ شقة ٦', 'Cairo', '2021-12-10', '2021-12-10', '5:00 AM', 'express', 0, 'الاحد ', '2021-12-10 16:59:00', 'Not Detected'),
(128, 2, 395, 'احمد عبدة', '01098143978', 'Hammer Of Thor', 'Hammer Of Thor', 2, 1000, 'EGP', 203, 'الوادى الجديد مركز الفرافره بجوار قهوه يسري ', 'New Valley', '2021-12-10', '2021-12-12', '7:30 PM', 'express', 0, 'يوصل الاحد المندوب ينسق معاه ', '2021-12-10 17:03:51', 'https://m.youm7.com/story/2021/12/10/محافظ-كفر-الشيخ-سحب-كراسة-شروط-الحصول-على-5-أفدنة/5573181'),
(129, 7, 255, 'ضياء', '01223911536 // استاذ ضياء', 'Titan', 'Titan', 1, 650, 'EGP', 193, 'محافظة القاهرة - القاهرة الجديدة - ش محمد فريد ابو حديد فيلا 301 محور مصطفي كامل  - (بالتنسيق مع المندوب)', 'Cairo', '2021-12-08', '2021-12-10', '10:43 PM', 'express', 0, 'الاستلام انهاردةالساعة 7 مساءا ضرووووووووووووووورى\n1 عبوة تيتان جل \n650 جنيه شامل مصاريف الشحن', '2021-12-10 17:08:14', 'Not Detected'),
(130, 7, 335, 'فؤاد طلعت احمد', '01004428175 - 01003917474', 'Titan', 'Titan', 1, 650, 'EGP', 15, 'دمياط السنانية كوبري عبد المجيد شارع المدبولي ', 'Damietta', '2021-12-10', '2021-12-10', '3:15 PM', 'express', 0, '1 ب 650ج الاحد من 3ل5', '2021-12-10 17:27:01', 'Not Detected'),
(131, 7, 328, 'أسامه عبدالمعطي ', '01012913230', 'Titan', 'Titan', 3, 1400, 'EGP', 222, 'ش السلام العمرانية الشرقية مترو سياقية مكي  الجيزة ', 'Giza', '2021-12-10', '2021-12-10', '3:46 PM', 'express', 0, '', '2021-12-10 17:48:51', 'Not Detected'),
(132, 7, 323, 'هاني فاروق', '01271194545', 'Titan', 'Titan', 2, 1050, 'EGP', 222, 'غامرة مستشفي غامرة العسكري عند علي ناجي للجملة ', 'Cairo', '2021-12-10', '2021-12-10', '3:56 PM', 'express', 0, '', '2021-12-10 17:58:15', 'Not Detected'),
(133, 2, 370, 'خالد الشربيني محمد ', '01099911397', 'Hammer Of Thor', 'Hammer Of Thor', 1, 650, 'EGP', 229, 'المنصورة ميت الكرما بجوار توكيل نسيان ', 'Dakahlia', '2021-12-10', '2021-12-10', '3:59 PM', 'express', 0, 'اسبت', '2021-12-10 17:59:30', 'https://m.youm7.com/'),
(134, 7, 391, 'محمد بدير للطنطاوى', '01024578866', 'Titan', 'Titan', 1, 700, 'EGP', 222, 'المنصوره / اعلى مكتب بريد ميت حدر / الدور الرابع ', 'Dakahlia', '2021-12-10', '2021-12-10', '12:00 PM', 'express', 0, 'الاحد ', '2021-12-10 18:30:02', 'Not Detected'),
(135, 2, 398, 'محمود على ', '01065538690    محمود على', 'Hammer Of Thor', 'Hammer Of Thor', 1, 650, 'EGP', 239, 'كمبوند ليك فيو التجمع الخامس شارع التسعين فيلا 12 /2 ', 'Cairo', '2021-12-10', '2021-12-10', '6:00 PM', 'express', 0, 'الجمعه اساعه 6 \n 1 HAMMER ', '2021-12-10 18:34:32', 'https://m.youm7.com/'),
(136, 7, 399, 'شريف ', '01211733954 - 01021757377 شريف رضا اسماعيل ', 'Titan', 'Titan', 4, 1500, 'USD', 224, 'ابوحماد شرقيه  محافظه الشرقيه بجوار المحطه ', 'Sharqia', '2021-12-10', '2021-12-13', '12:00 PM', 'none', 0, 'التوصيل يوم الاثنين الساعه 12 م ', '2021-12-10 18:42:02', 'Not Detected'),
(137, 2, 406, 'اسامة حسبوا بدوى', '01211435333 01003673487', 'Hammer Of Thor', 'Hammer Of Thor', 3, 1000, 'EGP', 238, 'بنها /عزبة السوق /خلف بنزيمة الدبيكى ش محمود ربيع او ش النخله سابقا  القليوبيه ', 'Qalyubia', '2021-12-10', '2021-12-10', '6:00 PM', 'express', 0, 'حالا', '2021-12-10 18:56:32', 'https://m.youm7.com/'),
(138, 2, 407, 'محمد احمد نوح النجار', '01024900456', 'Hammer Of Thor', 'Hammer Of Thor', 1, 650, 'EGP', 238, 'سوق الخميس -بركة السبع شرق المنوفيه  ش بورسعيد  صاحب مكتبة الايمان ', 'Monufia', '2021-12-10', '2021-12-12', '6:00 PM', 'express', 0, 'الاحد ', '2021-12-10 19:08:04', 'https://m.youm7.com/'),
(139, 7, 347, 'عادل عبدالفتاح عبدالمجيدبدر', '01024122666', 'Titan', 'Titan', 3, 1000, 'USD', 241, 'الخلفاوي شارع معمل الالبان عماره ٧ الساحل', 'Cairo', '2021-12-10', '2021-12-10', '6:00 AM', 'express', 0, 'بكرا ', '2021-12-10 19:29:17', 'Not Detected'),
(140, 7, 412, 'مصطفي حسن', '01225529500', 'Titan', 'Titan', 2, 1050, 'EGP', 222, 'شَ. عمر للطفي بجوار بنك القاهرة  كامب  شيزار ', 'Alexandria', '2021-12-10', '2021-12-10', '5:45 PM', 'express', 0, 'الجمعة ', '2021-12-10 19:47:51', 'Not Detected'),
(141, 2, 415, 'إبراهيم', '01221584002 - 01011750661', 'Hammer Of Thor', 'Hammer Of Thor', 1, 600, 'EGP', 15, 'القاهرة مدينة بدر مجمع التطبقين بجوار ورشة الحاج رياض ', 'Cairo', '2021-12-10', '2021-12-10', '12:44 PM', 'express', 0, 'بكرة من 1ل3  ابراهيم السيد ابراهيم ', '2021-12-10 19:55:12', 'https://m.youm7.com/story/2021/12/9/موعد-مباراة-منتخب-مصر-والأردن-في-كأس-العرب-والقنوات-الناقلة/5572109'),
(142, 7, 411, 'على احمد', '01155650425', 'Titan', 'Titan', 3, 1300, 'EGP', 222, ' امام صيدلية جادلة امام الجامع الابيض ١٣  شارع الإمام الحسينى الشرابية', 'Cairo', '2021-12-10', '2021-12-10', '5:45 PM', 'express', 0, '  01155650425  01223766694', '2021-12-10 20:03:03', 'Not Detected'),
(143, 7, 346, 'Galal', '01225455399 mohamed ', 'Titan', 'Titan', 3, 1300, 'USD', 241, 'القاهرة  حلوان  8 ش الشهيد احمد بدولى  بجوار مسجد التوحيد ', 'Cairo', '2021-12-10', '2021-12-11', '8:00 AM', 'express', 0, 'اليوم الساعه 8', '2021-12-11 12:48:26', 'Not Detected'),
(144, 2, 136, 'احمد', '01008086992', 'Hammer Of Thor', 'Hammer Of Thor', 3, 900, 'EGP', 237, 'الاسكندرية ', 'Alexandria', '2021-12-06', '2021-12-11', '4:00 PM', 'express', 0, '', '2021-12-11 13:36:09', 'https://www.rosaelyoussef.com/'),
(145, 7, 456, 'وائل', '01225661426', 'Titan', 'Titan', 2, 1050, 'EGP', 222, 'الحى الاول محلية 6عمارة 73ب العبور', 'Cairo', '2021-12-11', '2021-12-11', '4:00 AM', 'express', 0, 'وائل صلاح ', '2021-12-11 13:52:53', 'Not Detected'),
(146, 2, 427, 'جمال ع العزيز ابراهيم', '01005629324', 'Hammer Of Thor', 'Hammer Of Thor', 1, 650, 'EGP', 237, 'ش ناهيًا بولاق الدكرور عماره السجل المدني الدور ١١ ', 'Cairo', '2021-12-11', '2021-12-11', '3:00 AM', 'none', 0, '', '2021-12-11 14:02:25', 'https://sport.elwatannews.com/'),
(147, 7, 400, 'عصام السيد', '01280690736 ', 'Titan', 'Titan', 3, 1000, 'USD', 224, 'بورسعيد شارع جواد حسني بورفؤاد بجوار مدرسه جواد حسني ', 'Port Said', '2021-12-10', '2021-12-11', '2:00 PM', 'none', 0, 'توصيل اليوم الساعه 2 م ', '2021-12-11 14:02:34', 'Not Detected'),
(148, 7, 408, 'وائل حنفى', '01147223773 ', 'Titan', 'Titan', 2, 1000, 'USD', 224, 'بمقر العمل شارع مستشفى الصدر الامام علي مدرسة عفبه بن نافع من الساعة 1 ظهرا للساعة محافظه الجيزه 4', 'Giza', '2021-12-10', '2021-12-11', '2:00 PM', 'none', 0, 'توصيل اليوم الساعه 2 م ', '2021-12-11 14:10:09', 'Not Detected'),
(149, 2, 428, 'عماد عبداارحمن ثم', '01005411400 - 01007537836', 'Hammer Of Thor', 'Hammer Of Thor', 3, 1000, 'EGP', 237, 'القنطره غرب -الاسماعيليه-شارع التحرير- بجوار السكه الحديد- مطعم ابو حماده للكبده ', 'Ismailia', '2021-12-11', '2021-12-11', '4:00 PM', 'none', 0, '', '2021-12-11 14:18:12', 'https://m.youm7.com/story/2021/12/9/3-أبراج-تحصل-على-ترقية-وزيادة-مرتب-عام-2022-الزهر/5572050?utm_campaign=nabdapp.com&utm_medium=referral&utm_source=nabdapp.com&ocid=Nabd_App'),
(150, 7, 440, 'محمد عبدالله أبوسيف', '01001901323 ', 'Titan', 'Titan', 2, 1000, 'USD', 224, 'مركز ميت غمر كفرالنعيم بجوار مسجد فجرالإسلام محافظه الدقهليه ', 'Dakahlia', '2021-12-11', '2021-12-11', '2:00 PM', 'none', 0, 'توصيل اليوم الساعه 2 م ', '2021-12-11 14:25:26', 'Not Detected'),
(151, 7, 430, 'هاني احمد', '01121363097   ', 'Titan', 'Titan', 3, 1300, 'EGP', 239, '1 ش  الخليفه المأمون القاهره', 'Cairo', '2021-12-11', '2021-12-13', '4:00 PM', 'express', 0, 'الاتنين من 4 الى 6\n3 TITAN ', '2021-12-11 14:51:44', 'Not Detected'),
(152, 7, 331, 'Khaled Refaat', '01222147579', 'Titan', 'Titan', 2, 1050, 'EGP', 222, 'التجمع الاول كومبد اكاسيا امام بوابة 6 الرحاب عمارة 25 شقة 1', 'Cairo', '2021-12-10', '2021-12-11', '12:53 PM', 'express', 0, '', '2021-12-11 14:57:37', 'Not Detected'),
(153, 4, 450, 'ليلي محمد عبد العال', '01008220034 //160//90//38', 'Garcinia', 'Garcinia', 4, 1500, 'EGP', 193, 'محافظة الجيزة - فيصل - 146 أ ش فيصل -  امام صيدلية العزبى - (بالتنسيق مع المندوب)', 'Giza', '2021-12-11', '2021-12-11', '10:43 PM', 'express', 0, 'الاستلام غدا الاحد الموافق 12/12/2021 الساعة 12 ظهرا ضروووووووورى\n4 عبوات جارسينيا كابسول\n1500 جنيه شامل مصاريف الشحن', '2021-12-11 15:00:34', 'https://honna.elwatannews.com/'),
(154, 2, 462, 'محمد عبسي ', '01110070577', 'Hammer Of Thor', 'Hammer Of Thor', 2, 1050, 'EGP', 222, 'العياط شارع الجيش بجوار مستوصف ابو هشيمة  الجيزة ', 'Giza', '2021-12-11', '2021-12-11', '1:03 PM', 'express', 0, 'مغلق ', '2021-12-11 15:05:39', 'https://m.youm7.com/story/2021/12/10/الاهلى-يعلن-جاهزية-حسام-حسن-استعداداً-للسوبر-الافريقى-أمام-الرجاء/5573515'),
(155, 7, 437, 'نجم الدين إبراهيم ', '01115195498', 'Titan', 'Titan', 3, 1300, 'EGP', 222, 'القاهرة   عبدين عند تمثال محمد فريد  ', 'Cairo', '2021-12-11', '2021-12-11', '1:36 PM', 'express', 0, '', '2021-12-11 15:38:02', 'Not Detected'),
(156, 4, 453, '‪Mahmoud Hussein‬‏', '01014043792', 'Garcinia', 'Garcinia', 1, 700, 'EGP', 238, 'اسيوط 4 شارع سعد زغلول الدور 2 علوى ', 'Asyout', '2021-12-11', '2021-12-11', '6:00 PM', 'express', 0, 'حالا', '2021-12-11 15:49:26', 'https://www.elmogaz.com/'),
(157, 7, 432, 'عادل محمود', '01150042043  عادل محمود', 'Titan', 'Titan', 3, 1300, 'EGP', 239, 'مطروح الساحل الشمالي سيدي عبد الرحمن أمام قرية مراسي', 'Matruh', '2021-12-11', '2021-12-11', '4:00 PM', 'express', 0, 'السبت من 4 الى 6\n3 TITAN ', '2021-12-11 16:31:15', 'Not Detected'),
(158, 2, 464, ' عباس محمد عباس محمد ', '01123190695 ', 'Hammer Of Thor', 'Hammer Of Thor', 3, 1200, 'EGP', 239, 'الإسكندرية العامرية عزبه إبراهيم صالح شارع مسجد الرضوان ', 'Alexandria', '2021-12-11', '2021-12-12', '2:00 PM', 'express', 0, 'الاحد من 2 الى 4\n3 HAMMER ', '2021-12-11 16:42:07', 'https://m.youm7.com/'),
(159, 2, 469, 'محمد عبدالغني زايد', '01010399880', 'Hammer Of Thor', 'Hammer Of Thor', 1, 600, 'EGP', 241, 'المنوفيه.بركه السبع.البر الشرقي.عند سوق الخميس ش.مصنع الملابس', 'Monufia', '2021-12-11', '2021-12-11', '6:00 AM', 'express', 0, 'الان', '2021-12-11 17:52:11', 'https://ethranet.net/'),
(160, 7, 320, 'احمد', '01095151276', 'Titan', 'Titan', 1, 700, 'EGP', 222, 'البحيرة الحمنية قرية دير شابة ', 'Beheira', '2021-12-09', '2021-12-11', '3:58 PM', 'express', 0, 'احمد عوض ', '2021-12-11 18:00:07', 'Not Detected'),
(161, 4, 448, 'ندي الاحمدي', '01024990478', 'Garcinia', 'Garcinia', 1, 700, 'EGP', 238, 'الشرقيه كفر صقر ش المستشفى  الكبير بجانب صيدلية الوفاء ', 'Sharqia', '2021-12-11', '2021-12-11', '6:00 PM', 'express', 0, 'حالا', '2021-12-11 18:11:55', 'https://m.elwatannews.com/'),
(162, 2, 424, 'احمد ابو شادى', '01001353739', 'Hammer Of Thor', 'Hammer Of Thor', 1, 599, 'EGP', 237, 'عمارات ابو الفتوح..الهرم. الجيزة - خاتم المرسلين -  بجوار قهوة سيد درويش ', 'Giza', '2021-12-11', '2021-12-11', '4:00 PM', 'none', 0, '', '2021-12-11 18:19:54', 'https://m.youm7.com/'),
(163, 4, 447, 'زينب', '01006633082', 'Garcinia', 'Garcinia', 3, 1000, 'EGP', 238, '٢٢ شارع عبد العزيز البشرى مصر الجديدة  الدور 3 شقه 6', 'Cairo', '2021-12-11', '2021-12-11', '6:00 PM', 'express', 0, 'حالا', '2021-12-11 19:00:07', 'https://m.youm7.com/'),
(164, 2, 470, 'محمد محمد السيد شقيره', '01006017586', 'Hammer Of Thor', 'Hammer Of Thor', 4, 1500, 'EGP', 207, 'الدقهلية الجمالية مكتب تأمينات الجمالية', 'Dakahlia', '2021-12-11', '2021-12-12', '10:00 AM', 'express', 0, 'يصل غدا 12/12 وهيستلم 4 هامر ب 1500', '2021-12-11 19:33:18', 'https://m.youm7.com/');
INSERT INTO `orderd` (`id`, `db_id`, `pending_id`, `name`, `phone`, `pname`, `prname`, `prpieces`, `prprice`, `prcurrency`, `emp_id`, `address`, `city`, `doo`, `dod`, `tod`, `wod`, `status`, `comment`, `created_at`, `lead_from`) VALUES
(165, 2, 472, 'عمرو شراقي', '01115357757 01028526662', 'Hammer Of Thor', 'Hammer Of Thor', 6, 2000, 'EGP', 238, 'مدينة نصر الحى السابع مدينة الوفاء والامل امام رايه ماركت  ش احمد الزمور  مكتب الامن ', 'Cairo', '2021-12-11', '2021-12-11', '8:00 PM', 'express', 0, 'حالا', '2021-12-11 19:58:55', 'https://m.youm7.com/'),
(166, 7, 280, 'ادهم الريان', '01229241345', 'Titan', 'Titan', 1, 649, 'EGP', 15, 'الاسكندريه البيطاش أول شهر العسل أمام حلواني لوروا فوق بيتزا الخولي', 'Alexandria', '2021-12-09', '2021-12-12', '5:07 PM', 'express', 0, '1 ب 650ج يوصل النهارده 8 مساءا', '2021-12-12 12:58:09', 'Not Detected'),
(167, 4, 483, 'فرح فهمي', '01022648411 01094036160', 'Garcinia', 'Garcinia', 6, 2000, 'EGP', 238, 'الغرادقه  عند بوابه  المارينا ', 'Ghardqa', '2021-12-12', '2021-12-12', '7:00 PM', 'express', 0, 'طنطا4شارع الثناء متفرع من الاستاد بجوار مستشفي العياشي اعلي مطعم الغريب الدور السادس شقة6\nعنوان بديل ', '2021-12-12 13:41:17', 'https://m.youm7.com/'),
(168, 4, 485, 'جيهان', '01145444222', 'Garcinia', 'Garcinia', 2, 1000, 'EGP', 238, 'القاهره  مدينة  الشروق المنطقة العمارات 8  مجاوره 3 العماره رقم 107 ش الكرنك الدور 3 د جيهان عبد الحليم ', 'Cairo', '2021-12-12', '2021-12-12', '9:00 PM', 'express', 0, 'حالا', '2021-12-12 13:49:38', 'https://m.youm7.com/'),
(169, 4, 482, 'دينا عبدالله حامد', '01104682305', 'Garcinia', 'Garcinia', 1, 700, 'EGP', 238, 'مصر القاهره حدائق حلوان كورنيش شارع العشرين البحرى عماره الحرمين الشريفين', 'Cairo', '2021-12-12', '2021-12-12', '3:00 AM', 'express', 0, 'حالا', '2021-12-12 13:54:58', 'https://m.youm7.com/'),
(170, 2, 486, 'عادل عبدالفتاح آدم مختار', '01025483044', 'Hammer Of Thor', 'Hammer Of Thor', 3, 1000, 'EGP', 207, 'المنيا  مدينة المنيا شارع الحسينى تقاطع المطافى امام صيدلية الشعب', 'Minya', '2021-12-12', '2021-12-12', '3:00 PM', 'express', 0, 'يصل الان 12/12 وهيستلم 3 هامر ب 1000', '2021-12-12 13:57:17', ''),
(171, 7, 431, 'السيد عبدالله', '01015453250  ', 'Titan', 'Titan', 3, 1300, 'EGP', 239, 'القاهره المرج الجديده حى الزهور 11شارع احمد عبدالهادى', 'Cairo', '2021-12-11', '2021-12-12', '8:00 PM', 'express', 0, 'الاحد اساعه 8 مساءا \n 3 TITAN ', '2021-12-12 14:04:55', 'Not Detected'),
(172, 7, 279, 'طه الوراقي ', '01093006321', 'Titan', 'Titan', 4, 1600, 'USD', 15, 'المنوفية شبين الكوم البر الشرقي خلف مديرية الشؤن الصحية', 'Monufia', '2021-12-09', '2021-12-12', '5:07 PM', 'express', 0, '1 هامر و 3 تيتان ب 1600ج بكرة بعد 3', '2021-12-12 14:07:25', 'Not Detected'),
(173, 2, 504, 'حسن محمد المبارك', '01275773385', 'Hammer Of Thor', 'Hammer Of Thor', 4, 1700, 'EGP', 237, 'المهندسين- عمارة البترول رقم ١ شقة ٧٥- بجوار نادي التوفيقيه للتينيس ', 'Cairo', '2021-12-12', '2021-12-12', '4:00 PM', 'express', 0, '', '2021-12-12 14:48:09', 'https://showtimenews.net/'),
(174, 2, 491, 'عوض إبراهيم محمد شريف', '01141239235 //     00249912351762', 'Hammer Of Thor', 'Hammer Of Thor', 4, 1500, 'EGP', 207, 'القاهرة وسط البلد فندق سلكت شارع عدلي جنب المعبد اليهودي', 'Cairo', '2021-12-12', '2021-12-13', '10:00 AM', 'express', 0, 'يصل غدا 13/12 وهيستلم 4 هامر ب 1500', '2021-12-12 14:49:17', 'https://nabdsudan.com/'),
(175, 2, 308, 'فؤاد فخرى', '01222196553', 'Hammer Of Thor', 'Hammer Of Thor', 3, 1200, 'EGP', 207, 'القاهرة مصر الجديدة ميدان سانت فاتيما الاستلام فالميدان', 'Cairo', '2021-12-09', '2021-12-13', '12:00 PM', 'express', 0, 'يصل غدا 13/12 وهيستلم 3 هامر ب 1200', '2021-12-12 15:00:01', 'https://sport.elwatannews.com/'),
(176, 2, 508, 'محمد يوسف', '01066861873', 'Hammer Of Thor', 'Hammer Of Thor', 3, 1200, 'EGP', 229, ' القاهره الجديده مدينتي ', 'Cairo', '2021-12-12', '2021-12-12', '1:27 AM', 'express', 0, 'بعد 4م', '2021-12-12 15:27:33', 'https://www.aksalser.com/news/2021/12/12/سعر-صرف-الدولار-و-اليورو-و-الذهب-مقابل-849/?fbclid=IwAR0bXmLNR6o3Psa1kJaK4ohegBjtedUiJJH-880MirHlXm12eyq_S7lC6-Q'),
(177, NULL, 509, 'جمال الدين عبد الحميد', '01124241480', 'Hammer Of Thor', 'Hammer Of Thor', 3, 1100, 'EGP', 237, 'محلة مرحوم شارع زيدا بجوار مطعم افندينا  تالت عمارة على الشمال', 'Gharbia', '2021-12-12', '2021-12-12', '4:00 PM', 'none', 0, '', '2021-12-12 15:48:20', 'https://m.youm7.com/'),
(178, 7, 333, 'ياسر محمدالسيد', '01099963748', 'Titan', 'Titan', 1, 649, 'EGP', 15, 'الفيوم مدينه يوسف الصديق امام السجل المدني ', 'Fayyum', '2021-12-10', '2021-12-12', '12:44 PM', 'none', 0, '1 عبوة 650ج  بكرة من 1ل3', '2021-12-12 16:51:01', 'Not Detected'),
(179, 2, 512, 'إبراهيم على الشيخ ', '01210299456  0502038505', 'Hammer Of Thor', 'Hammer Of Thor', 3, 1000, 'EGP', 238, 'شها مركز المنصورة الدقهلية  بجوار مسجد الرحمه امام محل عماد للمحمول ', 'Dakahlia', '2021-12-12', '2021-12-12', '6:00 PM', 'express', 0, 'حالا', '2021-12-12 17:57:21', ''),
(180, 2, 499, 'مراد حسب النبي', '01094311350', 'Hammer Of Thor', 'Hammer Of Thor', 3, 1200, 'EGP', 237, 'الحى العاشر - مدينة نصر - موقف المنيب - ', 'Sharqia', '2021-12-12', '2021-12-12', '4:00 PM', 'none', 0, '', '2021-12-12 18:11:20', 'https://m.youm7.com/'),
(181, 2, 513, 'رزق فتوح', '01289656611', 'Hammer Of Thor', 'Hammer Of Thor', 3, 1000, 'EGP', 207, 'الاسماعيلية فايد  قرية فناره أمام مركز طب العائله ', 'Ismailia', '2021-12-12', '2021-12-12', '5:00 PM', 'express', 0, 'يصل الان 12/12 وهيستلم 3 هامر ب 1000', '2021-12-12 18:14:31', 'https://m.youm7.com/'),
(182, 7, 480, 'محمد اسماعيلةالنمر', '01024767970', 'Titan', 'Titan', 2, 1050, 'EGP', 222, 'طنطا بجوار الاستاد ', 'Gharbia', '2021-12-12', '2021-12-12', '4:49 PM', 'express', 0, '01117655898  01024767970', '2021-12-12 18:54:26', 'Not Detected'),
(183, 7, 348, 'إسلام', '01000024842', 'Titan', 'Titan', 2, 1050, 'EGP', 222, 'إسكندرية  منطقة جناكليس عند فتح اللة', 'Alexandria', '2021-12-10', '2021-12-12', '3:00 AM', 'express', 0, 'اسلام وحيد \nالاثنين ', '2021-12-12 19:27:02', 'Not Detected'),
(184, 2, 264, 'Ahmed Anis', '01111519825', 'Hammer Of Thor', 'Hammer Of Thor', 3, 1000, 'EGP', 207, 'القاهرة 11 ش علي الشيخ متفرع من شارع احمد حلمي محطة أبو وافيه شبرا الساحل ', 'Cairo', '2021-12-09', '2021-12-12', '9:00 PM', 'express', 0, 'يصل الان الاحد 12/12 وهيستلم 3 ب 1000 ', '2021-12-12 19:35:14', 'https://sport.elwatannews.com/'),
(185, 7, 517, 'محمد مصطفى احمد', '01002093477', 'Titan', 'Titan', 3, 1300, 'USD', 15, 'القاهرة 8 شارع العشماوى العتبة شارع عبد العزيز بعد مسجد العظام امام فندق الغرباوي ', 'Cairo', '2021-12-12', '2021-12-12', '6:04 PM', 'express', 0, '3 ب 1300ج يوصل بكرة من 1ل3', '2021-12-12 20:04:07', 'Not Detected'),
(186, 2, 522, 'عمر عبدالنبي', '01155089782', 'Hammer Of Thor', 'Hammer Of Thor', 1, 650, 'EGP', 238, 'اسكندريه الحضره  على مجوار المحموديه امام شركة كابو ', 'Alexandria', '2021-12-12', '2021-12-12', '8:00 PM', 'express', 0, 'حالا', '2021-12-12 20:09:48', 'https://hd.yalla-shoot.io/'),
(187, 2, 521, 'خالد ابوشعيشع', '01005098295', 'Hammer Of Thor', 'Hammer Of Thor', 3, 1050, 'EGP', 207, 'كفر الشيخ سيدى سالم الميدان امام الجامع الكبير', 'Kafr El Sheikh', '2021-12-12', '2021-12-13', '10:00 AM', 'express', 0, 'يصل غدا 13/12 وهيستلم 3 هامر ب 1050', '2021-12-12 20:20:30', 'https://m.youm7.com/'),
(188, 7, 518, 'عمادسيد', '01113435119', 'Titan', 'Titan', 3, 1000, 'EGP', 15, 'محافظة الجيزة . الحوامدية . خلف العطور .امام مكتب المرور بجوار البنك الاهلى ', 'Giza', '2021-12-12', '2021-12-12', '3:29 PM', 'express', 0, '3ب1000ج يوصل الثلاثاء الساعه 3', '2021-12-12 20:21:09', 'Not Detected'),
(189, 7, 511, 'احمد عامر', '01226420323', 'Titan', 'Titan', 2, 1050, 'EGP', 222, '42 شارع طلعت حرب وسط البلد باعلي ماكدونلز', 'Cairo', '2021-12-12', '2021-12-12', '6:23 PM', 'express', 0, '', '2021-12-12 20:25:25', 'Not Detected'),
(190, 7, 524, 'عمرو حسنين', '01222781566 ', 'Titan', 'Titan', 6, 2000, 'USD', 224, 'القاهرة التجمع الأول مجاورة ١٦ الأمن العام شارع الحرية فيلا ١٢ي ', 'Cairo', '2021-12-12', '2021-12-12', '8:00 PM', 'none', 0, 'توصيل اليوم الساعه 8 م ', '2021-12-12 20:43:13', 'Not Detected'),
(191, 4, 536, 'محمد عبد الغفار عبد الحفيظ العناني ', '01027311308', 'Garcinia', 'Garcinia', 1, 700, 'EGP', 238, 'دمياط مركز فارسكور قريه الحوراني', 'Damietta', '2021-12-13', '2021-12-13', '6:00 PM', 'express', 0, 'حالا', '2021-12-13 13:37:05', 'https://m.youm7.com/'),
(192, 2, 538, 'اسامة محمد انور', '01005640464', 'Hammer Of Thor', 'Hammer Of Thor', 3, 1000, 'EGP', 207, 'القاهرة  شبرا مصر 71 أ شارع ابن رشيد متفرع من شارع مسرة ', 'Cairo', '2021-12-13', '2021-12-14', '1:00 PM', 'express', 0, 'يصل غدا 14/12 وهيستلم 3 هامر ب 1000', '2021-12-13 14:06:18', 'https://m.youm7.com/'),
(193, 7, 527, 'نادرمحمودمحمد', '01129484110', 'Titan', 'Titan', 3, 1300, 'EGP', 222, 'المطريةشارع الشرفا مدينةالقائد امام معرض رانين القاهرة', 'Cairo', '2021-12-13', '2021-12-13', '12:20 PM', 'express', 0, '', '2021-12-13 14:23:00', 'Not Detected'),
(194, 2, 541, 'احمد ابراهيم مصطفى الباسوسي ', '01275606576', 'Hammer Of Thor', 'Hammer Of Thor', 1, 650, 'EGP', 207, 'الجيزة مدينة السادس من اكتوبر الحي الخامس مجاورة اولى عقد ثاني شارع ٦ رقم 143', 'Giza', '2021-12-13', '2021-12-14', '10:00 AM', 'express', 0, 'يصل غدا 14/12 وهيستلم عبوة هامر ب 650', '2021-12-13 14:34:54', 'https://zamalek.news/'),
(195, 2, 545, 'اسامه عبد العزيز', '01001010984', 'Hammer Of Thor', 'Hammer Of Thor', 1, 630, 'EGP', 203, '٢٢ ميدان الجلاء عمارات اغاخان شبرا مصر ', 'Cairo', '2021-12-13', '2021-12-13', '7:30 PM', 'express', 0, 'يوصل النهارده  الساعه 2 ظهرا يكلميه ينسق معاه الاول ', '2021-12-13 14:40:00', 'https://m.youm7.com/'),
(196, 2, 543, 'أحمد بدوى', '01221223784', 'Hammer Of Thor', 'Hammer Of Thor', 1, 750, 'EGP', 207, 'القليوبية شبرالخيمه شارع 10 متفرع من شارع احمد عرابى عند الفرن الافرنجى', 'Qalyubia', '2021-12-13', '2021-12-13', '5:00 PM', 'express', 0, 'يصل اليوم 13/12 وهيستلم عبوة سبيرولينا كابسول ب 750', '2021-12-13 15:06:25', 'https://zamalek.news/'),
(197, 2, 159, ' عيد.عيد.الفتاح.عالي..،٠ ،٠', '01001976333   عيد.عبد .الفتاح.عالي', 'Hammer Of Thor', 'Hammer Of Thor', 3, 1200, 'EGP', 239, 'الكنيسه من شارع الهرم الطلبيه الجيزه شارع  عثمان محرم ', 'Giza', '2021-12-06', '2021-12-13', '2:00 PM', 'express', 0, 'الاتنين من 6 الى 8 \n3 HAMMER OF THOR ', '2021-12-13 16:07:20', 'https://m.youm7.com/'),
(198, 7, 558, 'محمد الواثق عبدالله حامد', '01125584391   محمد الواثق عبدالله حامد', 'Titan', 'Titan', 3, 1300, 'EGP', 239, 'الدقي ميدان الدقي ٤٩', 'Giza', '2021-12-13', '2021-12-13', '2:50 PM', 'express', 0, 'الاتنين من 3 الى 4 \n3 TITAN ', '2021-12-13 16:20:32', 'Not Detected'),
(199, 7, 526, 'الشبراوي ابراهيم محمد', '01154447069 - 01224918966', 'Titan', 'Titan', 5, 1800, 'EGP', 15, 'الشرقيه مدينة القرين كوبري المرور ', 'Sharqia', '2021-12-13', '2021-12-13', '5:07 PM', 'express', 0, '4 عبوات تيتان  و1 ب 1800ج بكرة  من 10 ل 12 ', '2021-12-13 16:26:45', 'Not Detected'),
(200, 7, 559, 'أسعد ', '01221307185  اسعد وهيب ', 'Titan', 'Titan', 3, 1050, 'EGP', 239, 'جرجا الحوزة امام كافيه ماسبيرو  سوهاج ', 'Sohag', '2021-12-13', '2021-12-13', '4:00 PM', 'express', 0, 'الاتنين من 4 الى 6 \n3 TITAN ', '2021-12-13 16:48:58', 'Not Detected'),
(201, 2, 544, 'Omar Eslam', '01091934833', 'Hammer Of Thor', 'Hammer Of Thor', 1, 600, 'EGP', 203, '٢٤٨ ن البوابة الرابعة حدائق الاهرام الدور الرابع شقة ٢٣ ', 'Giza', '2021-12-13', '2021-12-14', '7:30 PM', 'express', 0, 'يوصل بكره من بعد الساعه 6 م ', '2021-12-13 16:51:09', 'https://m.youm7.com/'),
(202, 7, 534, 'خالد ', '01112015957  خالد يحيي احمد ', 'Titan', 'Titan', 1, 500, 'USD', 224, '١٣ش الميموني ساقية مكي بالجيزة', 'Giza', '2021-12-13', '2021-12-13', '5:00 PM', 'none', 0, 'توصيل السبت الساعه 5 م ', '2021-12-13 17:09:20', 'Not Detected'),
(203, 7, 533, 'هيثم محمد عبدالمقصود الدمياطي ', '01002477555 - 01210003580', 'Titan', 'Titan', 6, 2500, 'USD', 224, 'محافظة البحيرة مركز ادكو قرية الدمياطي  ', 'Beheira', '2021-12-13', '2021-12-13', '5:00 PM', 'none', 0, 'توصيل اليوم الساعه 5 م ', '2021-12-13 17:18:51', 'Not Detected'),
(204, 7, 563, 'ماهر السيد محمود', '01099908655 //55//', 'Titan', 'Titan', 1, 650, 'EGP', 193, 'محافظة  القاهرة - مدينة نصر - شارع احمد تيسير  -  شركة جنوب الوادي  للبترول عمارات الحرس الجمهوري - (بالتنسيق م عالمندوب)', 'Cairo', '2021-12-13', '2021-12-13', '10:43 PM', 'express', 0, 'الاستلام غدا الثلاثاء الموافق 14/12/2021 الساعة 11 صباحا ضرووووووورى\n1 عبوة تيتان جل \n650 جنيه شامل مصاريف الشحن', '2021-12-13 17:30:32', 'Not Detected'),
(205, 4, 535, ' Rania', '01227944534', 'Garcinia', 'Garcinia', 1, 700, 'EGP', 238, '١٩١ الدور 2  شارع رمسيس القاهره', 'Cairo', '2021-12-13', '2021-12-13', '6:00 PM', 'express', 0, 'حالا', '2021-12-13 17:48:01', 'https://m.elwatannews.com/'),
(206, 7, 556, 'تامر مشرف ', '01000316122 ', 'Titan', 'Titan', 3, 1000, 'USD', 224, 'رشيد  محافظه البحيره شارع البحر بجوار النادي ', 'Beheira', '2021-12-13', '2021-12-13', '5:00 PM', 'none', 0, 'توصيل اليوم الساعه 5 م ', '2021-12-13 17:55:08', 'Not Detected'),
(207, 7, 529, 'سامح', '01017252828', 'Titan', 'Titan', 3, 1300, 'USD', 222, 'العاشر من رمضان  مجاورة 11 قطعة 6 /1', 'Sharqia', '2021-12-13', '2021-12-13', '4:00 AM', 'express', 0, 'سامح محمد \nالثلاثاء ', '2021-12-13 18:03:06', 'Not Detected'),
(208, 2, 552, 'مازن', '01555613732', 'Hammer Of Thor', 'Hammer Of Thor', 1, 650, 'EGP', 238, 'الفيصل  شارع العشرين  ش حسن الصبان ', 'Giza', '2021-12-13', '2021-12-14', '6:00 PM', 'express', 0, 'غدا', '2021-12-13 18:03:29', 'https://www.alwattan.net/'),
(209, 4, 567, 'محمد فتحي', '01212211201 //30//175//100', 'Garcinia', 'Garcinia', 1, 650, 'EGP', 193, 'محافظة الاسكندرية - السيوف -  امام فتح الله -  شارع كاستنيا - (بالتنسيق مع المندوب)', 'Alexandria', '2021-12-13', '2021-12-13', '10:43 PM', 'express', 0, 'الاستلام انهاردة الساعة 9 مساءا ضروووووووووووووووووووووورى\n1 عبوة جارسينيا كابسول\n650 جنيه شامل مصاريف الشحن', '2021-12-13 18:31:45', 'https://m.elwatannews.com/'),
(210, 2, 566, 'عمرو ابو الفتوح', '01021932815', 'Hammer Of Thor', 'Hammer Of Thor', 3, 1000, 'EGP', 241, 'القاهره مساكن الشيراتون ٥٨  صقر قريش   امام النساجون الشرقيون ', 'Cairo', '2021-12-13', '2021-12-13', '6:00 AM', 'express', 0, 'الان ', '2021-12-13 18:41:36', 'https://sport.elwatannews.com/'),
(211, 2, 569, 'محمد السيد حامد محمد ', '01007626665', 'Hammer Of Thor', 'Hammer Of Thor', 1, 650, 'EGP', 238, 'دمياط الجديده  الحى 5 مجاروه 27 سوبر ماركت الحمد ', 'Damietta', '2021-12-13', '2021-12-13', '6:00 PM', 'express', 0, 'حالا', '2021-12-13 19:09:19', 'https://m.youm7.com/'),
(212, 2, 553, 'احمد على دياب غانم', '01061712319 01062703639', 'Hammer Of Thor', 'Hammer Of Thor', 7, 2000, 'EGP', 238, 'محافظة قنا مدينة قنا الجديدة المرحله الاولى المجاوره 5 48/62', 'Qena', '2021-12-13', '2021-12-13', '6:00 PM', 'express', 0, 'حالا', '2021-12-13 19:34:22', 'https://www.khaleejinews.net/news40201.html'),
(213, 7, 523, 'Mahmoud nada', '01005856555', 'Titan', 'Titan', 3, 1800, 'EGP', 222, '23 مكرر. شارع فوزي معاذ. سموحه.  اسكندريه.  عماره قصر العروبه', 'Alexandria', '2021-12-12', '2021-12-13', '4:00 AM', 'express', 0, 'الثلاثاء ', '2021-12-13 19:34:56', 'Not Detected'),
(214, 2, 554, 'bassem adib ', '01001404171 01559984171', 'Hammer Of Thor', 'Hammer Of Thor', 1, 650, 'EGP', 238, 'مساكن شيراتون - القاهرة  المركز التجارى فوق بنك مصر الدور 4 مكتب 11', 'Cairo', '2021-12-13', '2021-12-14', '10:00 AM', 'express', 0, 'غدا', '2021-12-13 19:52:06', 'https://www.youm7.com/story/2021/12/13/ريال-مدريد-يحسم-الديربي-على-حساب-أتلتيكو-مدريد-في-الليجا/5576809'),
(215, 2, 570, 'احمد محمود محمد', '01007333801', 'Hammer Of Thor', 'Hammer Of Thor', 3, 1100, 'EGP', 207, 'حى السلام ٢٣١شارع طنطا الإسماعيلية ', 'Ismailia', '2021-12-13', '2021-12-14', '1:00 PM', 'express', 0, 'يصل غدا 14/12 وهيستلم 3 هامر ب 1100', '2021-12-13 20:03:43', 'https://m.youm7.com/'),
(216, 7, 466, 'خليل', '01095352135', 'Titan', 'Titan', 2, 950, 'EGP', 203, 'الغردقه منطقه الدهبيه ', 'Ghardqa', '2021-12-11', '2021-12-14', '7:30 PM', 'express', 0, 'يوصل النهارده من الساعه 12 ونص ال 2 ونص يكلمه  ينسق معاه الاول // خليل بلابعين ', '2021-12-14 13:31:32', 'Not Detected'),
(217, 7, 344, 'محمد احمد ', '01101459762', 'Titan', 'Titan', 1, 680, 'EGP', 203, 'الجيزه الوراق شارع فروق دبوس بجوار سلم دائري شارع 10 ', 'Giza', '2021-12-10', '2021-12-14', '7:30 PM', 'express', 0, 'محمود احمد // يوصل النهارده من الساعه 1 ال 3  العصر يكلمه ينسق معاه ', '2021-12-14 14:11:20', 'Not Detected'),
(218, 7, 572, 'احمد', '01110746720  احمد مصطفي احمد ', 'Titan', 'Titan', 1, 500, 'USD', 224, 'القاهره الخصوص في المرج شارع المجيد الرشاح بجوار السوق ', 'Cairo', '2021-12-14', '2021-12-14', '2:00 PM', 'none', 0, 'توصيل اليوم الساعه 2 م ', '2021-12-14 14:17:43', 'Not Detected'),
(219, 2, 586, 'Hamza', '01111121055      ', 'Hammer Of Thor', 'Hammer Of Thor', 5, 2600, 'EGP', 207, 'القاهرة التجمع الخامس ماونتين فيو اكزيكتيف عمارة 5 /1 ', 'Cairo', '2021-12-14', '2021-12-14', '5:00 PM', 'express', 0, 'يصل اليوم 14/12 وهيستلم 5 هامر ب 2600', '2021-12-14 14:35:06', 'https://m.youm7.com/'),
(220, 7, 584, 'خالد محمود حسين رضوان', '01097295485', 'Titan', 'Titan', 1, 700, 'EGP', 222, '  الفيوم  منطقة البحاري شارع رياض عبد الحميد ', 'Fayyum', '2021-12-14', '2021-12-14', '12:40 PM', 'express', 0, '', '2021-12-14 14:43:05', 'Not Detected'),
(221, 7, 582, 'منسى متولى النجار', '01062929655', 'Titan', 'Titan', 3, 1300, 'EGP', 222, 'بركة السبع  غرب عند مدرسة الصنايع  محافظة المنوفيه جمع ', 'Monufia', '2021-12-14', '2021-12-14', '12:55 PM', 'express', 0, '01114729739  01062929655', '2021-12-14 14:55:18', 'Not Detected'),
(222, 7, 607, 'خالد السيد احمد', '01123987997', 'Titan', 'Titan', 1, 650, 'EGP', 240, '  ٦   اكتوبر _ الحى الرابع', 'Cairo', '2021-12-14', '2021-12-14', '6:00 PM', 'express', 0, 'هيستلم النهاردة \nمن الساعه 1 ونص ل 2 ', '2021-12-14 14:58:36', 'Not Detected'),
(223, 2, 603, 'مصطفي نور ', '01128266328', 'Hammer Of Thor', 'Hammer Of Thor', 2, 1100, 'EGP', 224, 'منيا القمح شرقيه بجوار مزلقان المطحن ', 'Sharqia', '2021-12-14', '2021-12-15', '12:00 PM', 'none', 0, 'توصيل غدا الساعه 12 م ', '2021-12-14 15:02:45', 'https://m.youm7.com/'),
(224, 2, 612, 'حسين طه', '01148594552 //45//', 'Hammer Of Thor', 'Hammer Of Thor', 1, 600, 'EGP', 193, 'محافظة القليوبية - مسطر - شبرا الخيمه  - بجوار الموقف الجديد - عمارة 5 - دور 6 - (بالتنسيق مع المندوب)', 'Qalyubia', '2021-12-14', '2021-12-14', '10:43 PM', 'express', 0, 'الاستلام يوم الخميس الموافق 16/12/2021 الساعة 3 عصرا ضروووووورى\n1 عبوة هامر اوف ثور \n600 جنيه شامل مصاريف الشحن', '2021-12-14 15:27:01', 'https://m.youm7.com/'),
(225, 7, 611, 'احمد.علي', '01121002232 // ', 'Titan', 'Titan', 1, 650, 'EGP', 193, 'محافظة الجيزة - فيصل - مساكن ال20 - شارع جلال جلجاوى - مصنع الحلاوة - (بالتنسيق مع المندوب)', 'Giza', '2021-12-14', '2021-12-14', '10:43 PM', 'express', 0, 'الاستلام غدا الاربعاء الموافق 15/12/2021 الساعة من 11 الى 1 ظهرا ضرووورى\n1 عبوة تيتان جل \n650 جنيه شامل مصاريف الشحن', '2021-12-14 15:41:18', 'Not Detected'),
(226, 2, 597, 'كامل محمد ', '01205854227', 'Hammer Of Thor', 'Titan', 3, 1000, 'EGP', 237, 'محافظة بني سويف  -  قرية باروط - بجوار المدرسة الاعدادية بنين ', 'Beni Suef', '2021-12-14', '2021-12-14', '4:00 PM', 'express', 0, '', '2021-12-14 15:53:07', 'https://www.doctorlive.news/'),
(227, 7, 227, 'احمد محمد', '01223738050 - 01111559470', 'Titan', 'Titan', 2, 1000, 'EGP', 203, 'الجيزه مترو المنيب بجوار كري زيزوا ', 'Giza', '2021-12-08', '2021-12-14', '4:30 PM', 'express', 0, 'يوصل من النهارده من الساعه 5 ال 6 م يكلمه قبلها بساعه  ينسق معاه ', '2021-12-14 16:19:33', 'Not Detected'),
(228, 2, 489, 'ابو جهاد', '01023578171      /   00967738777742', 'Hammer Of Thor', 'Hammer Of Thor', 3, 1200, 'EGP', 207, 'الجيزة الفيصل شارع 30 عند مركز الرنادة الطبى عند محل بقاله بكار وبقالة العمدة ', 'Giza', '2021-12-12', '2021-12-14', '9:00 PM', 'express', 0, 'يصل اليوم 14/12 وهيستلم 3 هامر ب 1200', '2021-12-14 16:23:55', 'https://www.alwattan.net/'),
(229, 7, 577, 'محمد', '01014609937', 'Titan', 'Titan', 3, 1200, 'USD', 237, 'بلقاس -الدقهليه -بجوار مدرسة القوميه', 'Dakahlia', '2021-12-14', '2021-12-14', '4:00 PM', 'none', 0, 'محمد  عبده ', '2021-12-14 16:27:29', 'Not Detected'),
(230, 7, 580, 'اشرف محمد عبد المطلب', '201090700043', 'Titan', 'Titan', 3, 1000, 'USD', 237, '٢٥ ش الفلكي توريل، المنصوره', 'Dakahlia', '2021-12-14', '2021-12-14', '4:00 PM', 'express', 0, '', '2021-12-14 17:01:13', 'Not Detected'),
(231, 7, 614, 'على محمد علي', '01007299436', 'Titan', 'Titan', 2, 1300, 'EGP', 222, 'الحي الرابع شارع 35 فيلا1327  السادس من أكتوبر ', 'Giza', '2021-12-14', '2021-12-14', '3:01 PM', 'express', 0, 'الثلاثاء ', '2021-12-14 17:03:26', 'Not Detected'),
(232, 2, 595, '‪Hady Kahilaf‬‏', '01125716010 - 01002931147', 'Hammer Of Thor', 'Titan', 1, 650, 'EGP', 237, 'القاهره-سرايا القبه شارع ابن سندر - امام امريكانا سويت ', 'Cairo', '2021-12-14', '2021-12-15', '3:00 AM', 'none', 0, 'حمدي محمد خليل', '2021-12-14 17:54:45', 'https://m.youm7.com/'),
(233, 2, 613, 'ياسر رمضان فرج ', '01011283100', 'Hammer Of Thor', 'Hammer Of Thor', 2, 1050, 'EGP', 222, 'بجوار المعهد الديني  دمياط الزرقا مدينة السرو ', 'Damietta', '2021-12-14', '2021-12-14', '8:00 AM', 'express', 0, 'بيكنسل قبل الرد ', '2021-12-14 17:55:14', 'https://m.youm7.com/'),
(234, 2, 621, 'بكركامل محمد مصطفى ', '01090361424', 'Hammer Of Thor', 'Hammer Of Thor', 3, 1000, 'EGP', 238, 'الإسماعيلية  حى الزهراء امام مركز الشباب  ش كوبرى الجلاء ', 'Ismailia', '2021-12-14', '2021-12-14', '6:00 PM', 'express', 0, 'حاااااااااااالا', '2021-12-14 19:03:11', 'https://m.youm7.com/'),
(235, 2, 624, 'عبد الحليم', '01145471921 //', 'Hammer Of Thor', 'Hammer Of Thor', 1, 650, 'EGP', 193, 'محافظة اسوان -  شرق المحطه  - بجوار جمعيه الحصايا الاجتماعيه المنزل مقابل مدرسه التجاره الفندقيه - (بالتنسيق مع المندوب) ', 'Aswan', '2021-12-14', '2021-12-14', '10:43 PM', 'express', 0, 'الاستلام غدا الاربعاء الموافق 15/12/2021 الساعة 11 صباحا ضرووووووورى\n1 عبوة هامر اوف ثور \n650 جنيه شامل مصاريف الشحن', '2021-12-14 19:59:27', 'https://zamalek.news/'),
(236, 2, 590, 'عماد حمدى', '01148566566', 'Hammer Of Thor', 'Hammer Of Thor', 1, 599, 'EGP', 207, 'القاهرة مصر الجديدة ٢ شارع البدر روكسى ', 'Cairo', '2021-12-14', '2021-12-15', '5:00 PM', 'none', 0, 'يصل غدا 15/12 وهيستلم عبوة هامر ب 650', '2021-12-14 20:47:48', 'https://m.youm7.com/'),
(237, 2, 639, 'محمد صلاح', '01202848334', 'Hammer Of Thor', 'Hammer Of Thor', 1, 650, 'EGP', 207, 'الشرقية زقازيق أول شارع ابونضاره قسم الاشاره بعد كوبرى العبور عيادة الدكتور وليد احمدى', 'Sharqia', '2021-12-15', '2021-12-15', '1:00 PM', 'express', 0, 'يصل الان 15/12 وهيستلم عبوة سبيرولينا كابسول ب 650', '2021-12-15 13:36:20', 'https://m.youm7.com/story/2021/12/13/صدام-حسين-فى-الأسر-كيف-سقط-الرئيس-العراقى-فى-يد/5577425'),
(238, 2, 644, 'حاتم حمدى غيث', '01222169804', 'Hammer Of Thor', 'Hammer Of Thor', 3, 1100, 'EGP', 207, 'الجيزة المهندسين 37 شارع البصره اخر شارع جامعة الدول العربية ', 'Sharqia', '2021-12-15', '2021-12-15', '1:00 PM', 'express', 0, 'يصل الان 15/12 وهيستلم 3 سبيرولينا كابسول ب 1100', '2021-12-15 14:05:57', 'https://www.youm7.com/'),
(239, 2, 643, 'رجب.زبدابالسد', '01069991179', 'Hammer Of Thor', 'Hammer Of Thor', 3, 1000, 'EGP', 207, 'الفيوم سنورس شارع عبد السلام عارف عند مسجد مبارك ', 'Fayyum', '2021-12-15', '2021-12-16', '5:00 PM', 'express', 0, 'يصل غدا 16/12 وهيستلم 3 تيتان جيل ب 1000', '2021-12-15 14:59:00', 'https://zamalek.news/'),
(240, 7, 649, 'محمد محمود', '01001162635  ', 'Titan', 'Titan', 3, 1300, 'EGP', 239, 'أسيوط شارع محطه بجوار مجمع المصالح ', 'Asyout', '2021-12-15', '2021-12-15', '4:00 PM', 'express', 0, 'الاربعاء من 4 الى 6\n3 TITAN', '2021-12-15 15:51:59', 'Not Detected'),
(241, 7, 662, 'مصطفى ', '01067381179', 'Titan', 'Titan', 1, 650, 'EGP', 237, '٢ شارع ورشه القطن  - بولاق - السبتيه- محل الفهيم ', 'Cairo', '2021-12-15', '2021-12-15', '7:00 AM', 'express', 0, 'مصطفى محمد اسماعيل \n', '2021-12-15 16:09:44', 'Not Detected'),
(242, 7, 717, 'السيد عبد الوهاب', '01002992794 - 01117440230', 'Titan', 'Titan', 2, 1000, 'EGP', 203, 'المنيا مركز العدوة بجوار بنك الاهلي او بنك مصر ', 'Minya', '2021-12-15', '2021-12-16', '7:30 PM', 'express', 0, 'يوصل بكره من 1 ال 3 م يكلمه قبلها بساعه ينسق معاه ', '2021-12-15 16:23:17', 'Not Detected'),
(243, 2, 654, 'محمد شاهين ', '01032555444  ', 'Hammer Of Thor', 'Hammer Of Thor', 1, 650, 'EGP', 239, 'جنوب الأكاديمية ج بوابه 3  امام مسجد حسن الشبرتالى التجمع الاول ', 'Cairo', '2021-12-15', '2021-12-15', '5:00 PM', 'express', 0, 'الاربعاء اساعه 5 \n1 HAMMER', '2021-12-15 16:35:38', 'https://m.youm7.com/'),
(244, 2, 720, 'حسام', '01200003972', 'Hammer Of Thor', 'Hammer Of Thor', 4, 1400, 'EGP', 237, '٥شارع بحرى بك اللبان اسكندريه', 'Alexandria', '2021-12-15', '2021-12-15', '4:00 PM', 'none', 0, 'حسام الدين حسن محمد ', '2021-12-15 18:05:17', 'https://www.aswaqinformation.com/'),
(245, 2, 725, 'ناصر راشد عبد الجواد', '01157157117 ', 'Hammer Of Thor', 'Hammer Of Thor', 3, 1200, 'EGP', 239, 'المنوات مركز ابو النمرس الجيزة', 'Giza', '2021-12-15', '2021-12-17', '2:00 PM', 'express', 0, 'الجمعه من 2 الى 4\n3 HAMMER ', '2021-12-15 18:29:57', 'https://m.youm7.com/story/2021/12/15/التشكيل-المتوقع-لمنتخب-مصر-أمام-تونس-فى-نصف-نهائى-كأس/5579862'),
(246, 2, 627, 'عاطف خليفه السمان مصر محافظة قنا  مركز ابوتشت  شارع المستشفي', '01148587519', 'Hammer Of Thor', 'Hammer Of Thor', 4, 1400, 'EGP', 237, 'مصر محافظة قنا      مركز ابوتشت شارع المستشفى عيادة الدكتور عاطف خليفه السمان ', 'Qena', '2021-12-15', '2021-12-15', '4:00 PM', 'express', 0, '', '2021-12-15 18:34:57', 'https://m.youm7.com/');

--
-- Triggers `orderd`
--
DELIMITER $$
CREATE TRIGGER `after_orderd_insert` AFTER INSERT ON `orderd` FOR EACH ROW REPLACE INTO sales_history(emp_id,order_id,action,comment,created_at) VALUES(NEW.emp_id,NEW.pending_id,'approved',NEW.comment,NEW.created_at)
$$
DELIMITER ;
DELIMITER $$
CREATE TRIGGER `after_orderd_update` AFTER UPDATE ON `orderd` FOR EACH ROW IF(NEW.status = 2) THEN
UPDATE products_inventory SET quantity = quantity - NEW.prpieces WHERE product_name = NEW.prname AND inventory_id = 1;
ELSEIF(NEW.status = 3) THEN
UPDATE products_inventory SET quantity = quantity - NEW.prpieces WHERE product_name = NEW.prname AND inventory_id = 2;
ELSEIF(NEW.status = 4) THEN
UPDATE products_inventory SET quantity = quantity - NEW.prpieces WHERE product_name = NEW.prname AND inventory_id = 3;
END IF
$$
DELIMITER ;

-- --------------------------------------------------------

--
-- Table structure for table `orderd_delivery`
--

CREATE TABLE `orderd_delivery` (
  `id` int(11) NOT NULL,
  `orderd_id` int(11) DEFAULT NULL,
  `status` int(11) NOT NULL DEFAULT 0,
  `d_comment` varchar(200) COLLATE utf8_unicode_ci DEFAULT NULL,
  `aramex_code` varchar(210) COLLATE utf8_unicode_ci DEFAULT NULL,
  `approved` int(11) NOT NULL DEFAULT 0,
  `delivery_time` varchar(30) COLLATE utf8_unicode_ci DEFAULT NULL,
  `delivery_date` varchar(30) COLLATE utf8_unicode_ci DEFAULT NULL,
  `emp_call_id` int(11) DEFAULT NULL,
  `emp_delivery_id` int(11) DEFAULT NULL,
  `created_at` timestamp NOT NULL DEFAULT current_timestamp() ON UPDATE current_timestamp(),
  `updated_at` datetime NOT NULL
) ENGINE=InnoDB DEFAULT CHARSET=utf8 COLLATE=utf8_unicode_ci;

--
-- Triggers `orderd_delivery`
--
DELIMITER $$
CREATE TRIGGER `after_od_insert` AFTER INSERT ON `orderd_delivery` FOR EACH ROW INSERT INTO sales_history(emp_id,order_id,action,comment,created_at) VALUES(NEW.emp_call_id,NEW.orderd_id,'distributed to call',NEW.d_comment,NEW.created_at)
$$
DELIMITER ;
DELIMITER $$
CREATE TRIGGER `after_od_update` AFTER UPDATE ON `orderd_delivery` FOR EACH ROW IF(NEW.status = 1) THEN
INSERT INTO sales_history(emp_id,order_id,action,comment,created_at) VALUES(NEW.emp_call_id,NEW.orderd_id,'waiting call',NEW.d_comment,NEW.updated_at);
ELSEIF (NEW.status = 2) THEN
INSERT INTO sales_history(emp_id,order_id,action,comment,created_at) VALUES(NEW.emp_call_id,NEW.orderd_id,'ready',NEW.d_comment,NEW.updated_at);
ELSEIF (NEW.status = 3 AND NEW.approved = 0) THEN
INSERT INTO sales_history(emp_id,order_id,action,comment,created_at) VALUES(NEW.emp_call_id,NEW.orderd_id,'taken a code',NULL,NEW.updated_at);
ELSEIF (NEW.status = 3 AND NEW.approved = 1) THEN
INSERT INTO sales_history(emp_id,order_id,action,comment,created_at) VALUES(NEW.emp_call_id,NEW.orderd_id,'canceld approved',NULL,NEW.updated_at);
ELSEIF (NEW.status = 3 AND NEW.approved = 2) THEN
INSERT INTO sales_history(emp_id,order_id,action,comment,created_at) VALUES(NEW.emp_call_id,NEW.orderd_id,'approved',NULL,NEW.updated_at);

ELSEIF (NEW.status = 4 AND NEW.emp_delivery_id IS NULL) THEN
INSERT INTO sales_history(emp_id,order_id,action,comment,created_at) VALUES(NEW.emp_call_id,NEW.orderd_id,'distributed to call',NULL,NEW.updated_at);

ELSEIF (NEW.status = 5 AND NEW.emp_delivery_id IS NULL) THEN
INSERT INTO sales_history(emp_id,order_id,action,comment,created_at) VALUES(NEW.emp_call_id,NEW.orderd_id,'waiting call',NEW.d_comment,NEW.updated_at);

ELSEIF (NEW.status = 6  AND NEW.emp_delivery_id IS NULL) THEN
INSERT INTO sales_history(emp_id,order_id,action,comment,created_at) VALUES(NEW.emp_call_id,NEW.orderd_id,'distributed to supervisor delivery',NEW.d_comment,NEW.updated_at);

ELSEIF (NEW.status = 6 AND NEW.emp_delivery_id IS NOT NULL AND NEW.approved = 0) THEN
INSERT INTO sales_history(emp_id,order_id,action,comment,created_at) VALUES(NEW.emp_delivery_id,NEW.orderd_id,'distributed to supervisor assistant',NULL,NEW.updated_at);

ELSEIF (OLD.status = 6 AND NEW.status = 7 AND NEW.emp_delivery_id IS NOT NULL AND NEW.emp_delivery_id !=  OLD.emp_delivery_id AND NEW.approved = 0) THEN
INSERT INTO sales_history(emp_id,order_id,action,comment,created_at) VALUES(NEW.emp_delivery_id,NEW.orderd_id,'distributed to delivery man',NULL,NEW.updated_at);

ELSEIF (OLD.status = 7 AND NEW.status = 7 AND NEW.emp_delivery_id = OLD.emp_delivery_id IS NOT NULL AND NEW.approved = 0) THEN
INSERT INTO sales_history(emp_id,order_id,action,comment,created_at) VALUES(NEW.emp_delivery_id,NEW.orderd_id,'edit order by delivery man',NULL,NEW.updated_at);

ELSEIF (NEW.status = 7 AND NEW.emp_delivery_id IS NOT NULL AND NEW.approved = 1) THEN
INSERT INTO sales_history(emp_id,order_id,action,comment,created_at) VALUES(NEW.emp_delivery_id,NEW.orderd_id,'delivered canceld by delivery man',NULL,NEW.updated_at);

ELSEIF (NEW.status = 7 AND NEW.emp_delivery_id IS NOT NULL AND NEW.approved = 2) THEN
INSERT INTO sales_history(emp_id,order_id,action,comment,created_at) VALUES(NEW.emp_delivery_id,NEW.orderd_id,'delivered by delivery man',NULL,NEW.updated_at);

ELSEIF (NEW.status = 8) THEN
INSERT INTO sales_history(emp_id,order_id,action,comment,created_at) VALUES(NEW.emp_delivery_id,NEW.orderd_id,'approved by supervisor assistant',NULL,NEW.updated_at);

ELSEIF (NEW.status = 9) THEN
INSERT INTO sales_history(emp_id,order_id,action,comment,created_at) VALUES(NEW.emp_delivery_id,NEW.orderd_id,'approved by supervisor delivery',NULL,NEW.updated_at);
END IF
$$
DELIMITER ;

-- --------------------------------------------------------

--
-- Table structure for table `pending`
--

CREATE TABLE `pending` (
  `id` int(11) NOT NULL,
  `db_id` int(11) DEFAULT NULL,
  `name` varchar(210) NOT NULL,
  `phone` varchar(50) NOT NULL,
  `address` varchar(250) DEFAULT NULL,
  `city` varchar(50) DEFAULT NULL,
  `pname` varchar(200) NOT NULL,
  `prname` varchar(200) NOT NULL,
  `prprice` float NOT NULL,
  `prpieces` int(11) NOT NULL DEFAULT 1,
  `prcurrency` char(5) NOT NULL,
  `emp_id` int(11) DEFAULT NULL,
  `status` char(10) DEFAULT NULL,
  `pending_comment` varchar(250) DEFAULT NULL,
  `pending_date` varchar(30) DEFAULT NULL,
  `pending_time` varchar(30) DEFAULT NULL,
  `doo` date NOT NULL,
  `dod` date DEFAULT NULL,
  `tod` varchar(30) DEFAULT NULL,
  `created_by` int(11) DEFAULT NULL,
  `created_at` timestamp NOT NULL DEFAULT current_timestamp() ON UPDATE current_timestamp(),
  `lead_from` varchar(255) DEFAULT NULL
) ENGINE=InnoDB DEFAULT CHARSET=utf8;

--
-- Dumping data for table `pending`
--

INSERT INTO `pending` (`id`, `db_id`, `name`, `phone`, `address`, `city`, `pname`, `prname`, `prprice`, `prpieces`, `prcurrency`, `emp_id`, `status`, `pending_comment`, `pending_date`, `pending_time`, `doo`, `dod`, `tod`, `created_by`, `created_at`, `lead_from`) VALUES
(75, 1, 'ملك محمد', '01117871893', 'الشرقيه', NULL, 'Pysillium', 'Pysillium', 649, 1, 'EGP', NULL, 'not answer', '', '', '', '2021-12-05', NULL, NULL, 12, '2021-12-13 18:19:06', 'https://gate.ahram.org.eg/'),
(99, 7, 'ناصر', '01012300528', 'اورين', NULL, 'Titan', 'Titan', 649, 1, 'USD', 15, 'call again', 'صاحبه اللي طلب  هكلموة بكرة', '2021-12-06', '1:50 PM', '2021-12-06', NULL, NULL, 12, '2021-12-12 16:22:27', 'Not Detected'),
(113, 2, 'عصام', '01227587978', 'امبابه الجيزه', NULL, 'Hammer Of Thor', 'Hammer Of Thor', 599, 1, 'EGP', NULL, 'call again', 'NA - بعتله واتس', '2021-12-06', '1:55 PM', '2021-12-06', NULL, NULL, 12, '2021-12-13 18:18:42', 'https://www.akhbaroukoum.com/'),
(151, 2, 'محمد احمد محمد عبد الوهاب ', '01154169568', 'المنيا بني مزار ', 'Minya', 'Hammer Of Thor', 'Hammer Of Thor', 599, 1, 'EGP', 240, 'dod', 'هيستلم يوم 28 ', '2021-12-06', '3:07 PM', '2021-12-06', '2021-12-10', '6:00 PM', 12, '2021-12-10 16:42:06', 'https://m.youm7.com/'),
(160, 2, 'مصطفى جمال الدين', '01002066285', 'برج الحرية رقم3 كوبرى عرابى شبرا', NULL, 'Hammer Of Thor', 'Hammer Of Thor', 599, 1, 'EGP', NULL, 'call again', 'الاربعاء هيرد عليا + NA + بعتله ', '2021-12-06', '6:36 PM', '2021-12-06', NULL, NULL, 12, '2021-12-13 15:32:05', 'https://www.elwatannews.com/'),
(185, 2, 'مجدى عبد الغني احمد ', '01148852461', 'أسيوط مركز أسيوط قريه موشا ', NULL, 'Hammer Of Thor', 'Hammer Of Thor', 599, 1, 'EGP', NULL, 'not answer', '', '', '', '2021-12-07', NULL, NULL, 136, '2021-12-13 18:19:06', ''),
(205, 4, 'اسامه عزت عبدالعزيز', '010142293233', 'محافظة أسيوط تقسيم الحقوقين شارع رقم واحد عماره عشره دور اول شقه واحد', 'Asyout', 'Garcinia', 'Garcinia', 2000, 6, 'EGP', 238, 'dod', 'اكلمه ', NULL, NULL, '2021-12-07', '2021-12-14', '4:00 PM', 136, '2021-12-07 17:40:30', 'https://gate.ahram.org.eg/'),
(304, 2, 'منير محمود عثمان سليمان', '01203441993', '145سارع قنال السويس محرم بك الاسكندريه', NULL, 'Hammer Of Thor', 'Hammer Of Thor', 599, 1, 'EGP', NULL, 'call again', 'مغلق', '2021-12-09', '3:35 PM', '2021-12-09', NULL, NULL, 136, '2021-12-13 18:18:42', 'https://m.youm7.com/'),
(336, 7, 'فايز.نجيب.المصري', '01279633058', 'المنيا', NULL, 'Titan', 'Titan', 649, 1, 'USD', NULL, 'not answer', '', '2021-12-15', '2:50 PM', '2021-12-10', NULL, NULL, 136, '2021-12-15 19:39:36', 'Not Detected'),
(338, 7, 'احمد محمود ', '01025500532', 'القاهره', NULL, 'Titan', 'Titan', 649, 1, 'USD', 239, 'call again', 'شويه وهيكلمنى + مغلق ', '2021-12-10', '4:38 PM', '2021-12-10', NULL, NULL, 136, '2021-12-13 17:49:22', 'Not Detected'),
(339, 7, 'محمد السماحي', '01559787388', 'الغربيه ', NULL, 'Titan', 'Titan', 649, 1, 'USD', 239, 'not answer', '', '', '', '2021-12-10', NULL, NULL, 136, '2021-12-13 17:56:12', 'Not Detected'),
(340, 7, 'ايمن محمد احمد سعودي', '01284340232', 'محافظة الشرقيه مركز أبو حماد مدينة القرين ', NULL, 'Titan', 'Titan', 649, 1, 'USD', 239, 'call again', 'فتح وقفل ', '2021-12-11', '4:04 PM', '2021-12-10', NULL, NULL, 136, '2021-12-12 14:18:12', 'Not Detected'),
(345, 7, 'حسن', '01155775228', 'مدينةالشروق', 'Alexandria', 'Titan', 'Titan', 649, 1, 'USD', 240, 'dod', '50 سكر ضغط منشطات حركة مبطل تدخين معدوم الانتصاب حجم 3\nهكلمه الحد يوم 19', '2021-12-11', '2:57 PM', '2021-12-10', '2021-12-12', '6:00 PM', 136, '2021-12-12 16:04:24', 'Not Detected'),
(368, 2, 'ابوصلا', '01066066311', 'البخيره', NULL, 'Hammer Of Thor', 'Hammer Of Thor', 599, 1, 'EGP', NULL, 'call again', 'شوبه', '2021-12-11', '3:47 PM', '2021-12-10', NULL, NULL, 136, '2021-12-13 18:18:42', 'https://m.youm7.com/'),
(393, 7, 'عمرو صلاح البدري', '01001421810', 'محافظه السويس', NULL, 'Titan', 'Titan', 649, 1, 'USD', NULL, 'not answer', '', '2021-12-15', '7:33 PM', '2021-12-10', NULL, NULL, 136, '2021-12-15 19:34:46', 'Not Detected'),
(404, 2, 'عبده منير', '01116355521', 'الهرم شارع العروبه', NULL, 'Hammer Of Thor', 'Hammer Of Thor', 599, 1, 'EGP', NULL, 'call again', 'مش بيرد', '2021-12-10', '6:05 PM', '2021-12-10', NULL, NULL, 136, '2021-12-13 18:18:42', 'https://m.youm7.com/'),
(405, 7, 'محمد محمود المصطفى عدلى', '01008884185', 'ش الحريه حاره المنجدين الفيوم', NULL, 'Titan', 'Titan', 649, 1, 'USD', NULL, 'call again', 'off', '2021-12-15', '2:52 PM', '2021-12-10', NULL, NULL, 136, '2021-12-15 14:53:43', 'Not Detected'),
(418, 2, 'ناصرفرغل', '01156161759', 'سوهاج البلينا ', NULL, 'Hammer Of Thor', 'Hammer Of Thor', 599, 1, 'EGP', NULL, 'not answer', '', '', '', '2021-12-11', NULL, NULL, 235, '2021-12-13 18:19:06', 'https://m.youm7.com/'),
(425, 2, 'خالد عبدالفتاح', '01021133880', 'عزبه رزق القوصله ديرب نجم', NULL, 'Hammer Of Thor', 'Hammer Of Thor', 599, 1, 'EGP', NULL, 'call again', 'ربع ساعه-مش بيرد', '2021-12-11', '1:37 PM', '2021-12-11', NULL, NULL, 235, '2021-12-13 18:18:42', 'https://www.elmostaqbal.com/566229/2021/12/09/المالية-تعلن-موعد-صرف-أخر-مرتبات-الموظ/'),
(429, 2, 'االسيد رشدي عبداللطيف خليل', '01002466740', 'جم‘ب ', NULL, 'Hammer Of Thor', 'Hammer Of Thor', 599, 1, 'EGP', NULL, 'call again', 'اسبوع', '2021-12-11', '2:59 PM', '2021-12-11', NULL, NULL, 235, '2021-12-13 18:18:42', 'https://m.youm7.com/'),
(434, 7, 'اكمل', '01009211188    اكرامى السعودي', 'دمهنور كوبري علوى في شارع المقريزى ', 'Beheira', 'Titan', 'Titan', 1050, 3, 'EGP', 239, 'dod', 'اكلموا قبلها ', '2021-12-11', '3:12 PM', '2021-12-11', '2021-12-18', '2:00 PM', 235, '2021-12-11 16:25:16', 'Not Detected'),
(455, 2, 'سعيد', '01066366503', 'دمنهور', NULL, 'Hammer Of Thor', 'Hammer Of Thor', 599, 1, 'EGP', NULL, 'call again', 'سعيد عصفوره  يوم الخميس ', '2021-12-11', '2:16 PM', '2021-12-11', NULL, NULL, 136, '2021-12-13 18:18:42', 'https://m.youm7.com/'),
(458, 2, 'احمد حلمي', '01142623221', 'المنصوره منيت سندوب', NULL, 'Hammer Of Thor', 'Hammer Of Thor', 599, 1, 'EGP', NULL, 'call again', 'مغلق او غير متاح', '2021-12-11', '4:16 PM', '2021-12-11', NULL, NULL, 136, '2021-12-13 18:18:42', 'https://m.youm7.com/'),
(473, 7, 'اسماعيل', '01221823066', 'العاشر من رمضان', NULL, 'Titan', 'Titan', 649, 1, 'USD', 237, 'not answer', '', '2021-12-12', '5:58 PM', '2021-12-12', NULL, NULL, 136, '2021-12-15 19:56:54', 'Not Detected'),
(479, 7, 'اشرف امام حين', '01122548818', '5شارع امام حسن من عبد الحميد مكي حائق المعادي', NULL, 'Titan', 'Titan', 649, 1, 'USD', 222, 'call again', 'نايم ', '2021-12-12', '2:40 PM', '2021-12-12', NULL, NULL, 136, '2021-12-13 18:24:39', 'Not Detected'),
(484, 4, 'جنى ', '01228803886', 'شارع عبد', NULL, 'Garcinia', 'Garcinia', 649, 1, 'EGP', 238, 'not answer', '', '', '', '2021-12-12', NULL, NULL, 136, '2021-12-12 13:42:31', 'https://m.youm7.com/'),
(487, 2, 'سليمان سالم ', '01061011670', 'مدينة العاشر من رمضان مجاورة ١٧ شارع ابو دجانه', NULL, 'Hammer Of Thor', 'Hammer Of Thor', 599, 1, 'EGP', 207, 'call again', 'مش بيرد / بعتله وتس', '2021-12-12', '1:57 PM', '2021-12-12', NULL, NULL, 136, '2021-12-15 19:33:28', 'https://m.youm7.com/'),
(488, 2, 'أسامة جيد ', '01227648444', '١٥ شارع السلام عزبة العرب المقاولون العرب مدينة نصر خلف مستشفى الشيخ زايد الاتصال بعد الساعة السابعة مساء لظروف العمل ', NULL, 'Hammer Of Thor', 'Hammer Of Thor', 599, 1, 'EGP', 207, 'call again', 'طلب نكلمه بعد 7 م', '2021-12-12', '2:00 PM', '2021-12-12', NULL, NULL, 136, '2021-12-12 14:04:59', 'https://m.youm7.com/'),
(497, 2, 'محمدسالم.سلامه', '01225815547', 'الواسطه بنى.سويف', 'Aswan', 'Hammer Of Thor', 'Hammer Of Thor', 599, 1, 'EGP', 240, 'dod', '47ضربات قلبه سريعه \nاخر الشهر يوم 30', '2021-12-12', '1:14 PM', '2021-12-12', '2021-12-15', '6:00 PM', 136, '2021-12-15 18:40:42', 'https://www.elmostaqbal.com/566830/2021/12/12/الصحة-تُعلن-تسجيل-879-إصابة-جديدة-بفيروس/'),
(498, 2, 'mostafa', '01121706018', 'سارع حلمى الشريف', 'Aswan', 'Hammer Of Thor', 'Hammer Of Thor', 599, 1, 'EGP', 240, 'dod', '33 لا امراض لا منشطات مكتبيه لا يوجد وزن زيادة ضعف انتصاب لا تدخين \nهكلمه كمان يومين ', '2021-12-12', '7:55 PM', '2021-12-12', '2021-12-13', '6:00 PM', 136, '2021-12-13 19:51:22', 'https://m.youm7.com/'),
(502, 2, 'وضاح', '01125066571', 'الفيصل', NULL, 'Hammer Of Thor', 'Hammer Of Thor', 599, 1, 'EGP', 237, 'call again', 'مغلق', '2021-12-12', '2:22 PM', '2021-12-12', NULL, NULL, 136, '2021-12-12 14:28:25', 'https://www.alwattan.net/'),
(505, 2, 'انور سعيد', '01102627778', 'القاهرة مصر القديمة الحسين شارع المعز ', 'Cairo', 'Hammer Of Thor', 'Hammer Of Thor', 1250, 3, 'EGP', 207, 'dod', 'طلب يستلم الاربعاء 15/12 وهيستلم 2 تيتان + 1 هامر ب 1250 عندة 24 سنة وسايغ', '2021-12-12', '3:26 PM', '2021-12-12', '2021-12-15', '5:00 PM', 136, '2021-12-12 19:04:03', 'https://www.elmostaqbal.com/566472/2021/12/10/لو-مرتبك-1500-جنيه-روح-على-البنك-الأهلي-فور/'),
(525, 7, 'الاسم  محمد حسين  السيد', '01281139674', 'المنشية شارع النصر', NULL, 'Titan', 'Titan', 649, 1, 'USD', 15, 'not answer', '', '', '', '2021-12-13', NULL, NULL, 136, '2021-12-13 16:34:11', 'Not Detected'),
(530, 7, 'ايمن محمود', '01121555699', 'البراكين مركز اوسىم جىزة', NULL, 'Titan', 'Titan', 649, 1, 'USD', 222, 'call again', '6 ', '2021-12-13', '5:44 PM', '2021-12-13', NULL, NULL, 136, '2021-12-13 17:48:27', 'Not Detected'),
(531, 7, 'محمد سيد محمود ', '01006310460', 'سوهاج ش الجرجاوية ا لشرقى أعلى شركة المهاجر الخميس والجمعة اجازةح', NULL, 'Titan', 'Titan', 649, 1, 'USD', 222, 'call again', '6\n', '2021-12-13', '6:03 PM', '2021-12-13', NULL, NULL, 136, '2021-12-13 18:04:08', 'Not Detected'),
(539, 2, 'عب الرازق  زايد', '01001707898', 'المعادي', NULL, 'Hammer Of Thor', 'Hammer Of Thor', 599, 1, 'EGP', 207, 'call again', 'مش بيرد', '2021-12-13', '2:16 PM', '2021-12-13', NULL, NULL, 136, '2021-12-14 15:18:55', 'https://www.elmostaqbal.com/567116/2021/12/13/شاهد-وزير-النقل-يوجه-رسالة-خاصة-إلى-أه/'),
(548, 2, 'تامر ', '01112333160', 'مدينه نصر', 'Cairo', 'Hammer Of Thor', 'Hammer Of Thor', 599, 1, 'EGP', 240, 'dod', '44 ضغط منشطات مدخن مكتبية وحركة \nهبعتله واتساب \nهيسال الدكتور بتاعه ', NULL, NULL, '2021-12-13', '2021-12-13', '6:00 PM', 136, '2021-12-14 19:00:59', 'https://zamalek.news/'),
(549, 2, 'محمد محسن ', '01001495984', 'مدينه نصر', NULL, 'Hammer Of Thor', 'Hammer Of Thor', 599, 1, 'EGP', 240, 'not answer', '', '2021-12-14', '2:33 PM', '2021-12-13', NULL, NULL, 136, '2021-12-14 15:01:23', ''),
(550, 2, 'اشرف محمد ', '01006957300', 'الشرقيه منيا القمح', NULL, 'Hammer Of Thor', 'Hammer Of Thor', 599, 1, 'EGP', 240, 'call again', 'هياجل الستلام للاسبوع الجاى ', '2021-12-14', '2:12 PM', '2021-12-13', NULL, NULL, 136, '2021-12-14 16:25:54', 'https://www.elmostaqbal.com/566775/2021/12/11/بعد-تأهل-المنتخب-تعرف-على-موعد-قمة-مصر/'),
(551, 2, 'محمد على الشعيري ', '01225601156', ' الاسماعيليه  منطقة الشيخ زايد بجوار مسجد بدر ', 'Ismailia', 'Hammer Of Thor', 'Hammer Of Thor', 1000, 3, 'EGP', 240, 'dod', '40 لا امراض لا منشطات مدخن حركة سرعة قذف ضعف انتصاب\nيوم 27 هيستلم \n\n\n', NULL, NULL, '2021-12-13', '2021-12-13', '5:00 PM', 136, '2021-12-13 13:53:59', 'https://m.youm7.com/story/2018/3/16/استخدم-الطب-البديل-لعلاج-ارتخاء-عضلة-القلب-بالأعشاب-ومنها-الزعرور/3695467'),
(557, 7, 'اسلام عبد الحميد محمود', '01100358954', 'السادس من اكتوبر', NULL, 'Titan', 'Titan', 649, 1, 'USD', 224, 'call again', ' هظبط كدا وارن عليك ', '2021-12-13', '5:18 PM', '2021-12-13', NULL, NULL, 136, '2021-12-13 17:42:58', 'Not Detected'),
(573, 7, 'ربيع', '01030656750', 'ام خنان جيزءشارع مسجد الحاخه زئنب', NULL, 'Titan', 'Titan', 649, 1, 'USD', 224, 'not answer', '', '', '', '2021-12-14', NULL, NULL, 235, '2021-12-14 14:18:55', 'Not Detected'),
(583, 7, 'Essam mohamed ', '01064201052', 'ميت غمر الدقهلية ', NULL, 'Titan', 'Titan', 649, 1, 'USD', 222, 'call again', 'مغلق ', '2021-12-14', '2:43 PM', '2021-12-14', NULL, NULL, 235, '2021-12-14 14:44:09', 'Not Detected'),
(588, 2, 'محمد حسين', '01069779773', 'قنا   الشئون بجوار محل الفردوس للحلويات', NULL, 'Hammer Of Thor', 'Hammer Of Thor', 599, 1, 'EGP', 207, 'call again', 'مش بيرد', '2021-12-14', '2:42 PM', '2021-12-14', NULL, NULL, 235, '2021-12-14 15:39:41', 'https://m.youm7.com/story/2021/12/14/مواعيد-مباريات-اليوم-الثلاثاء-14-12-2021-والقنوات-الناقلة/5577658'),
(598, 2, 'Samir', '01017668877', 'مصر الاسكندريه شارع القاهرة ', NULL, 'Hammer Of Thor', 'Hammer Of Thor', 599, 1, 'EGP', 237, 'call again', 'مش بيجمع', '2021-12-14', '3:53 PM', '2021-12-14', NULL, NULL, 235, '2021-12-14 16:11:09', ''),
(599, 2, 'محمد بشير', '01032429806', 'المنصوره منية النصر', NULL, 'Hammer Of Thor', 'Hammer Of Thor', 599, 1, 'EGP', 237, 'not answer', '', '2021-12-15', '6:20 PM', '2021-12-14', NULL, NULL, 235, '2021-12-15 18:23:00', 'https://m.youm7.com/'),
(606, 7, 'جورج ', '01066896576', 'باسوس القليوبية', NULL, 'Titan', 'Titan', 649, 1, 'USD', 240, 'call again', 'بعتله واتساب ', '2021-12-15', '3:31 PM', '2021-12-14', NULL, NULL, 12, '2021-12-15 15:35:29', 'Not Detected'),
(609, 2, 'محمد صديق', '01093339238', 'مدينة العاشر من رمضان مجاورة 13 مربع جي', 'Aswan', 'Hammer Of Thor', 'Hammer Of Thor', 1000, 1, 'EGP', 240, 'dod', 'no answer \nهبعت واتساب \n39 لا امراض مدخن منشطات  مكتبية وحركة سرعة قذف \nهكلمه السبت يوم 18\n', '2021-12-14', '4:17 PM', '2021-12-14', '2021-12-15', '6:00 PM', 12, '2021-12-15 18:20:38', 'https://m.youm7.com/'),
(610, 2, 'ابراهيم فتحى البيومى', '01007410950', 'ميت حواي السنطه غربيه', 'Asyout', 'Hammer Of Thor', 'Hammer Of Thor', 599, 1, 'EGP', 240, 'dod', '60 لا امراض مدخن \nمكتبي \nضعف انتصاب سرعة قذف  \nيوم السبت يوم 18 \n', '2021-12-14', '2:32 PM', '2021-12-14', '2021-12-14', '6:00 PM', 12, '2021-12-14 16:17:29', 'https://sport.elwatannews.com/'),
(615, 7, 'عمر الشاذلي', '01001744018', 'مصر الجديدة', NULL, 'Titan', 'Titan', 649, 1, 'USD', 222, 'call again', 'بكرا الساعة 3\n', '2021-12-14', '6:36 PM', '2021-12-14', NULL, NULL, 12, '2021-12-14 18:58:33', 'Not Detected'),
(617, 2, 'سعيد احمد', '01115151380', 'بجوار مسجد مصباح  منطقة الجمال بجوارصيدليه دكتور فتحي/الصف/الجيزه ', 'Cairo', 'Hammer Of Thor', 'Hammer Of Thor', 599, 1, 'EGP', 240, 'dod', 'هيستلم يوم 24  الجمعه ', NULL, NULL, '2021-12-14', '2021-12-14', '6:00 PM', 12, '2021-12-14 17:22:33', 'https://www.youm7.com/'),
(619, 7, 'محمد مزروع', '01013393324', 'مصر الجديده /مركز الجماليه /الدقهليه', NULL, 'Titan', 'Titan', 649, 1, 'USD', 222, 'call again', 'بكرا ', '2021-12-14', '8:19 PM', '2021-12-14', NULL, NULL, 12, '2021-12-14 20:25:41', 'Not Detected'),
(620, 2, 'Walid', '01229496145', 'الاسكندريه', NULL, 'Hammer Of Thor', 'Hammer Of Thor', 599, 1, 'EGP', 237, 'call again', 'مش بيجمع	', '2021-12-14', '5:39 PM', '2021-12-14', NULL, NULL, 12, '2021-12-14 18:31:57', 'https://m.youm7.com/'),
(630, 2, 'محمد', '01141863692', 'السويس - الجناين- محطة الشلوفه- ', 'Suez', 'Hammer Of Thor', 'Hammer Of Thor', 1000, 3, 'EGP', 237, 'dod', 'محمد عاشور محمد حسين \n27-مدخن - ', NULL, NULL, '2021-12-15', '2021-12-16', '4:00 PM', 12, '2021-12-15 15:18:15', 'https://m.youm7.com/'),
(631, 2, 'Hussein', '01000111072', '1 ميدان أمين فكرى السيوفى خلف الامانه العامه لوزاره الدفاع وبجوار اداره حرس الحدود', NULL, 'Hammer Of Thor', 'Hammer Of Thor', 599, 1, 'EGP', 237, 'call again', 'مغلق	', '2021-12-15', '3:18 PM', '2021-12-15', NULL, NULL, 12, '2021-12-15 19:59:39', 'https://m.youm7.com/'),
(634, 2, 'السيد شاكر', '01204490537', 'الاسكندريه', NULL, 'Hammer Of Thor', 'Hammer Of Thor', 599, 1, 'EGP', 237, 'call again', 'ساعه', '2021-12-15', '3:37 PM', '2021-12-15', NULL, NULL, 12, '2021-12-15 15:39:30', 'https://m.youm7.com/'),
(638, 2, 'عبده حاتم', '01224238849', 'الغربيه طنطا شارع سعد الدين سنتر الكردي محل أبو الفتوح الاكسسوار الموبايل', NULL, 'Hammer Of Thor', 'Hammer Of Thor', 599, 1, 'EGP', 240, 'call again', 'غير متاح ', '2021-12-15', '1:36 PM', '2021-12-15', NULL, NULL, 12, '2021-12-15 18:36:03', 'https://m.youm7.com/'),
(648, 7, 'مصطفى.عبدربه.معوض', '01009165493', 'البحر.الاحمر.الغردقه', NULL, 'Titan', 'Titan', 649, 1, 'USD', 239, 'not answer', '', '', '', '2021-12-15', NULL, NULL, 12, '2021-12-15 15:39:46', 'Not Detected'),
(652, 7, 'محمد', '01225397864', 'بلبيس شرقيه', 'Asyout', 'Titan', 'Titan', 649, 1, 'USD', 240, 'dod', '40 لا امراض مدخن لا منشطات مكتبية حجم \nهكلمه يوم 22', NULL, NULL, '2021-12-15', '2021-12-15', '6:00 PM', 12, '2021-12-15 13:33:23', 'Not Detected'),
(653, 7, 'حسين صالح السيد', '01010143214', 'محطه مترو ارض المعارض الخط الثالث', NULL, 'Titan', 'Titan', 649, 1, 'USD', 240, 'call again', 'مش بيرد بعتله واتساب ', '2021-12-15', '3:30 PM', '2021-12-15', NULL, NULL, 12, '2021-12-15 15:42:45', 'Not Detected'),
(655, 2, 'سعد', '01223870708   سعد محمد سعد', 'شركه CMA في شارع السلطان حسين بجوار مستشفي السلامه ', 'Alexandria', 'Hammer Of Thor', 'Hammer Of Thor', 1200, 3, 'EGP', 239, 'dod', 'الاحد من 4 الى 6 \n3 HAMMER ', NULL, NULL, '2021-12-15', '2021-12-19', '5:00 PM', 12, '2021-12-15 16:47:32', 'Not Detected'),
(656, 2, 'محمدعبد المجيد علي ', '01210116261', 'بني سويف مركز سمسطا ', NULL, 'Hammer Of Thor', 'Hammer Of Thor', 599, 1, 'EGP', 239, 'not answer', '', '', '', '2021-12-15', NULL, NULL, 12, '2021-12-15 16:49:59', 'https://m.youm7.com/'),
(658, 7, 'ياسرابراهيم', '01270717686', 'شارع.زين.العابدين.شبرا.البلد', NULL, 'Titan', 'Titan', 649, 1, 'USD', 237, 'call again', 'نص ساعه-غبي-52-سكر - قلب -  فصل  بيكنسل', '2021-12-15', '4:09 PM', '2021-12-15', NULL, NULL, 12, '2021-12-15 16:55:11', 'Not Detected'),
(660, 2, 'الحاج؛ سامي؛ مصطفي', '01000310055', 'ديسط، مركزطلخا؛ محافظه؛ االدقهليهس', NULL, 'Hammer Of Thor', 'Hammer Of Thor', 599, 1, 'EGP', 238, 'not answer', '', '', '', '2021-12-15', NULL, NULL, 12, '2021-12-15 18:05:38', ''),
(690, NULL, 'mr. gehad sayed hazem', '+201211168008', 'miami', NULL, 'Xtraman', 'Xtraman', 649, 1, 'EGP', 121, 'None', NULL, NULL, NULL, '2020-09-10', '2021-12-15', NULL, 230, '2021-12-15 15:13:30', NULL),
(716, 8, 'morsy test', '5464564565656', 'dfgdfgg', NULL, 'Xtraman', 'Xtraman', 649, 1, 'EGP', 121, 'New', NULL, NULL, NULL, '2021-12-15', '2021-12-15', NULL, 230, '2021-12-15 15:14:58', ''),
(718, 8, 'morsy test 3', '54535656566', 'gdfgg', NULL, 'Xtraman', 'Xtraman', 649, 1, 'EGP', 242, 'New', NULL, NULL, NULL, '2021-12-15', '2021-12-15', NULL, 230, '2021-12-15 16:06:38', ''),
(719, 2, 'ايمن لطفي', '01114545548', 'مدينة بدر ', NULL, 'Hammer Of Thor', 'Hammer Of Thor', 599, 1, 'EGP', 237, 'call again', 'مغلق	', '2021-12-15', '5:41 PM', '2021-12-15', NULL, NULL, 12, '2021-12-15 17:43:45', 'https://sport.elwatannews.com/'),
(721, 2, 'محمود عمر ', '01285389166', 'اسوان الصداقه الجديد', NULL, 'Hammer Of Thor', 'Hammer Of Thor', 599, 1, 'EGP', 237, 'not answer', '', '', '', '2021-12-15', NULL, NULL, 12, '2021-12-15 18:20:45', 'https://m.youm7.com/'),
(723, 2, 'اسامه فكري جاد ', '01014472267', 'جسر السويس ٤شارع جامع الحرمين الدور الخامس مدينه قباء', NULL, 'Hammer Of Thor', 'Hammer Of Thor', 599, 1, 'EGP', 203, 'call again', 'اكلمه الساعه 6 ونص ', '2021-12-15', '4:54 PM', '2021-12-15', NULL, NULL, 12, '2021-12-15 17:40:30', 'https://m.youm7.com/'),
(724, 2, 'محمود', '01125060677', 'الهرم', NULL, 'Hammer Of Thor', 'Hammer Of Thor', 599, 1, 'EGP', 207, 'call again', 'طلب اكلمه 6 مساءا', '2021-12-15', '6:36 PM', '2021-12-15', NULL, NULL, 12, '2021-12-15 19:05:04', 'https://www.elmostaqbal.com/567640/2021/12/15/عاجل-مد-فترة-التسجيل-بمنتدى-شباب-العال/'),
(726, 2, 'عبدالمومن', '01064692806    عبدالمومن', 'مركز ميت غمر الدقهليه', 'Dakahlia', 'Hammer Of Thor', 'Hammer Of Thor', 1200, 3, 'EGP', 239, 'dod', 'بكره هيرد عليا ', NULL, NULL, '2021-12-15', '2021-12-15', '11:00 AM', 12, '2021-12-15 18:54:31', 'https://m.youm7.com/');

--
-- Triggers `pending`
--
DELIMITER $$
CREATE TRIGGER `after_pending_insert` AFTER INSERT ON `pending` FOR EACH ROW UPDATE project_count SET count = count + 1, created_at = NEW.created_at WHERE name = NEW.pname
$$
DELIMITER ;
DELIMITER $$
CREATE TRIGGER `after_pending_update` AFTER UPDATE ON `pending` FOR EACH ROW INSERT INTO sales_history(emp_id,order_id,action,comment,created_at) VALUES(NEW.emp_id,NEW.id,NEW.status,NEW.pending_comment,NEW.created_at)
$$
DELIMITER ;

-- --------------------------------------------------------

--
-- Table structure for table `pending_dublicate`
--

CREATE TABLE `pending_dublicate` (
  `id` int(11) NOT NULL,
  `db_id` int(11) DEFAULT NULL,
  `name` varchar(210) NOT NULL,
  `phone` varchar(50) NOT NULL,
  `address` varchar(250) DEFAULT NULL,
  `city` varchar(50) DEFAULT NULL,
  `pname` varchar(200) NOT NULL,
  `prname` varchar(200) NOT NULL,
  `prprice` float NOT NULL,
  `prpieces` int(11) NOT NULL DEFAULT 1,
  `prcurrency` char(5) NOT NULL,
  `emp_id` int(11) DEFAULT NULL,
  `status` char(10) DEFAULT NULL,
  `pending_comment` varchar(250) DEFAULT NULL,
  `pending_date` varchar(30) DEFAULT NULL,
  `pending_time` varchar(30) DEFAULT NULL,
  `doo` date NOT NULL,
  `dod` date DEFAULT NULL,
  `created_by` int(11) DEFAULT NULL,
  `created_at` timestamp NOT NULL DEFAULT current_timestamp() ON UPDATE current_timestamp(),
  `lead_from` varchar(255) DEFAULT NULL
) ENGINE=InnoDB DEFAULT CHARSET=utf8;

--
-- Dumping data for table `pending_dublicate`
--

INSERT INTO `pending_dublicate` (`id`, `db_id`, `name`, `phone`, `address`, `city`, `pname`, `prname`, `prprice`, `prpieces`, `prcurrency`, `emp_id`, `status`, `pending_comment`, `pending_date`, `pending_time`, `doo`, `dod`, `created_by`, `created_at`, `lead_from`) VALUES
(5, 2, 'lasheen mohamed lotfy soliman', '00201274553305', 'بورسعيد فندق اركان', NULL, 'Hammer Of Thor', 'Hammer Of Thor', 599, 1, 'EGP', 238, 'New', NULL, NULL, NULL, '2021-12-05', '2021-12-05', 12, '2021-12-05 11:52:29', 'https://www.youm7.com/'),
(6, 2, 'amr elsohagy', '01000381211', 'منتجع دار المنى للعلاج الطبيعي-الشيخ زايد', NULL, 'Hammer Of Thor', 'Hammer Of Thor', 599, 1, 'EGP', 121, 'New', NULL, NULL, NULL, '2021-12-06', '2021-12-06', 12, '2021-12-06 11:59:02', 'https://sport.elwatannews.com/'),
(7, 2, 'خلف', '01220235990', 'تجمع الخامس القطاميه شارع النصر بجوار صيدليه دواء', NULL, 'Hammer Of Thor', 'Hammer Of Thor', 599, 1, 'EGP', 121, 'New', NULL, NULL, NULL, '2021-12-07', '2021-12-07', 136, '2021-12-07 11:46:35', 'https://m.youm7.com/story/2021/12/6/التعليم-تعلن-مواعيد-امتحانات-نصف-العام-للصف-الرابع-الابتدائى/5568454'),
(8, 2, 'السيد محمد', '01018148123', 'مركز ابوحماد شرقيه قرية القطاويه بجوار صيدليه كريم', NULL, 'Hammer Of Thor', 'Hammer Of Thor', 599, 1, 'EGP', 121, 'New', NULL, NULL, NULL, '2021-12-07', '2021-12-07', 136, '2021-12-07 11:46:35', 'https://www.elmostaqbal.com/565037/2021/12/04/عاجل-الذهب-بأسعار-زمان-لمدة-يومين-بسبب/'),
(9, 2, 'Osama', '01270107969', 'الدقي  ٤٠ شارع الزهراء', NULL, 'Hammer Of Thor', 'Hammer Of Thor', 599, 1, 'EGP', 121, 'New', NULL, NULL, NULL, '2021-12-10', '2021-12-10', 136, '2021-12-10 15:00:31', 'https://m.youm7.com/'),
(10, 2, 'علاء ', '01015303523', 'المحمودية بحيره', NULL, 'Hammer Of Thor', 'Hammer Of Thor', 599, 1, 'EGP', 121, 'New', NULL, NULL, NULL, '2021-12-10', '2021-12-10', 136, '2021-12-10 15:00:31', 'https://m.youm7.com/story/2021/12/9/موعد-مباراة-منتخب-مصر-والأردن-في-كأس-العرب-والقنوات-الناقلة/5572109'),
(11, 2, 'السيد فتوح السيد ', '00201096584965', 'المنصوره/ السنبلاوين/ برقين ', NULL, 'Hammer Of Thor', 'Hammer Of Thor', 599, 1, 'EGP', 121, 'New', NULL, NULL, NULL, '2021-12-10', '2021-12-10', 136, '2021-12-10 15:00:31', 'https://m.youm7.com/story/2021/12/8/ضحايا-مستريحة-المنصورة-يروون-تفاصيل-النصب-عليهم-جمعت-50-مليون/5569959'),
(12, 2, 'خالد حماده محمد محمود خاطر', '01067591811', ' الجماليه دقهليه', NULL, 'Hammer Of Thor', 'Hammer Of Thor', 599, 1, 'EGP', 121, 'New', NULL, NULL, NULL, '2021-12-10', '2021-12-10', 136, '2021-12-10 15:00:31', 'https://m.youm7.com/'),
(13, 7, ' اسماعيل محمود عمر', '01221823066', 'العاشر من رمضان', NULL, 'Titan', 'Titan', 649, 1, 'USD', 121, 'New', NULL, NULL, NULL, '2021-12-12', '2021-12-12', 136, '2021-12-12 11:41:20', 'Not Detected'),
(14, 7, 'محمد اسماعيل النمر', '01024767970', 'طنطا بجوار الاستاد', NULL, 'Titan', 'Titan', 649, 1, 'USD', 121, 'New', NULL, NULL, NULL, '2021-12-12', '2021-12-12', 136, '2021-12-12 11:41:20', 'Not Detected'),
(15, 2, 'صبحي', '01140022416', 'المعموره', NULL, 'Hammer Of Thor', 'Hammer Of Thor', 599, 1, 'EGP', 121, 'New', NULL, NULL, NULL, '2021-12-14', '2021-12-14', 235, '2021-12-14 12:12:29', 'https://m.youm7.com/story/2021/12/11/تحويلات-مرورية-بسبب-الهبوط-الأرضى-بسيدى-بشر-فى-الإسكندرية-صور/5574187'),
(16, 2, 'مروان فاروق', '01223309993', '6 اكتوبر', NULL, 'Hammer Of Thor', 'Hammer Of Thor', 599, 1, 'EGP', 239, 'New', NULL, NULL, NULL, '2021-12-15', '2021-12-15', 12, '2021-12-15 12:40:45', 'https://www.youm7.com/');

-- --------------------------------------------------------

--
-- Table structure for table `products_inventory`
--

CREATE TABLE `products_inventory` (
  `id` int(11) NOT NULL,
  `inventory_id` int(11) NOT NULL,
  `product_name` varchar(100) NOT NULL,
  `quantity` int(11) NOT NULL,
  `created_at` datetime NOT NULL,
  `updated_at` datetime NOT NULL
) ENGINE=InnoDB DEFAULT CHARSET=utf8;

-- --------------------------------------------------------

--
-- Table structure for table `project_count`
--

CREATE TABLE `project_count` (
  `id` int(11) NOT NULL,
  `name` varchar(50) COLLATE utf8mb4_unicode_ci NOT NULL,
  `count` int(11) NOT NULL,
  `created_at` timestamp NOT NULL DEFAULT current_timestamp() ON UPDATE current_timestamp()
) ENGINE=InnoDB DEFAULT CHARSET=utf8mb4 COLLATE=utf8mb4_unicode_ci;

--
-- Dumping data for table `project_count`
--

INSERT INTO `project_count` (`id`, `name`, `count`, `created_at`) VALUES
(1, 'Hammer Of Thor', 379, '2021-12-15 17:41:38'),
(2, 'Pysillium', 20, '2021-12-09 19:36:43'),
(3, 'Goji', 1, '2021-11-20 01:51:02'),
(5, 'Xtraman', 6, '2021-12-15 18:45:21'),
(8, 'Titan', 199, '2021-12-15 16:46:02'),
(10, 'Spirulina Powder', 1, '2021-11-20 01:55:57'),
(11, 'Spirulina Capsule', 2, '2021-12-04 13:37:35'),
(12, 'Garcinia', 52, '2021-12-13 18:21:21'),
(13, 'Extraman', 1, '2021-12-15 14:47:15');

-- --------------------------------------------------------

--
-- Table structure for table `sales_history`
--

CREATE TABLE `sales_history` (
  `id` int(11) NOT NULL,
  `emp_id` int(11) DEFAULT NULL,
  `order_id` int(11) NOT NULL,
  `action` varchar(50) COLLATE utf8mb4_unicode_ci DEFAULT NULL,
  `comment` varchar(200) COLLATE utf8mb4_unicode_ci DEFAULT NULL,
  `created_at` timestamp NOT NULL DEFAULT current_timestamp() ON UPDATE current_timestamp()
) ENGINE=InnoDB DEFAULT CHARSET=utf8mb4 COLLATE=utf8mb4_unicode_ci;

--
-- Dumping data for table `sales_history`
--

INSERT INTO `sales_history` (`id`, `emp_id`, `order_id`, `action`, `comment`, `created_at`) VALUES
(1, 238, 29, 'approved', 'حالا', '2021-12-04 13:24:18'),
(2, 238, 19, 'approved', 'حالا', '2021-12-04 13:33:44'),
(3, NULL, 11, 'None', NULL, '2021-12-04 13:35:55'),
(4, 238, 16, 'cancel', 'aggressive', '2021-12-04 13:46:07'),
(5, 238, 32, 'approved', 'حالا', '2021-12-04 14:34:03'),
(6, 238, 33, 'cancel', 'spam', '2021-12-04 14:36:12'),
(7, 238, 34, 'cancel', 'joke', '2021-12-04 14:45:19'),
(8, 238, 35, 'approved', 'حالا', '2021-12-04 14:53:05'),
(9, 238, 38, 'cancel', 'did not order', '2021-12-04 14:55:53'),
(10, 238, 36, 'approved', 'حالا', '2021-12-04 15:11:08'),
(11, 238, 42, 'approved', 'حالا', '2021-12-04 15:35:29'),
(12, 238, 43, 'approved', 'حالا', '2021-12-04 15:53:11'),
(13, 238, 44, 'not answer', '', '2021-12-04 15:54:59'),
(14, 238, 44, 'cancel', 'joke', '2021-12-04 16:06:04'),
(15, 238, 15, 'approved', 'حالا\n', '2021-12-04 16:24:10'),
(16, 238, 40, 'cancel', 'joke', '2021-12-04 16:38:40'),
(17, 238, 25, 'approved', 'حالا', '2021-12-04 16:44:02'),
(18, 238, 22, 'call again', 'الساعه 4', '2021-12-04 16:47:23'),
(19, 238, 20, 'approved', 'حالا', '2021-12-04 17:07:15'),
(20, 238, 17, 'cancel', 'wrong number', '2021-12-04 17:08:47'),
(21, 238, 26, 'cancel', 'joke', '2021-12-04 17:27:29'),
(22, 207, 47, 'approved', 'يصل الان 4/12 وهيستلم 3 هامر ب 1100', '2021-12-04 17:37:58'),
(23, 238, 41, 'approved', 'حالا', '2021-12-04 18:03:37'),
(24, 207, 48, 'call again', 'مغلق او غير متاح', '2021-12-04 18:16:45'),
(25, 238, 13, 'approved', 'حالا', '2021-12-04 18:18:58'),
(26, 207, 49, 'call again', 'دااابل', '2021-12-04 18:19:35'),
(27, 238, 14, 'cancel', 'wrong number', '2021-12-04 18:30:01'),
(28, 207, 45, 'call again', 'اعرض عليه 5 ب 1600 اخر كلام', '2021-12-04 18:33:42'),
(29, 207, 45, 'call again', 'اكلمه 5 ياكد 5  ب 1500 اخر كلام', '2021-12-04 18:35:56'),
(30, 238, 22, 'approved', 'حالا', '2021-12-04 18:40:25'),
(31, 238, 18, 'not answer', '', '2021-12-04 18:47:47'),
(32, 238, 18, 'cancel', 'aggressive', '2021-12-04 18:50:03'),
(33, 238, 21, 'cancel', 'wrong number', '2021-12-04 18:52:06'),
(34, 238, 23, 'not answer', '', '2021-12-04 18:53:00'),
(35, 238, 23, 'not answer', '', '2021-12-04 18:53:00'),
(36, 238, 23, 'cancel', 'wrong number', '2021-12-04 18:53:47'),
(37, 207, 46, 'dod', '', '2021-12-04 18:54:01'),
(38, 207, 46, 'not answer', '', '2021-12-04 18:54:13'),
(39, 238, 24, 'approved', 'حالا', '2021-12-04 18:58:08'),
(40, 207, 46, 'cancel', 'did not order', '2021-12-04 18:59:06'),
(41, 207, 48, 'cancel', 'داااابل', '2021-12-04 19:01:47'),
(42, 238, 27, 'approved', 'حالا', '2021-12-04 19:09:58'),
(43, 238, 28, 'approved', 'الاحد', '2021-12-04 19:13:56'),
(44, 238, 30, 'cancel', 'aggressive', '2021-12-04 19:15:21'),
(45, 238, 31, 'not answer', '', '2021-12-04 19:16:00'),
(46, 238, 39, 'not answer', '', '2021-12-04 19:16:57'),
(47, 238, 31, 'approved', 'حالا', '2021-12-04 19:20:27'),
(48, 238, 39, 'cancel', 'wrong number', '2021-12-04 19:20:56'),
(49, 207, 49, 'approved', 'يصل الان 4/12 وهيستلم 3 هامر ب 1400', '2021-12-04 19:44:52'),
(50, 207, 50, 'cancel', 'expensive', '2021-12-04 19:51:35'),
(51, 207, 45, 'call again', 'اكلمه 5 ياكد 5  ب 1500 اخر كلام\n/ كلمته مردش\n', '2021-12-04 19:53:34'),
(52, 238, 53, 'approved', 'حااااااااالا', '2021-12-04 20:19:28'),
(53, 207, 51, 'cancel', 'spam', '2021-12-04 20:36:02'),
(54, 207, 52, 'dod', '', '2021-12-04 20:38:33'),
(55, 207, 52, 'not answer', '', '2021-12-04 20:38:41'),
(56, 207, 54, 'New', NULL, '2021-12-05 12:07:50'),
(57, 207, 55, 'New', NULL, '2021-12-05 12:07:50'),
(58, 207, 56, 'New', NULL, '2021-12-05 12:07:50'),
(59, 207, 58, 'New', NULL, '2021-12-05 12:07:50'),
(60, 207, 59, 'New', NULL, '2021-12-05 12:07:50'),
(61, 207, 60, 'New', NULL, '2021-12-05 12:07:50'),
(62, 207, 61, 'New', NULL, '2021-12-05 12:07:50'),
(63, 207, 62, 'New', NULL, '2021-12-05 12:07:50'),
(64, 207, 63, 'New', NULL, '2021-12-05 12:07:50'),
(65, 207, 64, 'New', NULL, '2021-12-05 12:07:50'),
(66, 207, 54, 'dod', '', '2021-12-05 13:27:16'),
(67, 207, 54, 'not answer', '', '2021-12-05 13:27:24'),
(68, 207, 80, 'call again', 'مش بيرد', '2021-12-05 13:30:13'),
(69, 207, 55, 'call again', 'غير متاح', '2021-12-05 13:31:51'),
(70, 207, 56, 'call again', 'غير متاح', '2021-12-05 13:33:19'),
(71, 207, 58, 'call again', '5 دقايق وارن ابنه ال رد', '2021-12-05 13:35:28'),
(72, 207, 59, 'dod', '', '2021-12-05 13:37:36'),
(73, 207, 59, 'not answer', '', '2021-12-05 13:37:48'),
(74, 207, 54, 'cancel', 'spam', '2021-12-05 13:39:17'),
(75, 207, 59, 'cancel', 'spam', '2021-12-05 13:40:08'),
(76, 207, 60, 'call again', 'مش بيرد', '2021-12-05 13:43:22'),
(77, 207, 58, 'dod', '', '2021-12-05 13:46:52'),
(78, 207, 58, 'not answer', '', '2021-12-05 13:47:01'),
(79, 207, 80, 'cancel', 'changed his mind', '2021-12-05 13:56:28'),
(80, 207, 52, 'cancel', 'spam', '2021-12-05 13:58:02'),
(81, 207, 58, 'cancel', 'spam', '2021-12-05 13:58:27'),
(82, 207, 61, 'call again', 'مش بيرد', '2021-12-05 14:05:39'),
(83, 207, 62, 'cancel', 'changed his mind', '2021-12-05 14:09:03'),
(84, 207, 63, 'approved', 'يصل الان 5/12 وهيستلم عبوة هامر ب 650', '2021-12-05 14:26:53'),
(85, 207, 64, 'cancel', 'changed his mind', '2021-12-05 14:41:30'),
(86, 238, 74, 'cancel', 'wrong number', '2021-12-05 15:05:15'),
(87, 207, 81, 'approved', 'يصل الان 5/12 وهيستلم 3 هامر ب 1250', '2021-12-05 15:28:35'),
(88, 207, 82, 'call again', 'مغلق او غير متاح', '2021-12-05 15:38:29'),
(89, 207, 83, 'cancel', 'changed his mind', '2021-12-05 15:40:55'),
(90, 207, 84, 'cancel', 'changed his mind', '2021-12-05 15:52:36'),
(91, 238, 76, 'approved', 'حالا', '2021-12-05 15:54:17'),
(92, 207, 85, 'cancel', 'changed his mind', '2021-12-05 16:11:27'),
(93, 207, 55, 'cancel', 'expensive', '2021-12-05 16:21:23'),
(94, 207, 60, 'cancel', 'changed his mind', '2021-12-05 16:30:37'),
(95, 207, 86, 'call again', 'اكلمها 4 تحدد عبوة ولا', '2021-12-05 16:43:38'),
(96, 238, 75, 'not answer', '', '2021-12-05 17:24:54'),
(97, 238, 77, 'cancel', 'joke', '2021-12-05 17:30:51'),
(98, 238, 78, 'call again', 'ساعتين', '2021-12-05 17:33:26'),
(99, 238, 79, 'approved', 'حالا', '2021-12-05 17:43:48'),
(100, 224, 91, 'call again', 'غير موجود بالخدمه ', '2021-12-05 18:36:21'),
(101, 224, 90, 'cancel', 'joke', '2021-12-05 18:38:22'),
(102, 224, 91, 'cancel', 'spam', '2021-12-05 18:38:31'),
(103, 207, 86, 'approved', 'يصل الان 5/12 وهتستلم 3 بيسيليام ب 1000', '2021-12-05 18:47:26'),
(104, 238, 73, 'approved', 'حالا', '2021-12-05 19:18:28'),
(105, 207, 87, 'call again', 'مش بيجمع', '2021-12-05 19:19:18'),
(106, 238, 72, 'approved', 'غدا', '2021-12-05 19:28:24'),
(107, 238, 65, 'approved', 'حالا', '2021-12-05 19:33:06'),
(108, 238, 66, 'approved', 'حالا', '2021-12-05 19:38:20'),
(109, 238, 67, 'approved', 'حالا', '2021-12-05 19:43:19'),
(110, 207, 88, 'approved', 'يصل غدا 5/12 وهيستلم  2 عبوة هامر + 1 تيتان ب 1000', '2021-12-05 19:45:15'),
(111, 207, 87, 'call again', 'مش بيرد', '2021-12-05 19:45:26'),
(112, 238, 68, 'approved', 'حالا', '2021-12-05 19:46:56'),
(113, 238, 69, 'cancel', 'wrong number', '2021-12-05 19:48:35'),
(114, 238, 70, 'cancel', 'aggressive', '2021-12-05 19:50:33'),
(115, 238, 71, 'not answer', '', '2021-12-05 19:52:58'),
(116, 238, 71, 'approved', 'حالا', '2021-12-05 19:56:14'),
(117, 207, 89, 'approved', 'يصل الان 5/12 وهيستلم 5 اكسترا مان + 1 هامر ب 1800', '2021-12-05 20:21:47'),
(118, 207, 93, 'cancel', 'changed his mind', '2021-12-05 20:31:44'),
(119, 224, 92, 'approved', 'توصيل اليوم الساعه 8 م ', '2021-12-05 20:33:07'),
(120, 207, 45, 'cancel', 'changed his mind', '2021-12-05 20:39:03'),
(123, 203, 115, 'New', NULL, '2021-12-06 12:07:56'),
(124, 203, 116, 'New', NULL, '2021-12-06 12:07:56'),
(125, 207, 117, 'New', NULL, '2021-12-06 12:08:32'),
(126, 207, 118, 'New', NULL, '2021-12-06 12:08:32'),
(127, 207, 119, 'New', NULL, '2021-12-06 12:08:32'),
(128, 207, 120, 'New', NULL, '2021-12-06 12:08:32'),
(129, 207, 122, 'New', NULL, '2021-12-06 12:08:32'),
(130, 207, 123, 'New', NULL, '2021-12-06 12:08:32'),
(131, 207, 124, 'New', NULL, '2021-12-06 12:08:32'),
(132, 207, 125, 'New', NULL, '2021-12-06 12:08:32'),
(133, 207, 126, 'New', NULL, '2021-12-06 12:08:32'),
(134, 207, 127, 'New', NULL, '2021-12-06 12:08:32'),
(135, 237, 128, 'New', NULL, '2021-12-06 12:08:52'),
(136, 237, 129, 'New', NULL, '2021-12-06 12:08:52'),
(137, 237, 130, 'New', NULL, '2021-12-06 12:08:52'),
(138, 237, 131, 'New', NULL, '2021-12-06 12:08:52'),
(139, 237, 132, 'New', NULL, '2021-12-06 12:08:52'),
(140, 237, 133, 'New', NULL, '2021-12-06 12:08:52'),
(141, 237, 134, 'New', NULL, '2021-12-06 12:08:52'),
(142, 237, 135, 'New', NULL, '2021-12-06 12:08:52'),
(143, 237, 136, 'New', NULL, '2021-12-06 12:08:52'),
(144, 237, 137, 'New', NULL, '2021-12-06 12:08:52'),
(148, 15, 97, 'New', NULL, '2021-12-06 12:12:34'),
(149, 15, 98, 'New', NULL, '2021-12-06 12:12:34'),
(150, 15, 99, 'New', NULL, '2021-12-06 12:12:34'),
(154, 203, 103, 'New', NULL, '2021-12-06 12:14:41'),
(155, 203, 104, 'New', NULL, '2021-12-06 12:14:41'),
(156, 203, 105, 'New', NULL, '2021-12-06 12:14:41'),
(157, 222, 106, 'New', NULL, '2021-12-06 12:15:37'),
(158, 222, 107, 'New', NULL, '2021-12-06 12:15:37'),
(159, 222, 108, 'New', NULL, '2021-12-06 12:15:37'),
(160, 222, 109, 'New', NULL, '2021-12-06 12:15:37'),
(161, 222, 110, 'New', NULL, '2021-12-06 12:15:37'),
(162, 224, 111, 'New', NULL, '2021-12-06 12:15:48'),
(163, 224, 112, 'New', NULL, '2021-12-06 12:15:48'),
(164, 237, 138, 'New', NULL, '2021-12-06 12:22:35'),
(165, 222, 94, 'New', NULL, '2021-12-06 13:38:22'),
(166, 222, 95, 'New', NULL, '2021-12-06 13:38:22'),
(167, 222, 96, 'New', NULL, '2021-12-06 13:38:22'),
(168, 207, 117, 'dod', '', '2021-12-06 13:42:27'),
(169, 207, 117, 'not answer', '', '2021-12-06 13:42:38'),
(170, 207, 117, 'not answer', '', '2021-12-06 13:42:39'),
(171, 207, 118, 'call again', 'مش بيرد', '2021-12-06 13:44:20'),
(172, 207, 119, 'call again', 'ابنه رد وقالى كلميه الساعة 4', '2021-12-06 13:46:56'),
(173, 15, 99, 'not answer', '', '2021-12-06 13:50:09'),
(174, 15, 99, 'call again', 'صاحبه اللي طلب  هكلموة بعد ساعتين', '2021-12-06 13:55:01'),
(175, 222, 110, 'call again', 'الساعة 1 ', '2021-12-06 13:57:43'),
(176, 222, 109, 'not answer', '', '2021-12-06 14:00:33'),
(178, 207, 120, 'approved', 'يصل الان 6/12 وهيستلم 3 هامر ب 1100', '2021-12-06 14:04:56'),
(179, 237, 138, 'call again', 'مغلق', '2021-12-06 14:07:58'),
(180, 237, 142, 'cancel', 'spam', '2021-12-06 14:08:42'),
(181, 203, 103, 'call again', 'اكلمه الساعه 4 ', '2021-12-06 14:09:13'),
(182, 237, 128, 'call again', '60-ضغط و سكر و قلب -الساعه 4', '2021-12-06 14:12:07'),
(183, 203, 104, 'call again', 'off', '2021-12-06 14:12:50'),
(184, 237, 129, 'call again', 'الساعه 2', '2021-12-06 14:13:04'),
(186, 15, 98, 'cancel', 'changed his mind', '2021-12-06 14:14:47'),
(187, 222, 108, 'approved', 'الثلاثاء ', '2021-12-06 14:15:51'),
(188, 203, 105, 'not answer', '', '2021-12-06 14:16:27'),
(190, 237, 130, 'not answer', '', '2021-12-06 14:17:03'),
(191, 237, 131, 'not answer', '', '2021-12-06 14:18:52'),
(192, 203, 115, 'cancel', 'wrong number', '2021-12-06 14:19:11'),
(195, 15, 97, 'not answer', '', '2021-12-06 14:23:43'),
(196, 15, 97, 'not answer', '', '2021-12-06 14:23:43'),
(197, 207, 122, 'approved', 'يصل اليوم 6/12 وهيستلم 3 هامر ب 1000', '2021-12-06 14:25:20'),
(198, 222, 107, 'call again', 'منوف جمالين بجوار مركز الشباب  - المنوفيه    \nالساعة 5 ', '2021-12-06 14:27:16'),
(199, 222, 106, 'call again', 'مغلق ', '2021-12-06 14:29:43'),
(200, 237, 132, 'approved', 'اسامه عبد الرحمن السيد ', '2021-12-06 14:31:50'),
(201, 237, 133, 'cancel', 'joke', '2021-12-06 14:33:33'),
(202, 203, 116, 'cancel', 'هيتواصل هو معانه يشوف الدكتور بتاعه الاول ويقولي / بس بيخلع عنده 29 سنه ', '2021-12-06 14:33:37'),
(203, 237, 134, 'not answer', '', '2021-12-06 14:34:36'),
(204, 238, 139, 'approved', 'حالا', '2021-12-06 14:37:25'),
(205, 237, 135, 'approved', 'سعيد عبد الغني علي ', '2021-12-06 14:42:54'),
(206, 207, 144, 'call again', 'مش بيرد', '2021-12-06 14:49:42'),
(207, 237, 131, 'approved', '', '2021-12-06 14:54:13'),
(208, 203, 105, 'call again', '5 دقايق وهيكلمني ', '2021-12-06 14:54:31'),
(209, 224, 112, 'approved', ' توصيل  اليوم الساعه 2 م ', '2021-12-06 14:56:05'),
(210, 224, 111, 'call again', 'مغلق', '2021-12-06 14:57:52'),
(211, 207, 123, 'dod', 'يصل غدا 7/12 وهيستلم 3 هامر ب 1050\nهياكد الموافقة على شكل العبوة على الواتساب', '2021-12-06 15:04:30'),
(212, 15, 149, 'call again', 'off', '2021-12-06 15:04:55'),
(213, 15, 148, 'call again', 'الساعه 2 بالظبط هكلمة', '2021-12-06 15:06:39'),
(214, 222, 96, 'cancel', 'expensive', '2021-12-06 15:08:28'),
(215, 222, 95, 'call again', 'مغلق ', '2021-12-06 15:13:43'),
(217, 222, 94, 'cancel', 'did not order', '2021-12-06 15:16:44'),
(218, 15, 147, 'approved', '3 ب 1200ج النهاردة', '2021-12-06 15:20:27'),
(221, 207, 124, 'approved', 'يصل غدا 7/12 وهيستلم 3 هامر ب 1000', '2021-12-06 15:26:34'),
(222, 15, 149, 'cancel', 'مطلبش', '2021-12-06 15:30:29'),
(223, 222, 110, 'approved', '', '2021-12-06 15:40:24'),
(224, 207, 125, 'approved', 'يصل الان 6/12 وهيستلم 3 هامر ب 1100', '2021-12-06 15:42:55'),
(225, 207, 126, 'call again', 'مغلق او غير متاح', '2021-12-06 15:47:31'),
(227, 207, 127, 'call again', 'اكلمه الساعة 3 ياكد عبوة 650 ولا 3 ب 1100', '2021-12-06 15:59:18'),
(228, 207, 126, 'cancel', 'expensive', '2021-12-06 16:08:55'),
(229, 203, 150, 'call again', 'الرقم مشغول ', '2021-12-06 16:10:48'),
(230, 237, 136, 'call again', 'سلاموني مقفول', '2021-12-06 16:17:18'),
(231, 203, 105, 'dod', 'يوصل يوم الخميس الساعه 5 م يكلمه قبلها بساعه ينسق معاه ', '2021-12-06 16:19:37'),
(232, 237, 137, 'call again', '5', '2021-12-06 16:23:42'),
(233, 207, 127, 'approved', 'يصل الان 6/12 وهيستلم 3 هامر ب 1100', '2021-12-06 16:23:58'),
(234, 207, 117, 'cancel', 'spam', '2021-12-06 16:28:14'),
(235, 203, 153, 'approved', 'يوصل  الاربعاء  الساعه 8 م يكلمه ينسق معاه الاول ', '2021-12-06 16:32:41'),
(237, 203, 154, 'call again', 'off', '2021-12-06 16:36:22'),
(238, 203, 145, 'call again', 'اكلمه الساعه 3 ونص ', '2021-12-06 16:37:36'),
(239, 203, 146, 'call again', 'off', '2021-12-06 16:38:34'),
(240, 237, 143, 'not answer', '', '2021-12-06 16:43:09'),
(241, 222, 95, 'approved', '01022348804  01100836929', '2021-12-06 17:01:40'),
(242, 224, 155, 'approved', 'توصيل اليوم الساعه 5 م ', '2021-12-06 17:02:51'),
(243, 222, 106, 'call again', '4', '2021-12-06 17:04:51'),
(245, 224, 111, 'cancel', 'joke', '2021-12-06 17:44:19'),
(246, 203, 145, 'approved', 'يوصل بكره  من الساعه 1 ال 3 م يكلمه قبلها بساعه ينسق معاه ', '2021-12-06 17:50:38'),
(247, 237, 143, 'cancel', 'did not order', '2021-12-06 17:54:07'),
(248, 15, 148, 'approved', 'بكرة من 5ل6', '2021-12-06 17:55:11'),
(249, 237, 134, 'not answer', '', '2021-12-06 17:55:35'),
(250, 237, 130, 'not answer', '', '2021-12-06 17:57:02'),
(252, 203, 146, 'call again', 'احمد هيكلمه عايز ولد يكلمه ', '2021-12-06 17:57:40'),
(253, 203, 154, 'call again', 'بكره الساعه 10 ص لان مش فاضي ', '2021-12-06 18:01:16'),
(254, 203, 154, 'call again', 'بكره الساعه 10 ص لان مش فاضي ', '2021-12-06 18:01:35'),
(255, 203, 146, 'cancel', 'joke', '2021-12-06 18:05:31'),
(258, 203, 103, 'approved', 'يوصل من الان الي 8 م يكلمه قبلها  بساعه ينسق معاه ', '2021-12-06 18:17:32'),
(259, 237, 128, 'call again', '60-ضغط و سكر و قلب -الساعه 4-مغلق', '2021-12-06 18:25:33'),
(260, 238, 140, 'approved', 'الاربعاء', '2021-12-06 18:30:51'),
(262, 238, 141, 'not answer', '', '2021-12-06 18:37:14'),
(263, 203, 104, 'cancel', 'wrong number', '2021-12-06 18:37:31'),
(265, 203, 150, 'cancel', 'هو  ف مشالكل مع مراته واحتمال هيطلق  ف هيشوف الاول وبعدين يطلب ', '2021-12-06 18:51:39'),
(266, 237, 134, 'not answer', '', '2021-12-06 18:54:22'),
(267, 207, 118, 'cancel', 'changed his mind', '2021-12-06 19:03:06'),
(268, 224, 156, 'cancel', 'joke', '2021-12-06 19:12:48'),
(269, 224, 157, 'cancel', 'did not order', '2021-12-06 19:13:45'),
(270, 237, 137, 'call again', '5 -مغلق', '2021-12-06 19:24:24'),
(271, 237, 129, 'call again', 'الساعه 2 - مغلق', '2021-12-06 19:24:55'),
(272, 237, 138, 'call again', 'مغلق', '2021-12-06 19:25:14'),
(273, 222, 106, 'approved', '', '2021-12-06 19:29:31'),
(274, 207, 119, 'cancel', 'changed his mind', '2021-12-06 19:30:30'),
(275, 207, 144, 'cancel', 'wrong number', '2021-12-06 19:45:16'),
(276, 222, 107, 'approved', 'منوف جمالين بجوار مركز الشباب  - المنوفيه    \nالساعة 5 \nعلي سعد ', '2021-12-06 19:53:30'),
(277, 222, 161, 'approved', 'الان ', '2021-12-06 20:05:07'),
(278, 237, 137, 'call again', '5 -مغلق', '2021-12-06 20:14:46'),
(279, 207, 123, 'cancel', 'changed his mind', '2021-12-06 20:20:15'),
(280, 237, 134, 'cancel', 'wrong number', '2021-12-06 20:29:09'),
(281, 15, 97, 'approved', '3 ب 1200ج', '2021-12-06 20:50:32'),
(282, 207, 163, 'New', NULL, '2021-12-07 12:14:30'),
(283, 207, 164, 'New', NULL, '2021-12-07 12:14:30'),
(284, 207, 165, 'New', NULL, '2021-12-07 12:14:30'),
(285, 207, 166, 'New', NULL, '2021-12-07 12:14:30'),
(286, 207, 167, 'New', NULL, '2021-12-07 12:14:30'),
(287, 207, 168, 'New', NULL, '2021-12-07 12:14:30'),
(288, 207, 169, 'New', NULL, '2021-12-07 12:14:30'),
(289, 207, 170, 'New', NULL, '2021-12-07 12:14:30'),
(290, 207, 171, 'New', NULL, '2021-12-07 12:14:30'),
(291, 203, 162, 'New', NULL, '2021-12-07 12:15:08'),
(292, 203, 173, 'New', NULL, '2021-12-07 12:15:08'),
(293, 203, 174, 'New', NULL, '2021-12-07 12:15:08'),
(294, 203, 175, 'New', NULL, '2021-12-07 12:15:08'),
(295, 203, 176, 'New', NULL, '2021-12-07 12:15:08'),
(296, 229, 180, 'New', NULL, '2021-12-07 12:15:36'),
(297, 229, 181, 'New', NULL, '2021-12-07 12:15:36'),
(298, 229, 182, 'New', NULL, '2021-12-07 12:15:36'),
(299, 229, 184, 'New', NULL, '2021-12-07 12:15:36'),
(300, 229, 185, 'New', NULL, '2021-12-07 12:15:36'),
(301, 229, 186, 'New', NULL, '2021-12-07 12:15:36'),
(302, 229, 187, 'New', NULL, '2021-12-07 12:15:36'),
(303, 237, 188, 'New', NULL, '2021-12-07 12:16:03'),
(304, 237, 189, 'New', NULL, '2021-12-07 12:16:03'),
(305, 237, 190, 'New', NULL, '2021-12-07 12:16:03'),
(306, 237, 191, 'New', NULL, '2021-12-07 12:16:03'),
(307, 237, 177, 'New', NULL, '2021-12-07 12:16:34'),
(308, 237, 178, 'New', NULL, '2021-12-07 12:16:34'),
(309, 237, 179, 'New', NULL, '2021-12-07 12:16:34'),
(310, 222, 192, 'New', NULL, '2021-12-07 12:20:16'),
(311, 222, 193, 'New', NULL, '2021-12-07 12:20:16'),
(312, 237, 194, 'New', NULL, '2021-12-07 12:20:43'),
(313, 237, 195, 'New', NULL, '2021-12-07 12:20:43'),
(314, 203, 154, 'not answer', '', '2021-12-07 12:50:20'),
(315, 203, 105, 'approved', 'يوصل يوم الخميس الساعه 5 م يكلمه قبلها بساعه ينسق معاه ', '2021-12-07 12:53:20'),
(316, 237, 128, 'call again', '60-ضغط و سكر و قلب -الساعه 4-مغلق -  مش بيرد', '2021-12-07 13:18:37'),
(317, 237, 130, 'not answer', '', '2021-12-07 13:21:41'),
(318, 237, 191, 'call again', 'نص ساعه', '2021-12-07 13:47:46'),
(319, 203, 175, 'cancel', 'spam', '2021-12-07 13:49:22'),
(320, 203, 162, 'not answer', '', '2021-12-07 13:54:36'),
(321, 237, 177, 'approved', 'عصام محمد عبد اللطيف ', '2021-12-07 14:01:04'),
(322, 207, 198, 'call again', 'طلب اكلمه كمان شوية', '2021-12-07 14:01:15'),
(323, 207, 199, 'call again', 'طلب اكلمه بعد 4 ', '2021-12-07 14:04:14'),
(324, 203, 173, 'call again', 'صحبه ال طالب المنتج هينزله ويتصل بيه ', '2021-12-07 14:05:01'),
(325, 203, 174, 'cancel', 'expensive', '2021-12-07 14:06:24'),
(326, 207, 163, 'call again', 'مغلق او غير متاح', '2021-12-07 14:10:11'),
(327, 207, 164, 'call again', 'مش بيرد', '2021-12-07 14:13:52'),
(328, 203, 200, 'cancel', 'هو موظف ومفيش فلوس  دلوقتي هيدبر نفسه ف الفلوس وبعدين يتصل ', '2021-12-07 14:16:55'),
(329, 229, 187, 'cancel', 'changed his mind', '2021-12-07 14:17:12'),
(330, 207, 165, 'call again', 'اكلمه 1 ونص واديله 3 بسعرهم', '2021-12-07 14:23:07'),
(331, 237, 178, 'approved', '', '2021-12-07 14:29:28'),
(332, 229, 180, 'approved', 'ليوم من4 ل 8م', '2021-12-07 14:38:06'),
(333, 203, 176, 'not answer', '', '2021-12-07 14:40:00'),
(334, 237, 191, 'approved', '', '2021-12-07 14:45:58'),
(335, 229, 181, 'approved', '5م', '2021-12-07 14:46:32'),
(336, 229, 184, 'not answer', '', '2021-12-07 14:50:03'),
(337, 229, 185, 'not answer', '', '2021-12-07 14:53:55'),
(338, 207, 166, 'cancel', 'spam', '2021-12-07 14:58:45'),
(339, 229, 186, 'cancel', 'expensive', '2021-12-07 15:05:02'),
(340, 237, 179, 'not answer', '', '2021-12-07 15:12:02'),
(341, 229, 184, 'cancel', 'changed his mind', '2021-12-07 15:12:35'),
(342, 207, 167, 'call again', 'مش بيرد', '2021-12-07 15:12:40'),
(343, 203, 162, 'cancel', 'expensive', '2021-12-07 15:20:06'),
(344, 229, 182, 'not answer', '', '2021-12-07 15:20:47'),
(345, 207, 167, 'call again', 'طلب اكلمه الساعة 3 واعرض 3 ب 1300', '2021-12-07 15:24:55'),
(346, 237, 188, 'call again', 'مغلق	', '2021-12-07 15:25:28'),
(347, 237, 188, 'call again', 'مغلق	', '2021-12-07 15:25:28'),
(348, 207, 168, 'call again', 'مغلق او غير متاح', '2021-12-07 15:27:25'),
(349, 222, 109, 'cancel', 'wrong number', '2021-12-07 15:28:16'),
(350, 237, 189, 'cancel', 'joke', '2021-12-07 15:28:42'),
(351, 222, 193, 'cancel', 'expensive', '2021-12-07 15:35:40'),
(352, 207, 169, 'call again', 'اكلمه بكره الاربع ياكد 1 ب 650 او 3 ب 1000', '2021-12-07 15:40:56'),
(353, 237, 190, 'cancel', 'fake', '2021-12-07 15:46:04'),
(354, 237, 194, 'call again', '10د', '2021-12-07 15:48:02'),
(355, 237, 195, 'call again', 'بعد الساعه 2', '2021-12-07 15:53:08'),
(356, 222, 192, 'not answer', '', '2021-12-07 15:53:28'),
(357, 207, 170, 'approved', 'يصل الان 7/12 وهيستلم 4 هامر ب 1600', '2021-12-07 15:57:03'),
(358, 237, 188, 'not answer', '', '2021-12-07 16:17:02'),
(359, 237, 128, 'call again', '60-ضغط و سكر و قلب -الساعه 4-مغلق -  مش بيرد', '2021-12-07 16:18:42'),
(360, 207, 165, 'approved', 'يصل اليوم 7/12 وهيستلم 3 هامر ب 1200', '2021-12-07 16:18:49'),
(361, 237, 138, 'call again', 'مغلق', '2021-12-07 16:19:02'),
(362, 237, 129, 'cancel', 'wrong number', '2021-12-07 16:22:17'),
(363, 237, 137, 'cancel', 'changed his mind', '2021-12-07 16:24:06'),
(364, 222, 204, 'not answer', '', '2021-12-07 16:43:50'),
(365, 222, 203, 'call again', 'بكرا ', '2021-12-07 16:54:40'),
(366, 222, 206, 'approved', 'محمد ماهر \n', '2021-12-07 17:17:20'),
(367, 207, 171, 'approved', 'يصل الان 7/12 وهيستلم 3 هامر ب 1000', '2021-12-07 17:21:55'),
(368, 238, 207, 'approved', 'حالا', '2021-12-07 17:31:57'),
(369, 207, 201, 'cancel', 'spam', '2021-12-07 17:33:47'),
(370, 207, 202, 'call again', 'مغلق او غير متاح', '2021-12-07 17:36:24'),
(371, 238, 205, 'dod', 'اكلمه ', '2021-12-07 17:40:30'),
(372, 238, 78, 'cancel', 'wrong number', '2021-12-07 17:41:39'),
(373, 238, 196, 'approved', 'حالا', '2021-12-07 17:47:52'),
(374, 193, 208, 'New', NULL, '2021-12-07 17:49:51'),
(375, 238, 197, 'approved', 'حالا', '2021-12-07 17:53:44'),
(376, 193, 208, 'cancel', 'joke', '2021-12-07 17:57:27'),
(377, 237, 179, 'cancel', 'expensive', '2021-12-07 18:23:23'),
(378, 237, 188, 'not answer', '', '2021-12-07 18:29:51'),
(379, 203, 173, 'not answer', '', '2021-12-07 18:35:33'),
(380, 237, 195, 'approved', 'سمير عبد الكريم', '2021-12-07 19:01:34'),
(381, 229, 209, 'cancel', 'spam', '2021-12-07 19:01:41'),
(382, 207, 163, 'call again', 'طلب اكلمه 6 ونص', '2021-12-07 19:24:37'),
(383, 237, 128, 'cancel', 'تهرب', '2021-12-07 19:29:08'),
(384, 207, 167, 'call again', 'طلب اكلمه  اعرض 3 ب 1300 / مش بيرررد', '2021-12-07 19:29:17'),
(385, 207, 167, 'call again', 'طلب اكلمه  اعرض 3 ب 1300 / مش بيرد', '2021-12-07 19:29:27'),
(386, 207, 168, 'call again', 'غير متاح / مش بيرد', '2021-12-07 19:33:12'),
(387, 237, 194, 'call again', '10د-مغلق', '2021-12-07 19:50:47'),
(388, 207, 167, 'cancel', 'changed his mind', '2021-12-07 20:04:51'),
(389, 207, 210, 'call again', 'مش بيرد', '2021-12-07 20:06:54'),
(390, 238, 141, 'approved', 'حالا', '2021-12-07 20:18:41'),
(391, 207, 56, 'cancel', 'spam', '2021-12-07 20:54:45'),
(392, 15, 218, 'New', NULL, '2021-12-08 12:11:38'),
(393, 15, 219, 'New', NULL, '2021-12-08 12:11:38'),
(394, 15, 220, 'New', NULL, '2021-12-08 12:11:38'),
(395, 15, 221, 'New', NULL, '2021-12-08 12:11:38'),
(396, 203, 222, 'New', NULL, '2021-12-08 12:12:03'),
(397, 203, 223, 'New', NULL, '2021-12-08 12:12:03'),
(400, 229, 226, 'New', NULL, '2021-12-08 12:12:28'),
(401, 229, 227, 'New', NULL, '2021-12-08 12:12:28'),
(402, 229, 228, 'New', NULL, '2021-12-08 12:12:28'),
(403, 229, 229, 'New', NULL, '2021-12-08 12:12:28'),
(404, 15, 218, 'cancel', 'expensive', '2021-12-08 13:08:40'),
(405, 15, 221, 'call again', 'off', '2021-12-08 13:18:58'),
(406, 15, 220, 'call again', 'off', '2021-12-08 13:21:38'),
(407, 238, 212, 'cancel', 'wrong number', '2021-12-08 13:42:10'),
(408, 207, 230, 'cancel', 'did not order', '2021-12-08 13:47:34'),
(409, 238, 213, 'cancel', 'wrong number', '2021-12-08 13:48:00'),
(410, 15, 219, 'cancel', 'wrong number', '2021-12-08 13:49:48'),
(411, 207, 231, 'call again', 'مش بيرد', '2021-12-08 13:49:57'),
(412, 203, 222, 'not answer', '', '2021-12-08 13:51:27'),
(413, 207, 232, 'call again', 'طلب اكلمه الساعة 3', '2021-12-08 13:52:18'),
(414, 203, 223, 'not answer', '', '2021-12-08 13:52:27'),
(415, 207, 233, 'call again', 'بيكنسل', '2021-12-08 13:53:42'),
(416, 207, 234, 'approved', 'يصل الان 8/12 وهيستلم 3  هامر ب 1200', '2021-12-08 14:21:56'),
(417, 238, 216, 'approved', 'حالا', '2021-12-08 14:22:09'),
(418, 207, 235, 'call again', 'غير متاح ', '2021-12-08 14:24:00'),
(419, 207, 236, 'approved', 'يصل الان8/12 وهيستلم 3 هامر ب 1200', '2021-12-08 14:40:06'),
(420, 203, 154, 'cancel', 'did not order', '2021-12-08 14:40:44'),
(421, 229, 227, 'not answer', '', '2021-12-08 14:42:15'),
(422, 240, 246, 'call again', 'بيكنسل', '2021-12-08 14:43:12'),
(423, 229, 226, 'cancel', 'changed his mind', '2021-12-08 14:45:48'),
(424, 240, 247, 'cancel', 'عايز يعرف طريقة استعمال الجيل الي استلمه ', '2021-12-08 14:52:20'),
(425, 207, 237, 'call again', 'مش بيرد', '2021-12-08 14:58:16'),
(426, 207, 238, 'dod', '', '2021-12-08 15:01:21'),
(427, 207, 238, 'not answer', '', '2021-12-08 15:01:29'),
(428, 207, 238, 'cancel', 'spam', '2021-12-08 15:06:15'),
(429, 238, 217, 'approved', 'حالا', '2021-12-08 15:08:43'),
(430, 240, 250, 'approved', 'هيستلم النهاردة ', '2021-12-08 15:10:31'),
(431, 229, 228, 'cancel', 'did not order', '2021-12-08 15:11:40'),
(432, 207, 239, 'approved', 'يصل الان 8/12 وهيستلم 2 هامر ب 800', '2021-12-08 15:22:18'),
(433, 240, 246, 'call again', 'هكلمه 3 ', '2021-12-08 15:22:20'),
(434, 238, 215, 'approved', 'حالا', '2021-12-08 15:30:15'),
(435, 229, 229, 'approved', 'الان', '2021-12-08 15:34:25'),
(436, 229, 182, 'cancel', 'expensive', '2021-12-08 15:40:30'),
(437, 193, 252, 'cancel', 'expensive', '2021-12-08 16:01:47'),
(438, 239, 224, 'New', NULL, '2021-12-08 16:01:52'),
(439, 239, 225, 'New', NULL, '2021-12-08 16:01:52'),
(440, 239, 251, 'New', NULL, '2021-12-08 16:01:52'),
(441, 203, 222, 'call again', 'الساعه 5 م ', '2021-12-08 16:23:59'),
(442, 239, 251, 'call again', 'بيكنسل ', '2021-12-08 16:30:33'),
(443, 239, 225, 'cancel', 'لا مقدمتش ', '2021-12-08 16:32:00'),
(444, 239, 224, 'call again', 'بيفتح ومش بيرد', '2021-12-08 16:35:34'),
(445, 207, 235, 'approved', 'يصل غدا الخميس 9/12 وهيستلم 2 هامر ب 850', '2021-12-08 16:50:13'),
(446, 238, 211, 'cancel', 'did not order', '2021-12-08 17:06:27'),
(447, 207, 240, 'dod', '', '2021-12-08 17:13:54'),
(448, 207, 240, 'cancel', 'changed his mind', '2021-12-08 17:14:02'),
(449, 207, 241, 'call again', 'مغلق او غير متاح', '2021-12-08 17:17:40'),
(450, 207, 242, 'cancel', 'expensive', '2021-12-08 17:22:33'),
(451, 238, 214, 'approved', 'حالا', '2021-12-08 17:35:43'),
(452, 207, 243, 'approved', 'يصل الان 8/12 وهيستلم 4 هامر ب 1400', '2021-12-08 17:36:53'),
(453, 207, 244, 'approved', 'يصل الان 8/12 وهيستلم 3 هامر ب 1000', '2021-12-08 17:49:57'),
(454, 207, 245, 'cancel', 'changed his mind', '2021-12-08 18:07:57'),
(455, 207, 248, 'call again', 'ويتنج', '2021-12-08 18:09:24'),
(456, 207, 249, 'call again', 'مش بيرد', '2021-12-08 18:12:36'),
(457, 207, 253, 'approved', 'يصل اليوم 8/12 وهيستلم 3 هامر ب 1000', '2021-12-08 18:36:39'),
(458, 15, 221, 'cancel', 'expensive', '2021-12-08 18:45:47'),
(459, 207, 254, 'call again', 'مش بيجمع ', '2021-12-08 18:48:36'),
(460, 193, 255, 'call again', 'غير موجود بالخدمة 8/12', '2021-12-08 18:48:47'),
(461, 193, 256, 'cancel', 'expensive', '2021-12-08 18:50:56'),
(462, 207, 231, 'cancel', 'changed his mind', '2021-12-08 18:55:32'),
(463, 240, 246, 'not answer', '', '2021-12-08 19:03:01'),
(464, 203, 222, 'not answer', '', '2021-12-08 19:06:54'),
(465, 207, 249, 'cancel', 'changed his mind', '2021-12-08 19:11:09'),
(466, 207, 248, 'call again', 'طلب اكبمه 6 بيتغدا', '2021-12-08 19:14:09'),
(467, 207, 233, 'dod', '', '2021-12-08 19:19:51'),
(468, 207, 233, 'cancel', 'spam', '2021-12-08 19:21:33'),
(469, 207, 232, 'call again', 'طلب اكلمه الساعة 3 / مردش', '2021-12-08 19:24:32'),
(470, 203, 257, 'not answer', '', '2021-12-08 19:25:32'),
(471, 207, 241, 'approved', 'يصل غدا 9/12 وهيستلم 3 هامر ب 1000', '2021-12-08 19:54:09'),
(472, 203, 176, 'cancel', 'سافر القاهره هيرجع خلال شهر \n', '2021-12-08 19:54:25'),
(473, 203, 257, 'cancel', 'did not order', '2021-12-08 20:03:39'),
(474, 207, 258, 'call again', 'نيو', '2021-12-08 20:05:13'),
(475, 207, 248, 'call again', 'طلب اكبمه 6 بيتغدا / مردش', '2021-12-08 20:08:29'),
(476, 203, 223, 'call again', 'هكلمه يوم الاحد لانه ف الغردقه مسافر ', '2021-12-08 20:15:56'),
(477, 207, 258, 'approved', 'يصل غدا 9/12 وهيستلم عبوة هامر 650', '2021-12-08 20:22:08'),
(478, 238, 259, 'New', NULL, '2021-12-09 12:04:54'),
(479, 238, 260, 'New', NULL, '2021-12-09 12:04:54'),
(480, 238, 261, 'New', NULL, '2021-12-09 12:04:54'),
(481, 238, 262, 'New', NULL, '2021-12-09 12:04:54'),
(482, 238, 263, 'New', NULL, '2021-12-09 12:04:54'),
(492, 207, 265, 'New', NULL, '2021-12-09 12:08:54'),
(493, 207, 266, 'New', NULL, '2021-12-09 12:08:54'),
(494, 207, 267, 'New', NULL, '2021-12-09 12:08:54'),
(495, 207, 268, 'New', NULL, '2021-12-09 12:08:54'),
(496, 207, 269, 'New', NULL, '2021-12-09 12:08:54'),
(497, 207, 270, 'New', NULL, '2021-12-09 12:08:54'),
(498, 207, 271, 'New', NULL, '2021-12-09 12:08:54'),
(499, 207, 272, 'New', NULL, '2021-12-09 12:08:54'),
(500, 207, 273, 'New', NULL, '2021-12-09 12:08:54'),
(501, 207, 266, 'cancel', 'spam', '2021-12-09 12:19:18'),
(502, 207, 61, 'cancel', 'changed his mind', '2021-12-09 12:51:20'),
(503, 207, 82, 'cancel', 'spam', '2021-12-09 13:05:45'),
(504, 207, 87, 'cancel', 'changed his mind', '2021-12-09 13:09:39'),
(505, 207, 199, 'approved', 'يصل غدا 10/12 وهيستلم 3 هامر 1000', '2021-12-09 13:41:12'),
(506, 222, 289, 'call again', 'تم الرد و قفل السكة ', '2021-12-09 13:41:59'),
(507, 222, 288, 'not answer', '', '2021-12-09 13:43:14'),
(508, 207, 198, 'call again', 'طلب اكلمه كمان شوية / مردش', '2021-12-09 13:43:16'),
(509, 222, 192, 'call again', '12:30', '2021-12-09 13:45:06'),
(510, 222, 204, 'call again', 'الساعة 6 ', '2021-12-09 13:46:25'),
(511, 222, 203, 'cancel', 'did not order', '2021-12-09 13:47:48'),
(512, 15, 282, 'approved', '3 عبوات ب 1300ج  النهارده خلال ساعتين', '2021-12-09 14:07:54'),
(513, 207, 264, 'dod', 'طلب الاستلام الاحد 12/12 وهيستلم 3 ب 1000 + دكتور + داتا وتس', '2021-12-09 14:08:00'),
(514, 207, 265, 'call again', 'غير متاح', '2021-12-09 14:13:03'),
(515, 207, 267, 'call again', 'مغلق او غير متاح', '2021-12-09 14:16:52'),
(516, 207, 268, 'approved', 'يصل الان 9/12 وهيستلم 4 هامر ب 1600', '2021-12-09 14:34:32'),
(517, 203, 296, 'not answer', '', '2021-12-09 14:36:04'),
(518, 222, 287, 'call again', 'الساعة 2 ', '2021-12-09 14:36:12'),
(519, 203, 173, 'cancel', 'صحبه ال سجله وهو مسجلش ع حاجه من ديي', '2021-12-09 14:39:55'),
(520, 203, 222, 'not answer', '', '2021-12-09 14:45:09'),
(521, 222, 286, 'call again', 'بكرا ', '2021-12-09 14:48:30'),
(522, 239, 283, 'New', NULL, '2021-12-09 14:50:51'),
(523, 239, 284, 'New', NULL, '2021-12-09 14:50:51'),
(524, 239, 285, 'New', NULL, '2021-12-09 14:50:51'),
(525, 239, 302, 'New', NULL, '2021-12-09 14:50:51'),
(526, 239, 303, 'New', NULL, '2021-12-09 14:50:51'),
(527, 207, 269, 'call again', 'مش بيرد', '2021-12-09 14:51:04'),
(528, 238, 294, 'approved', 'حالا', '2021-12-09 15:13:09'),
(529, 207, 270, 'approved', 'يصل الان 9/12 وهيستلم 3 هامر ب 1000', '2021-12-09 15:13:12'),
(530, 224, 293, 'not answer', '', '2021-12-09 15:24:34'),
(531, 222, 192, 'approved', '', '2021-12-09 15:25:13'),
(532, 224, 292, 'call again', 'ربع ساعه ', '2021-12-09 15:25:29'),
(533, 239, 302, 'cancel', 'expensive', '2021-12-09 15:25:50'),
(534, 239, 303, 'not answer', '', '2021-12-09 15:28:01'),
(535, 224, 291, 'approved', 'يوم الاحد ', '2021-12-09 15:28:27'),
(536, 222, 295, 'not answer', '', '2021-12-09 15:28:54'),
(537, 224, 290, 'cancel', 'spam', '2021-12-09 15:29:26'),
(538, 207, 271, 'cancel', 'changed his mind', '2021-12-09 15:31:04'),
(539, 222, 289, 'cancel', 'joke', '2021-12-09 15:31:57'),
(540, 222, 288, 'not answer', '', '2021-12-09 15:33:31'),
(541, 224, 305, 'cancel', 'changed his mind', '2021-12-09 15:35:19'),
(542, 224, 304, 'call again', 'مغلق', '2021-12-09 15:36:23'),
(543, 238, 260, 'approved', 'حالا', '2021-12-09 15:37:18'),
(544, 239, 283, 'approved', 'الجمعه من 4 الى 6\n3 TITAN ', '2021-12-09 15:39:00'),
(545, 193, 306, 'approved', 'الاستلام انهاردة فى اسرع وقت ضرووووووووووووووووووووووووورى\n3 عبوات جارسينيا كابسول\n1150 جنيه شامل مصاريف الشحن', '2021-12-09 15:40:33'),
(546, 15, 281, 'cancel', 'expensive', '2021-12-09 15:42:21'),
(547, 15, 280, 'not answer', '', '2021-12-09 15:45:07'),
(548, 239, 284, 'cancel', 'changed his mind', '2021-12-09 15:50:17'),
(549, 238, 259, 'approved', 'حالا', '2021-12-09 15:50:54'),
(550, 193, 301, 'approved', 'الاستلام يوم السبت الموافق 11/12/2021 الساعة 1 ظهرا ضرووووووووووورى\n6 عبوات جارسينيا كابسول\n2000 جنيه شامل مصاريف الشحن', '2021-12-09 15:51:35'),
(551, 238, 262, 'call again', 'الساعه 3 ونص ', '2021-12-09 15:52:24'),
(552, 238, 263, 'cancel', 'wrong number', '2021-12-09 15:53:35'),
(553, 15, 279, 'not answer', '', '2021-12-09 15:57:38'),
(554, 238, 261, 'cancel', 'joke', '2021-12-09 15:58:33'),
(555, 239, 285, 'cancel', 'expensive', '2021-12-09 15:58:54'),
(556, 15, 278, 'cancel', 'did not order', '2021-12-09 16:16:36'),
(557, 193, 300, 'cancel', 'joke', '2021-12-09 16:39:21'),
(558, 207, 272, 'approved', 'يصل اليوم 9/12 وهيستلم 3 هامر ب 1200', '2021-12-09 16:50:27'),
(559, 238, 274, 'approved', 'حالا', '2021-12-09 17:04:33'),
(560, 207, 273, 'approved', 'يصل الان 9/12 وهيستلم 3 هامر ب 1000', '2021-12-09 17:10:52'),
(561, 207, 297, 'cancel', 'changed his mind', '2021-12-09 17:19:21'),
(562, 193, 311, 'call again', 'لاااااااترد 9/12', '2021-12-09 17:23:35'),
(563, 207, 298, 'call again', 'ويتنج', '2021-12-09 17:26:27'),
(564, 224, 309, 'cancel', 'did not order', '2021-12-09 17:26:54'),
(565, 229, 312, 'cancel', 'wrong number', '2021-12-09 17:28:26'),
(566, 207, 299, 'call again', 'مش بيجمع', '2021-12-09 17:32:22'),
(567, 238, 275, 'approved', 'حالا', '2021-12-09 17:34:15'),
(568, 224, 293, 'approved', 'اليوم', '2021-12-09 17:48:56'),
(569, 222, 295, 'call again', 'مغلق ', '2021-12-09 17:49:57'),
(570, 222, 288, 'not answer', '', '2021-12-09 17:50:35'),
(571, 224, 310, 'approved', 'توصيل اليوم ', '2021-12-09 17:52:47'),
(572, 193, 255, 'call again', 'واتسااااااااااب 9/12', '2021-12-09 17:56:13'),
(573, 222, 288, 'approved', '', '2021-12-09 17:59:25'),
(574, 207, 307, 'approved', 'يصل الان 9/12 وهيستلم 3 هامر ب 1200', '2021-12-09 18:03:18'),
(575, 207, 298, 'dod', ' ', '2021-12-09 18:06:43'),
(576, 207, 298, 'not answer', ' ', '2021-12-09 18:06:59'),
(577, 207, 308, 'call again', 'رد وفصل الشبكة طين', '2021-12-09 18:11:44'),
(578, 207, 308, 'call again', 'طلب على الواتس اكلمه الاحد', '2021-12-09 18:13:46'),
(579, 207, 298, 'cancel', 'spam', '2021-12-09 18:13:52'),
(580, 207, 316, 'cancel', 'spam', '2021-12-09 18:19:28'),
(581, 193, 313, 'approved', 'الاستلام انهاردة فى اسرع وقت ضروووووووووووووورى\n1 عبوة جارسينيا كابسول\n650 جنيه شامل مصاريف الشحن', '2021-12-09 18:23:25'),
(582, 193, 311, 'approved', 'الاستلام انهاردة فى اسرع وقت ضرووووووووووووووووووووووورى\n3 عبوات جارسينيا كابسول\n1000 جنيه شامل مصاريف الشحن', '2021-12-09 18:33:28'),
(583, 207, 210, 'dod', 'طلب الاحد 12/12 وهيستلم 3 هامر ب 1400 للتسرب الوريدى', '2021-12-09 18:36:41'),
(584, 239, 251, 'cancel', 'changed his mind', '2021-12-09 18:44:20'),
(585, 222, 317, 'cancel', 'did not order', '2021-12-09 18:46:27'),
(586, 238, 262, 'approved', 'حالا', '2021-12-09 18:50:14'),
(587, 193, 315, 'cancel', 'expensive', '2021-12-09 19:10:41'),
(588, 193, 314, 'cancel', 'joke', '2021-12-09 19:12:56'),
(589, 238, 277, 'approved', 'حالا', '2021-12-09 19:21:26'),
(590, 238, 276, 'not answer', '', '2021-12-09 19:31:02'),
(591, 238, 276, 'cancel', 'wrong number', '2021-12-09 19:31:11'),
(592, 222, 287, 'call again', 'الساعة 2  & مغلق ', '2021-12-09 19:32:25'),
(593, 193, 319, 'call again', 'لاااااااااا يرد 9/12', '2021-12-09 19:41:43'),
(594, 193, 318, 'cancel', 'wrong number', '2021-12-09 19:42:47'),
(595, 222, 321, 'call again', 'مغلق \n', '2021-12-09 19:43:32'),
(596, 222, 320, 'not answer', '', '2021-12-09 19:45:00'),
(597, 15, 220, 'cancel', 'wrong number', '2021-12-09 19:52:59'),
(598, 207, 169, 'cancel', 'changed his mind', '2021-12-09 20:17:47'),
(599, 207, 198, 'cancel', 'changed his mind', '2021-12-09 20:18:51'),
(600, 207, 163, 'call again', 'طلب اكلمه 6 ونص / مردش', '2021-12-09 20:27:19'),
(601, 222, 295, 'approved', '01150115082  01019534900', '2021-12-09 20:40:50'),
(602, 222, 322, 'New', NULL, '2021-12-10 15:07:47'),
(603, 222, 323, 'New', NULL, '2021-12-10 15:07:47'),
(604, 222, 324, 'New', NULL, '2021-12-10 15:07:47'),
(605, 222, 325, 'New', NULL, '2021-12-10 15:07:47'),
(606, 222, 326, 'New', NULL, '2021-12-10 15:07:47'),
(607, 222, 327, 'New', NULL, '2021-12-10 15:07:47'),
(608, 222, 328, 'New', NULL, '2021-12-10 15:07:47'),
(609, 222, 329, 'New', NULL, '2021-12-10 15:07:47'),
(610, 222, 330, 'New', NULL, '2021-12-10 15:07:47'),
(611, 222, 331, 'New', NULL, '2021-12-10 15:07:47'),
(612, 203, 350, 'New', NULL, '2021-12-10 15:08:02'),
(613, 203, 351, 'New', NULL, '2021-12-10 15:08:02'),
(614, 15, 332, 'New', NULL, '2021-12-10 15:08:03'),
(615, 15, 333, 'New', NULL, '2021-12-10 15:08:03'),
(616, 15, 334, 'New', NULL, '2021-12-10 15:08:03'),
(617, 15, 335, 'New', NULL, '2021-12-10 15:08:03'),
(618, 15, 336, 'New', NULL, '2021-12-10 15:08:03'),
(619, 207, 350, 'New', NULL, '2021-12-10 15:08:21'),
(620, 207, 351, 'New', NULL, '2021-12-10 15:08:21'),
(621, 207, 352, 'New', NULL, '2021-12-10 15:08:21'),
(622, 207, 354, 'New', NULL, '2021-12-10 15:08:21'),
(623, 207, 355, 'New', NULL, '2021-12-10 15:08:21'),
(624, 207, 356, 'New', NULL, '2021-12-10 15:08:21'),
(625, 207, 357, 'New', NULL, '2021-12-10 15:08:21'),
(626, 207, 358, 'New', NULL, '2021-12-10 15:08:21'),
(627, 207, 359, 'New', NULL, '2021-12-10 15:08:21'),
(628, 207, 360, 'New', NULL, '2021-12-10 15:08:21'),
(629, 239, 337, 'New', NULL, '2021-12-10 15:08:26'),
(630, 239, 338, 'New', NULL, '2021-12-10 15:08:26'),
(631, 239, 339, 'New', NULL, '2021-12-10 15:08:26'),
(632, 239, 340, 'New', NULL, '2021-12-10 15:08:26'),
(633, 239, 341, 'New', NULL, '2021-12-10 15:08:26'),
(634, 229, 342, 'New', NULL, '2021-12-10 15:08:42'),
(635, 229, 343, 'New', NULL, '2021-12-10 15:08:42'),
(636, 207, 350, 'New', NULL, '2021-12-10 15:08:44'),
(637, 207, 351, 'New', NULL, '2021-12-10 15:08:44'),
(638, 207, 352, 'New', NULL, '2021-12-10 15:08:44'),
(639, 207, 354, 'New', NULL, '2021-12-10 15:08:44'),
(640, 207, 355, 'New', NULL, '2021-12-10 15:08:44'),
(641, 207, 356, 'New', NULL, '2021-12-10 15:08:44'),
(642, 207, 357, 'New', NULL, '2021-12-10 15:08:44'),
(643, 240, 344, 'New', NULL, '2021-12-10 15:08:52'),
(644, 240, 345, 'New', NULL, '2021-12-10 15:08:52'),
(649, 229, 361, 'New', NULL, '2021-12-10 15:09:23'),
(650, 229, 362, 'New', NULL, '2021-12-10 15:09:23'),
(651, 229, 363, 'New', NULL, '2021-12-10 15:09:23'),
(652, 229, 364, 'New', NULL, '2021-12-10 15:09:23'),
(653, 229, 365, 'New', NULL, '2021-12-10 15:09:23'),
(654, 229, 367, 'New', NULL, '2021-12-10 15:09:23'),
(655, 229, 368, 'New', NULL, '2021-12-10 15:09:23'),
(656, 229, 369, 'New', NULL, '2021-12-10 15:09:23'),
(657, 229, 370, 'New', NULL, '2021-12-10 15:09:23'),
(658, 229, 371, 'New', NULL, '2021-12-10 15:09:23'),
(659, 240, 372, 'New', NULL, '2021-12-10 15:09:41'),
(660, 240, 374, 'New', NULL, '2021-12-10 15:09:41'),
(661, 240, 375, 'New', NULL, '2021-12-10 15:09:41'),
(662, 238, 382, 'New', NULL, '2021-12-10 15:10:35'),
(663, 193, 383, 'New', NULL, '2021-12-10 15:10:51'),
(664, 193, 384, 'New', NULL, '2021-12-10 15:10:51'),
(665, 193, 385, 'New', NULL, '2021-12-10 15:10:51'),
(666, 193, 386, 'New', NULL, '2021-12-10 15:10:51'),
(667, 193, 387, 'New', NULL, '2021-12-10 15:10:51'),
(668, 224, 388, 'New', NULL, '2021-12-10 15:11:09'),
(669, 207, 377, 'New', NULL, '2021-12-10 15:11:58'),
(670, 207, 378, 'New', NULL, '2021-12-10 15:11:58'),
(671, 207, 379, 'New', NULL, '2021-12-10 15:11:58'),
(672, 207, 380, 'New', NULL, '2021-12-10 15:11:58'),
(673, 207, 381, 'New', NULL, '2021-12-10 15:11:58'),
(674, 203, 296, 'cancel', 'wrong number', '2021-12-10 15:24:36'),
(675, 15, 336, 'not answer', '', '2021-12-10 15:30:12'),
(676, 207, 377, 'call again', 'مش بيرد', '2021-12-10 15:31:02'),
(677, 207, 377, 'dod', 'مش بيرد', '2021-12-10 15:36:14'),
(678, 207, 377, 'not answer', 'مش بيرد', '2021-12-10 15:36:23'),
(679, 207, 377, 'not answer', 'مش بيرد', '2021-12-10 15:36:23'),
(680, 207, 377, 'not answer', '', '2021-12-10 15:36:46'),
(681, 229, 371, 'not answer', '', '2021-12-10 15:37:51'),
(682, 207, 350, 'call again', 'مش بيرد', '2021-12-10 15:38:34'),
(683, 229, 370, 'not answer', '', '2021-12-10 15:39:22'),
(684, 207, 351, 'call again', 'رد وقال انا اخو', '2021-12-10 15:40:25'),
(685, 15, 335, 'not answer', '', '2021-12-10 15:41:52'),
(686, 15, 334, 'cancel', 'changed his mind', '2021-12-10 15:43:25'),
(687, 240, 372, 'cancel', 'المبلغ كبير عليه ', '2021-12-10 15:45:10'),
(688, 207, 352, 'cancel', 'changed his mind', '2021-12-10 15:45:45'),
(689, 229, 369, 'call again', 'ساعه وهيرد 2.900 ', '2021-12-10 15:46:13'),
(690, 240, 374, 'cancel', 'spam', '2021-12-10 15:46:22'),
(691, 15, 333, 'not answer', '', '2021-12-10 15:46:33'),
(692, 240, 344, 'call again', 'مغلق ', '2021-12-10 15:48:25'),
(693, 15, 332, 'cancel', 'مطلبش', '2021-12-10 15:48:34'),
(694, 207, 354, 'call again', 'طلب اكلمه 7 م مش مصرى', '2021-12-10 15:48:36'),
(695, 222, 331, 'call again', 'مغلق \n', '2021-12-10 15:49:12'),
(696, 240, 345, 'call again', 'هكلمه 3 ', '2021-12-10 15:49:52'),
(697, 207, 355, 'cancel', 'expensive', '2021-12-10 15:50:23'),
(698, 240, 246, 'call again', 'بيكنسل ', '2021-12-10 15:50:41'),
(699, 229, 368, 'not answer', '', '2021-12-10 15:51:13'),
(700, 229, 367, 'call again', 'هكلمو بكرا 600', '2021-12-10 15:58:28'),
(701, 229, 367, 'call again', 'هكلمو بكرا 600', '2021-12-10 15:58:28'),
(702, 229, 365, 'cancel', 'wrong number', '2021-12-10 16:01:34'),
(703, 229, 361, 'cancel', 'joke', '2021-12-10 16:03:10'),
(704, 207, 356, 'dod', 'طلب الاستلام الاحد 12/12 وهيستلم 3 هامر ب 1100 وعنده القلب الساعة 10 ص', '2021-12-10 16:03:48'),
(705, 240, 375, 'approved', 'هيستلم النهاردة ', '2021-12-10 16:03:54'),
(706, 207, 357, 'call again', 'طلب اكلمه الساعة 3 العصر', '2021-12-10 16:05:27'),
(707, 222, 330, 'approved', 'علا حمدي ', '2021-12-10 16:05:43'),
(708, 207, 358, 'dod', '', '2021-12-10 16:06:56'),
(709, 207, 358, 'not answer', '', '2021-12-10 16:07:04'),
(710, 238, 382, 'approved', 'حالا', '2021-12-10 16:09:19'),
(711, 207, 359, 'call again', 'طلب اكلمه 6 / 7 نايم', '2021-12-10 16:10:15'),
(712, 229, 362, 'approved', 'الان', '2021-12-10 16:14:14'),
(713, 239, 303, 'cancel', 'changed his mind', '2021-12-10 16:23:06'),
(714, 239, 224, 'not answer', '', '2021-12-10 16:25:21'),
(715, 229, 363, 'approved', 'اليوم 5', '2021-12-10 16:27:07'),
(716, 207, 360, 'approved', 'يصل غدا 11/12 وهيستلم عبوة هامر ب 650', '2021-12-10 16:28:12'),
(717, 239, 341, 'not answer', '', '2021-12-10 16:28:15'),
(718, 207, 356, 'cancel', 'spam', '2021-12-10 16:29:33'),
(719, 239, 340, 'not answer', '', '2021-12-10 16:30:00'),
(720, 239, 337, 'not answer', '', '2021-12-10 16:38:03'),
(721, 239, 338, 'call again', 'مغلق ', '2021-12-10 16:38:44'),
(722, 239, 339, 'not answer', '', '2021-12-10 16:40:23'),
(723, 222, 329, 'approved', '01286910123  01062743441', '2021-12-10 16:40:25'),
(724, 240, 151, 'dod', 'هيستلم يوم 28 ', '2021-12-10 16:42:06'),
(725, 229, 371, 'approved', 'اليوم 4', '2021-12-10 16:43:19'),
(726, 222, 328, 'not answer', '', '2021-12-10 16:43:36'),
(727, 207, 378, 'cancel', 'spam', '2021-12-10 16:43:45'),
(728, 229, 364, 'cancel', 'joke', '2021-12-10 16:44:19'),
(729, 222, 327, 'not answer', '', '2021-12-10 16:45:19'),
(730, 207, 379, 'call again', 'غير متاح ', '2021-12-10 16:45:44'),
(731, 203, 396, 'not answer', '', '2021-12-10 16:46:28'),
(732, 207, 380, 'call again', 'ويتنج', '2021-12-10 16:46:33'),
(733, 203, 394, 'not answer', '', '2021-12-10 16:48:48'),
(734, 229, 343, 'cancel', 'expensive', '2021-12-10 16:49:19'),
(735, 207, 381, 'cancel', 'expensive', '2021-12-10 16:52:05'),
(736, 229, 342, 'not answer', '', '2021-12-10 16:54:07'),
(737, 193, 385, 'call again', 'لاااااااااا يرد 10/12', '2021-12-10 16:57:19'),
(738, 193, 385, 'call again', 'لاااااااااا يرد 10/12', '2021-12-10 16:57:19'),
(739, 222, 326, 'approved', 'الاحد ', '2021-12-10 16:59:00'),
(740, 207, 380, 'call again', 'اكلمه الساعة 4 ياكد عبوة 650 مش متجوز', '2021-12-10 16:59:17'),
(741, 222, 327, 'cancel', 'did not order', '2021-12-10 17:00:56'),
(742, 193, 255, 'dod', 'الاستلام انهاردةالساعة 7 مساءا ضرووووووووووووووورى\n1 عبوة تيتان جل \n650 جنيه شامل مصاريف الشحن', '2021-12-10 17:02:52'),
(743, 207, 358, 'cancel', 'spam', '2021-12-10 17:03:09'),
(744, 222, 324, 'call again', 'مغلق \n', '2021-12-10 17:03:50'),
(745, 203, 395, 'approved', 'يوصل الاحد المندوب ينسق معاه ', '2021-12-10 17:03:51'),
(746, NULL, 101, 'call again', 'الرقم مشغول ', '2021-12-10 17:03:56'),
(747, NULL, 101, 'call again', 'الرقم مشغول ', '2021-12-10 17:03:56'),
(748, 207, 350, 'cancel', 'spam', '2021-12-10 17:07:09'),
(749, 224, 401, 'cancel', 'joke', '2021-12-10 17:07:52'),
(750, 193, 255, 'approved', 'الاستلام انهاردةالساعة 7 مساءا ضرووووووووووووووورى\n1 عبوة تيتان جل \n650 جنيه شامل مصاريف الشحن', '2021-12-10 17:08:14'),
(751, 207, 379, 'cancel', 'expensive', '2021-12-10 17:08:55'),
(752, 207, 357, 'call again', 'اكلمه الساعة 3 العصر', '2021-12-10 17:14:00'),
(753, 207, 357, 'call again', 'اكلمه الساعة 3 العصر / مردش', '2021-12-10 17:14:09'),
(754, 193, 386, 'call again', 'محافظة البحيره -  مركز ابوالمطامير -  كوم الفرج - بجوار المدرسة الثانوية - (بالتنسيق مع المندوب)\nالرقم قفل و انا بكلمه ديل عبوة 10/12', '2021-12-10 17:14:39'),
(755, 193, 387, 'call again', 'لااااااااااااااترد 10/12', '2021-12-10 17:19:57'),
(756, 15, 335, 'approved', '1 ب 650ج الاحد من 3ل5', '2021-12-10 17:27:01'),
(757, 224, 400, 'not answer', '', '2021-12-10 17:36:32'),
(758, 224, 399, 'not answer', '', '2021-12-10 17:38:42'),
(759, 203, 394, 'cancel', '600 كتير ومفكر انه منشط مش استخدام يومي  قولتله ف تريبيوس قالي لا غاليه برضوا ', '2021-12-10 17:39:09'),
(760, 224, 388, 'cancel', 'changed his mind', '2021-12-10 17:43:40'),
(761, 222, 328, 'approved', '', '2021-12-10 17:48:51'),
(762, 222, 323, 'approved', '', '2021-12-10 17:58:15'),
(763, 229, 370, 'approved', 'اسبت', '2021-12-10 17:59:30'),
(764, 241, 346, 'New', NULL, '2021-12-10 18:02:34'),
(765, 241, 347, 'New', NULL, '2021-12-10 18:02:34'),
(766, 222, 348, 'New', NULL, '2021-12-10 18:02:41'),
(767, 222, 349, 'New', NULL, '2021-12-10 18:02:41'),
(768, 193, 387, 'cancel', 'joke', '2021-12-10 18:05:27'),
(769, 229, 342, 'call again', 'ربع ساعه', '2021-12-10 18:05:35'),
(770, 207, 403, 'cancel', 'expensive', '2021-12-10 18:05:36'),
(771, 207, 404, 'call again', 'مش بيرد', '2021-12-10 18:08:11'),
(772, 207, 377, 'cancel', 'expensive', '2021-12-10 18:08:49'),
(773, 222, 322, 'cancel', 'expensive', '2021-12-10 18:11:41'),
(774, 207, 269, 'dod', 'دكتور وطلب الاستلام 13 /12 عبوة واعرض 3 ب 1000 مش اول مرة ياخد', '2021-12-10 18:17:20'),
(775, 207, 299, 'cancel', 'expensive', '2021-12-10 18:19:01'),
(776, 203, 396, 'cancel', 'wrong number', '2021-12-10 18:20:48'),
(777, 241, 347, 'not answer', '', '2021-12-10 18:20:55'),
(778, 207, 232, 'cancel', 'changed his mind', '2021-12-10 18:24:47'),
(779, 239, 397, 'call again', 'مش بيجمع اصلا ', '2021-12-10 18:26:43'),
(780, 222, 391, 'approved', 'الاحد ', '2021-12-10 18:30:02'),
(781, 207, 248, 'cancel', 'changed his mind', '2021-12-10 18:32:01'),
(782, 222, 390, 'not answer', '', '2021-12-10 18:32:51'),
(783, 224, 409, 'not answer', '', '2021-12-10 18:32:54'),
(784, 224, 408, 'call again', 'مغلق', '2021-12-10 18:33:32'),
(785, 222, 393, 'call again', 'مغلق', '2021-12-10 18:33:36'),
(786, 239, 398, 'approved', 'الجمعه اساعه 6 \n 1 HAMMER ', '2021-12-10 18:34:32'),
(787, 207, 237, 'call again', 'مش بيرد / بيقول قدم كتير', '2021-12-10 18:35:10'),
(788, 224, 399, 'approved', 'التوصيل يوم الاثنين الساعه 12 م ', '2021-12-10 18:42:02'),
(789, 240, 345, 'not answer', '', '2021-12-10 18:44:04'),
(790, 207, 254, 'cancel', 'spam', '2021-12-10 18:44:28'),
(791, 240, 246, 'call again', 'بيكنسل ', '2021-12-10 18:44:50'),
(792, 207, 269, 'dod', 'دكتور وطلب الاستلام الاتنين  13 /12 عبوة واعرض 3 ب 1000 مش اول مرة ياخد', '2021-12-10 18:44:57'),
(793, 241, 346, 'not answer', '', '2021-12-10 18:45:54'),
(794, 238, 406, 'approved', 'حالا', '2021-12-10 18:56:32'),
(795, 207, 163, 'cancel', 'changed his mind', '2021-12-10 18:56:41'),
(796, 222, 392, 'not answer', '', '2021-12-10 18:56:55'),
(797, 222, 405, 'not answer', '', '2021-12-10 18:59:48'),
(798, 222, 349, 'not answer', '', '2021-12-10 19:01:28'),
(799, 222, 348, 'call again', 'يوم الاحد ', '2021-12-10 19:05:23'),
(800, 238, 407, 'approved', 'الاحد ', '2021-12-10 19:08:04'),
(801, 241, 410, 'not answer', '', '2021-12-10 19:13:28'),
(802, 207, 202, 'cancel', 'spam', '2021-12-10 19:15:43'),
(803, 229, 369, 'cancel', 'changed his mind', '2021-12-10 19:16:12'),
(804, 15, 402, 'cancel', 'expensive', '2021-12-10 19:20:04'),
(805, 224, 413, 'cancel', 'wrong number', '2021-12-10 19:28:02'),
(806, 241, 347, 'approved', 'بكرا ', '2021-12-10 19:29:17'),
(807, 207, 265, 'cancel', 'did not order', '2021-12-10 19:33:35'),
(808, 193, 386, 'cancel', 'joke', '2021-12-10 19:43:06'),
(809, 193, 384, 'call again', 'نص ساعة و يكلمنى 10/12', '2021-12-10 19:44:54'),
(810, 222, 412, 'approved', 'الجمعة ', '2021-12-10 19:47:51'),
(811, 193, 383, 'cancel', 'joke', '2021-12-10 19:49:32'),
(812, 15, 415, 'approved', 'بكرة من 1ل3  ابراهيم السيد ابراهيم ', '2021-12-10 19:55:12'),
(813, 222, 411, 'approved', '  01155650425  01223766694', '2021-12-10 20:03:03'),
(814, 207, 351, 'call again', 'رد وقال انا اخو / كلمته كنسل', '2021-12-10 20:03:48'),
(815, 207, 351, 'call again', 'هيرد عبوة 650 / 3 ب 1100 هو واخوه', '2021-12-10 20:10:28'),
(816, 15, 414, 'not answer', '', '2021-12-10 20:11:07'),
(817, 193, 319, 'call again', 'واتسااااااااااب 10/12', '2021-12-10 20:12:34'),
(818, 15, 414, 'cancel', 'spam', '2021-12-10 20:34:43'),
(819, 222, 286, 'cancel', 'changed his mind', '2021-12-10 20:47:28'),
(820, 207, 359, 'dod', 'مصمم على عبوة 650 يا السبت يا الاحد عادى', '2021-12-10 20:49:00'),
(821, 207, 359, 'cancel', 'changed his mind', '2021-12-10 20:55:23'),
(822, 224, 416, 'cancel', 'joke', '2021-12-10 21:32:24'),
(823, 229, 417, 'New', NULL, '2021-12-11 12:16:21'),
(824, 229, 418, 'New', NULL, '2021-12-11 12:16:21'),
(825, 229, 419, 'New', NULL, '2021-12-11 12:16:21'),
(826, 229, 420, 'New', NULL, '2021-12-11 12:16:21'),
(827, 237, 424, 'New', NULL, '2021-12-11 12:16:41'),
(828, 237, 425, 'New', NULL, '2021-12-11 12:16:41'),
(829, 237, 426, 'New', NULL, '2021-12-11 12:16:41');
INSERT INTO `sales_history` (`id`, `emp_id`, `order_id`, `action`, `comment`, `created_at`) VALUES
(830, 237, 427, 'New', NULL, '2021-12-11 12:16:41'),
(831, 237, 428, 'New', NULL, '2021-12-11 12:16:41'),
(832, 237, 429, 'New', NULL, '2021-12-11 12:16:41'),
(833, 240, 421, 'New', NULL, '2021-12-11 12:17:34'),
(834, 240, 422, 'New', NULL, '2021-12-11 12:17:34'),
(835, 237, 423, 'New', NULL, '2021-12-11 12:18:37'),
(836, 238, 447, 'New', NULL, '2021-12-11 12:20:28'),
(837, 238, 448, 'New', NULL, '2021-12-11 12:20:28'),
(838, 193, 449, 'New', NULL, '2021-12-11 12:20:41'),
(839, 193, 450, 'New', NULL, '2021-12-11 12:20:41'),
(840, 193, 451, 'New', NULL, '2021-12-11 12:20:41'),
(841, 193, 452, 'New', NULL, '2021-12-11 12:20:41'),
(842, 239, 430, 'New', NULL, '2021-12-11 12:21:45'),
(843, 239, 431, 'New', NULL, '2021-12-11 12:21:45'),
(844, 239, 432, 'New', NULL, '2021-12-11 12:21:45'),
(845, 239, 433, 'New', NULL, '2021-12-11 12:21:45'),
(846, 239, 434, 'New', NULL, '2021-12-11 12:21:45'),
(847, 222, 435, 'New', NULL, '2021-12-11 12:22:07'),
(848, 222, 436, 'New', NULL, '2021-12-11 12:22:07'),
(849, 222, 437, 'New', NULL, '2021-12-11 12:22:07'),
(850, 222, 438, 'New', NULL, '2021-12-11 12:22:07'),
(851, 222, 439, 'New', NULL, '2021-12-11 12:22:07'),
(852, 224, 440, 'New', NULL, '2021-12-11 12:22:22'),
(853, 224, 441, 'New', NULL, '2021-12-11 12:22:22'),
(854, 229, 442, 'New', NULL, '2021-12-11 12:22:36'),
(855, 229, 443, 'New', NULL, '2021-12-11 12:22:36'),
(856, 237, 444, 'New', NULL, '2021-12-11 12:23:00'),
(857, 237, 445, 'New', NULL, '2021-12-11 12:23:00'),
(858, 237, 446, 'New', NULL, '2021-12-11 12:23:00'),
(859, 241, 346, 'approved', 'اليوم الساعه 8', '2021-12-11 12:48:26'),
(860, 240, 421, 'not answer', '', '2021-12-11 12:57:49'),
(861, 207, 168, 'cancel', 'expensive', '2021-12-11 13:00:27'),
(862, 240, 422, 'cancel', 'wrong number', '2021-12-11 13:01:39'),
(863, 237, 138, 'cancel', 'expensive', '2021-12-11 13:18:24'),
(864, 237, 130, 'cancel', '16 سنه', '2021-12-11 13:20:34'),
(865, 240, 421, 'not answer', '', '2021-12-11 13:21:28'),
(866, 237, 188, 'not answer', '', '2021-12-11 13:24:06'),
(867, 237, 423, 'not answer', '', '2021-12-11 13:25:29'),
(868, 193, 452, 'cancel', 'joke', '2021-12-11 13:26:32'),
(869, 237, 424, 'not answer', '', '2021-12-11 13:30:06'),
(870, 237, 136, 'approved', '', '2021-12-11 13:36:09'),
(871, 237, 188, 'cancel', 'expensive', '2021-12-11 13:37:05'),
(872, 237, 425, 'call again', 'ربع ساعه', '2021-12-11 13:38:27'),
(873, 229, 367, 'cancel', 'changed his mind', '2021-12-11 13:51:35'),
(874, 222, 456, 'approved', 'وائل صلاح ', '2021-12-11 13:52:53'),
(875, 237, 426, 'not answer', '', '2021-12-11 13:53:17'),
(876, 229, 420, 'not answer', '', '2021-12-11 13:54:09'),
(877, 222, 439, 'call again', 'مغلق \n', '2021-12-11 13:54:29'),
(878, 229, 419, 'cancel', 'expensive', '2021-12-11 13:58:52'),
(879, 229, 418, 'not answer', '', '2021-12-11 14:01:28'),
(880, 237, 427, 'approved', '', '2021-12-11 14:02:25'),
(881, 224, 400, 'approved', 'توصيل اليوم الساعه 2 م ', '2021-12-11 14:02:34'),
(882, 224, 408, 'approved', 'توصيل اليوم الساعه 2 م ', '2021-12-11 14:10:09'),
(883, 229, 417, 'cancel', 'changed his mind', '2021-12-11 14:15:43'),
(884, 229, 417, 'cancel', 'expensive', '2021-12-11 14:15:43'),
(885, 222, 438, 'cancel', 'spam', '2021-12-11 14:17:51'),
(886, 224, 441, 'cancel', 'wrong number', '2021-12-11 14:18:04'),
(887, 237, 428, 'approved', '', '2021-12-11 14:18:12'),
(888, 239, 455, 'call again', 'NEW / NA ', '2021-12-11 14:18:23'),
(889, 222, 437, 'not answer', '', '2021-12-11 14:19:55'),
(890, 229, 442, 'not answer', '', '2021-12-11 14:20:16'),
(891, 222, 436, 'call again', 'مغلق ', '2021-12-11 14:21:00'),
(892, 229, 443, 'not answer', '', '2021-12-11 14:22:33'),
(893, 222, 435, 'cancel', 'did not order', '2021-12-11 14:23:33'),
(894, 224, 440, 'approved', 'توصيل اليوم الساعه 2 م ', '2021-12-11 14:25:26'),
(895, 222, 462, 'call again', 'مغلق ', '2021-12-11 14:27:46'),
(896, 222, 461, 'cancel', 'expensive', '2021-12-11 14:28:53'),
(897, 222, 460, 'not answer', '', '2021-12-11 14:31:14'),
(898, 222, 204, 'cancel', 'did not order', '2021-12-11 14:37:35'),
(899, 193, 451, 'cancel', 'joke', '2021-12-11 14:39:24'),
(900, 241, 454, 'not answer', '', '2021-12-11 14:40:19'),
(901, 193, 449, 'call again', 'مغلللللللللللق 11/12', '2021-12-11 14:47:45'),
(902, 239, 430, 'approved', 'الاتنين من 4 الى 6\n3 TITAN ', '2021-12-11 14:51:44'),
(903, 240, 246, 'call again', 'بيكنسل ', '2021-12-11 14:57:21'),
(904, 222, 331, 'approved', '', '2021-12-11 14:57:37'),
(905, 237, 429, 'not answer', '', '2021-12-11 14:58:03'),
(906, 240, 345, 'not answer', '', '2021-12-11 14:58:36'),
(907, 237, 423, 'cancel', 'expensive', '2021-12-11 14:59:34'),
(908, 237, 429, 'call again', 'اسبوع', '2021-12-11 15:00:13'),
(909, 237, 429, 'call again', 'اسبوع', '2021-12-11 15:00:13'),
(910, 193, 450, 'approved', 'الاستلام غدا الاحد الموافق 12/12/2021 الساعة 12 ظهرا ضروووووووورى\n4 عبوات جارسينيا كابسول\n1500 جنيه شامل مصاريف الشحن', '2021-12-11 15:00:34'),
(911, 237, 424, 'not answer', '', '2021-12-11 15:01:02'),
(912, 239, 431, 'call again', 'مغلق ', '2021-12-11 15:01:57'),
(913, 237, 444, 'call again', 'ساعه', '2021-12-11 15:02:24'),
(914, 193, 319, 'cancel', 'did not order', '2021-12-11 15:02:26'),
(915, 237, 445, 'cancel', 'spam', '2021-12-11 15:03:07'),
(916, 239, 432, 'call again', 'NEW/NA', '2021-12-11 15:04:01'),
(917, 240, 246, 'cancel', 'changed his mind', '2021-12-11 15:04:39'),
(918, 222, 462, 'approved', 'مغلق ', '2021-12-11 15:05:39'),
(919, 239, 433, 'call again', 'متردد هيفكر ويرد عليابكره ', '2021-12-11 15:12:46'),
(920, 237, 446, 'call again', '10 د ', '2021-12-11 15:13:02'),
(921, 237, 194, 'call again', '10د-مغلق - الخط مشغول', '2021-12-11 15:13:50'),
(922, 239, 434, 'call again', 'NEW/NA	', '2021-12-11 15:15:56'),
(923, 241, 410, 'cancel', 'expensive', '2021-12-11 15:31:00'),
(924, 222, 437, 'approved', '', '2021-12-11 15:38:02'),
(925, 229, 442, 'cancel', 'wrong number', '2021-12-11 15:39:49'),
(926, 222, 436, 'cancel', 'expensive', '2021-12-11 15:42:07'),
(927, 239, 455, 'call again', 'NEW / NA ', '2021-12-11 15:42:15'),
(928, 239, 455, 'call again', 'سعيد عصفوره  يوم الخميس ', '2021-12-11 15:43:33'),
(929, 229, 443, 'cancel', 'wrong number', '2021-12-11 15:46:56'),
(930, 238, 453, 'approved', 'حالا', '2021-12-11 15:49:26'),
(931, 222, 320, 'not answer', '', '2021-12-11 15:50:13'),
(932, 222, 390, 'not answer', '', '2021-12-11 15:50:17'),
(933, 222, 392, 'not answer', '', '2021-12-11 15:50:21'),
(934, 222, 405, 'not answer', '', '2021-12-11 15:50:25'),
(935, 222, 349, 'not answer', '', '2021-12-11 15:50:31'),
(936, 229, 368, 'call again', 'شوبه', '2021-12-11 15:54:00'),
(937, 239, 224, 'cancel', 'changed his mind', '2021-12-11 15:54:35'),
(938, 239, 341, 'cancel', 'مطلبتش حاجه ', '2021-12-11 16:03:11'),
(939, 239, 340, 'not answer', '', '2021-12-11 16:07:38'),
(940, 239, 339, 'not answer', '', '2021-12-11 16:09:59'),
(941, 239, 338, 'call again', 'مغلق ', '2021-12-11 16:10:22'),
(942, 239, 337, 'call again', 'مغلق ', '2021-12-11 16:12:02'),
(943, 207, 457, 'dod', '', '2021-12-11 16:16:24'),
(944, 207, 457, 'not answer', '', '2021-12-11 16:16:35'),
(945, 207, 457, 'not answer', '', '2021-12-11 16:16:35'),
(946, 207, 457, 'not answer', '', '2021-12-11 16:16:35'),
(947, 207, 458, 'call again', 'مغلق او غير متاح', '2021-12-11 16:18:16'),
(948, 207, 459, 'cancel', 'expensive', '2021-12-11 16:20:53'),
(949, 237, 425, 'call again', 'ربع ساعه-مش بيرد', '2021-12-11 16:22:39'),
(950, 239, 434, 'dod', 'اكلموا قبلها ', '2021-12-11 16:25:16'),
(951, 237, 446, 'call again', '10 د -بيكنسل', '2021-12-11 16:27:57'),
(952, 237, 446, 'cancel', 'joke', '2021-12-11 16:30:38'),
(953, 239, 432, 'approved', 'السبت من 4 الى 6\n3 TITAN ', '2021-12-11 16:31:15'),
(954, 239, 463, 'cancel', 'مطلبتش حاجه ', '2021-12-11 16:34:58'),
(955, 239, 464, 'approved', 'الاحد من 2 الى 4\n3 HAMMER ', '2021-12-11 16:42:07'),
(956, 222, 465, 'call again', 'الساعة 4 \n', '2021-12-11 16:43:25'),
(957, 241, 468, 'cancel', 'عيل صغير بيلع ب التليفون', '2021-12-11 17:21:26'),
(958, 207, 467, 'dod', '', '2021-12-11 17:25:46'),
(959, 207, 467, 'not answer', '', '2021-12-11 17:25:54'),
(960, 207, 467, 'not answer', '', '2021-12-11 17:25:54'),
(961, 207, 467, 'cancel', 'spam', '2021-12-11 17:28:09'),
(962, 207, 457, 'call again', 'غير موجود بالخدمة', '2021-12-11 17:28:29'),
(963, 193, 384, 'cancel', 'joke', '2021-12-11 17:30:18'),
(964, 222, 466, 'not answer', '', '2021-12-11 17:31:59'),
(965, 222, 393, 'call again', 'ساعة ', '2021-12-11 17:35:17'),
(966, 222, 320, 'call again', 'مغلق ', '2021-12-11 17:36:56'),
(967, 222, 320, 'not answer', '', '2021-12-11 17:39:36'),
(968, 222, 390, 'cancel', 'joke', '2021-12-11 17:44:38'),
(969, 222, 392, 'cancel', 'did not order', '2021-12-11 17:46:28'),
(970, 222, 405, 'call again', 'الساعة 6', '2021-12-11 17:50:22'),
(971, 222, 349, 'not answer', '', '2021-12-11 17:51:09'),
(972, 241, 469, 'approved', 'الان', '2021-12-11 17:52:11'),
(973, 229, 420, 'cancel', 'changed his mind', '2021-12-11 17:52:15'),
(974, 222, 466, 'not answer', '', '2021-12-11 17:52:20'),
(975, 222, 466, 'not answer', '', '2021-12-11 17:52:20'),
(976, 222, 320, 'approved', 'احمد عوض ', '2021-12-11 18:00:07'),
(977, 237, 424, 'not answer', '', '2021-12-11 18:07:13'),
(978, 238, 448, 'approved', 'حالا', '2021-12-11 18:11:55'),
(979, 237, 424, 'approved', '', '2021-12-11 18:19:54'),
(980, 193, 385, 'cancel', 'joke', '2021-12-11 18:20:21'),
(981, 237, 426, 'cancel', 'expensive', '2021-12-11 18:27:17'),
(982, 240, 421, 'call again', 'اخوه هيكلمنى ', '2021-12-11 18:51:25'),
(983, 238, 447, 'approved', 'حالا', '2021-12-11 19:00:07'),
(984, 207, 470, 'approved', 'يصل غدا 12/12 وهيستلم 4 هامر ب 1500', '2021-12-11 19:33:18'),
(985, 222, 471, 'cancel', 'did not order', '2021-12-11 19:54:48'),
(986, 238, 472, 'approved', 'حالا', '2021-12-11 19:58:55'),
(987, 241, 454, 'cancel', 'مسافر اسوان ', '2021-12-11 20:01:37'),
(988, 207, 457, 'cancel', 'spam', '2021-12-11 20:03:06'),
(989, 207, 354, 'call again', ' اكلمه 7 م مش مصرى / مردش', '2021-12-11 20:07:01'),
(990, 207, 486, 'New', NULL, '2021-12-12 12:01:18'),
(991, 207, 487, 'New', NULL, '2021-12-12 12:01:18'),
(992, 207, 488, 'New', NULL, '2021-12-12 12:01:18'),
(993, 207, 489, 'New', NULL, '2021-12-12 12:01:18'),
(994, 207, 490, 'New', NULL, '2021-12-12 12:01:18'),
(995, 207, 491, 'New', NULL, '2021-12-12 12:01:18'),
(996, 207, 492, 'New', NULL, '2021-12-12 12:01:18'),
(997, 207, 493, 'New', NULL, '2021-12-12 12:01:18'),
(998, 207, 494, 'New', NULL, '2021-12-12 12:01:18'),
(999, 207, 495, 'New', NULL, '2021-12-12 12:01:18'),
(1000, 237, 499, 'New', NULL, '2021-12-12 12:01:47'),
(1001, 237, 500, 'New', NULL, '2021-12-12 12:01:47'),
(1002, 237, 501, 'New', NULL, '2021-12-12 12:01:47'),
(1003, 237, 502, 'New', NULL, '2021-12-12 12:01:47'),
(1004, 237, 503, 'New', NULL, '2021-12-12 12:01:47'),
(1005, 237, 504, 'New', NULL, '2021-12-12 12:01:47'),
(1006, 237, 496, 'New', NULL, '2021-12-12 12:02:42'),
(1007, 240, 497, 'New', NULL, '2021-12-12 12:04:42'),
(1008, 240, 498, 'New', NULL, '2021-12-12 12:04:42'),
(1009, 238, 482, 'New', NULL, '2021-12-12 12:05:44'),
(1010, 238, 483, 'New', NULL, '2021-12-12 12:05:44'),
(1011, 238, 484, 'New', NULL, '2021-12-12 12:05:44'),
(1012, 238, 485, 'New', NULL, '2021-12-12 12:05:44'),
(1013, 222, 475, 'New', NULL, '2021-12-12 12:07:04'),
(1014, 222, 477, 'New', NULL, '2021-12-12 12:07:04'),
(1015, 222, 478, 'New', NULL, '2021-12-12 12:07:04'),
(1016, 222, 479, 'New', NULL, '2021-12-12 12:07:04'),
(1017, 222, 480, 'New', NULL, '2021-12-12 12:07:04'),
(1018, 237, 473, 'New', NULL, '2021-12-12 12:07:19'),
(1019, 237, 474, 'New', NULL, '2021-12-12 12:07:19'),
(1020, 207, 164, 'cancel', 'spam', '2021-12-12 12:56:08'),
(1021, 15, 280, 'approved', '1 ب 650ج يوصل النهارده 8 مساءا', '2021-12-12 12:58:09'),
(1022, 240, 497, 'call again', 'busy', '2021-12-12 13:28:54'),
(1023, 240, 498, 'not answer', '', '2021-12-12 13:30:22'),
(1024, 238, 483, 'approved', 'طنطا4شارع الثناء متفرع من الاستاد بجوار مستشفي العياشي اعلي مطعم الغريب الدور السادس شقة6\nعنوان بديل ', '2021-12-12 13:41:17'),
(1025, 238, 484, 'not answer', '', '2021-12-12 13:42:31'),
(1026, 238, 485, 'approved', 'حالا', '2021-12-12 13:49:38'),
(1027, 238, 482, 'approved', 'حالا', '2021-12-12 13:54:58'),
(1028, 237, 496, 'cancel', 'سأل ع السعر و اتخض منه قالي مش عااايز', '2021-12-12 13:56:03'),
(1029, 207, 486, 'approved', 'يصل الان 12/12 وهيستلم 3 هامر ب 1000', '2021-12-12 13:57:17'),
(1030, 237, 499, 'not answer', '', '2021-12-12 13:57:23'),
(1031, NULL, 101, 'not answer', '', '2021-12-12 14:00:08'),
(1032, 207, 487, 'call again', 'مش بيرد', '2021-12-12 14:00:12'),
(1033, 237, 499, 'call again', '42-سكر -  الساعه 1 اكلمه', '2021-12-12 14:03:23'),
(1034, 239, 431, 'approved', 'الاحد اساعه 8 مساءا \n 3 TITAN ', '2021-12-12 14:04:55'),
(1035, 207, 488, 'call again', 'طلب نكلمه بعد 7 م', '2021-12-12 14:04:59'),
(1036, 15, 279, 'approved', '1 هامر و 3 تيتان ب 1600ج بكرة بعد 3', '2021-12-12 14:07:25'),
(1037, 207, 489, 'call again', 'مش مصرى عنده عملية', '2021-12-12 14:09:47'),
(1038, 239, 433, 'call again', 'متردد هيفكر ويرد عليابكره / NA', '2021-12-12 14:13:13'),
(1039, 207, 490, 'dod', '', '2021-12-12 14:16:06'),
(1040, 207, 490, 'not answer', '', '2021-12-12 14:16:25'),
(1041, 207, 490, 'not answer', '', '2021-12-12 14:16:25'),
(1042, 240, 498, 'dod', '33 لا امراض لا منشطات مكتبيه لا يوجد وزن زيادة ضعف انتصاب لا تدخين \nهكلمه الساعه 4 ', '2021-12-12 14:16:26'),
(1043, 207, 490, 'cancel', 'changed his mind', '2021-12-12 14:17:29'),
(1044, 237, 500, 'cancel', 'ألغيه مش عايزه قبل اي كلام !', '2021-12-12 14:17:56'),
(1045, 239, 340, 'call again', 'فتح وقفل ', '2021-12-12 14:18:12'),
(1046, 239, 339, 'call again', 'بيكنسل ', '2021-12-12 14:19:25'),
(1047, 239, 338, 'call again', 'شويه وهيكلمنى ', '2021-12-12 14:21:17'),
(1048, 239, 337, 'call again', 'مغلق ', '2021-12-12 14:21:48'),
(1049, 237, 501, 'cancel', 'wrong number', '2021-12-12 14:22:33'),
(1050, 239, 397, 'call again', 'مغلق ', '2021-12-12 14:22:47'),
(1051, 237, 502, 'call again', 'مغلق', '2021-12-12 14:28:25'),
(1052, 237, 503, 'cancel', 'did not order', '2021-12-12 14:32:59'),
(1053, 222, 480, 'call again', 'مغلق \n', '2021-12-12 14:40:30'),
(1054, 222, 479, 'call again', 'مغلق\n', '2021-12-12 14:41:27'),
(1055, 222, 478, 'call again', 'بكرا ', '2021-12-12 14:44:42'),
(1056, 222, 477, 'call again', 'بيكنسل ', '2021-12-12 14:45:45'),
(1057, 222, 475, 'cancel', 'wrong number', '2021-12-12 14:46:38'),
(1058, 237, 504, 'approved', '', '2021-12-12 14:48:09'),
(1059, 207, 491, 'approved', 'يصل غدا 13/12 وهيستلم 4 هامر ب 1500', '2021-12-12 14:49:17'),
(1060, 207, 308, 'approved', 'يصل غدا 13/12 وهيستلم 3 هامر ب 1200', '2021-12-12 15:00:01'),
(1061, 229, 507, 'cancel', 'joke', '2021-12-12 15:04:55'),
(1062, 207, 492, 'dod', '', '2021-12-12 15:09:54'),
(1063, 207, 492, 'not answer', '', '2021-12-12 15:14:02'),
(1064, 207, 492, 'not answer', '', '2021-12-12 15:14:02'),
(1065, 207, 492, 'dod', '', '2021-12-12 15:14:30'),
(1066, 207, 492, 'not answer', '', '2021-12-12 15:14:41'),
(1067, 207, 492, 'not answer', '', '2021-12-12 15:14:41'),
(1068, 207, 492, 'cancel', 'spam', '2021-12-12 15:17:49'),
(1069, 207, 493, 'call again', 'طلب اكلمه 2 ونص', '2021-12-12 15:20:54'),
(1070, 207, 494, 'call again', 'طلب اكلمه الساعة 2 بعد نص ساعة', '2021-12-12 15:22:41'),
(1071, 207, 495, 'call again', 'مش بيرد', '2021-12-12 15:26:37'),
(1072, 229, 508, 'approved', 'بعد 4م', '2021-12-12 15:27:33'),
(1073, 207, 505, 'call again', 'مش بيرد', '2021-12-12 15:29:24'),
(1074, 207, 494, 'cancel', 'expensive', '2021-12-12 15:30:20'),
(1075, 207, 506, 'cancel', 'expensive', '2021-12-12 15:39:43'),
(1076, 229, 342, 'cancel', 'changed his mind', '2021-12-12 15:43:33'),
(1077, 237, 509, 'approved', '', '2021-12-12 15:48:20'),
(1078, 240, 345, 'dod', '50 سكر ضغط منشطات حركة مبطل تدخين معدوم الانتصاب حجم 3\nهكلمه الحد يوم 19', '2021-12-12 16:04:24'),
(1079, 203, 222, 'cancel', 'did not order', '2021-12-12 16:07:20'),
(1080, 237, 473, 'not answer', '', '2021-12-12 16:11:57'),
(1081, 237, 474, 'call again', 'غير موجود بالخدمه', '2021-12-12 16:16:45'),
(1082, 237, 444, 'cancel', 'joke', '2021-12-12 16:17:46'),
(1083, 15, 99, 'call again', 'صاحبه اللي طلب  هكلموة بكرة', '2021-12-12 16:22:27'),
(1084, 207, 510, 'call again', 'مش بيرد', '2021-12-12 16:26:01'),
(1085, 207, 493, 'cancel', 'expensive', '2021-12-12 16:37:37'),
(1086, 15, 333, 'approved', '1 عبوة 650ج  بكرة من 1ل3', '2021-12-12 16:51:01'),
(1087, 222, 511, 'call again', 'الساعة 4\n', '2021-12-12 17:12:25'),
(1088, 240, 497, 'call again', 'busy', '2021-12-12 17:13:29'),
(1089, 240, 421, 'not answer', '', '2021-12-12 17:14:52'),
(1090, 203, 223, 'dod', 'يوصل الخميس بالتنسيق مع المندوب هبعته الثلاثاء ', '2021-12-12 17:51:04'),
(1091, 238, 512, 'approved', 'حالا', '2021-12-12 17:57:21'),
(1092, 237, 474, 'cancel', 'غير موجود بالخدمه	', '2021-12-12 17:58:21'),
(1093, 237, 473, 'not answer', '', '2021-12-12 17:59:11'),
(1094, 237, 499, 'approved', '', '2021-12-12 18:11:20'),
(1095, 222, 287, 'cancel', 'joke', '2021-12-12 18:13:14'),
(1096, 222, 321, 'cancel', 'wrong number', '2021-12-12 18:13:58'),
(1097, 207, 513, 'approved', 'يصل الان 12/12 وهيستلم 3 هامر ب 1000', '2021-12-12 18:14:31'),
(1098, 222, 324, 'call again', '5 ', '2021-12-12 18:15:05'),
(1099, 222, 324, 'call again', '5 ', '2021-12-12 18:15:05'),
(1100, 203, 101, 'cancel', 'wrong number', '2021-12-12 18:16:41'),
(1101, 222, 439, 'cancel', 'wrong number', '2021-12-12 18:18:17'),
(1102, 240, 498, 'not answer', '33 لا امراض لا منشطات مكتبيه لا يوجد وزن زيادة ضعف انتصاب لا تدخين \nهكلمه الساعه 4 ', '2021-12-12 18:25:59'),
(1103, 224, 515, 'cancel', 'changed his mind', '2021-12-12 18:33:41'),
(1104, 237, 516, 'not answer', '', '2021-12-12 18:50:41'),
(1105, 222, 480, 'approved', '01117655898  01024767970', '2021-12-12 18:54:26'),
(1106, 15, 518, 'call again', 'هبقي اكلمك عشان المبلغ كبير', '2021-12-12 18:55:33'),
(1107, 207, 505, 'dod', 'طلب يستلم الاربعاء 15/12 وهيستلم 2 تيتان + 1 هامر ب 1250 عندة 24 سنة وسايغ', '2021-12-12 19:04:03'),
(1108, 237, 516, 'cancel', 'expensive', '2021-12-12 19:17:25'),
(1109, 222, 348, 'approved', 'اسلام وحيد \nالاثنين ', '2021-12-12 19:27:02'),
(1110, 222, 514, 'cancel', 'spam', '2021-12-12 19:30:07'),
(1111, 207, 264, 'approved', 'يصل الان الاحد 12/12 وهيستلم 3 ب 1000 ', '2021-12-12 19:35:14'),
(1112, 207, 520, 'dod', '', '2021-12-12 19:36:53'),
(1113, 207, 520, 'not answer', '', '2021-12-12 19:37:13'),
(1114, 207, 520, 'not answer', '', '2021-12-12 19:37:13'),
(1115, 207, 520, 'cancel', 'expensive', '2021-12-12 19:47:17'),
(1116, 240, 421, 'call again', 'سايب موبايله مع صاحبه هيكلمنا على الرقم ده ', '2021-12-12 19:55:31'),
(1117, 240, 421, 'call again', 'سايب موبايله مع صاحبه هيكلمنا على الرقم ده ', '2021-12-12 19:55:31'),
(1118, 222, 478, 'call again', 'يوم السبت ', '2021-12-12 19:56:44'),
(1119, 240, 498, 'not answer', '33 لا امراض لا منشطات مكتبيه لا يوجد وزن زيادة ضعف انتصاب لا تدخين \nهكلمه الساعه 4 ', '2021-12-12 19:57:16'),
(1120, 15, 517, 'approved', '3 ب 1300ج يوصل بكرة من 1ل3', '2021-12-12 20:04:07'),
(1121, 222, 523, 'call again', 'مغلق\n', '2021-12-12 20:07:03'),
(1122, 238, 522, 'approved', 'حالا', '2021-12-12 20:09:48'),
(1123, 222, 324, 'cancel', 'joke', '2021-12-12 20:12:06'),
(1124, 238, 519, 'cancel', 'wrong number', '2021-12-12 20:13:37'),
(1125, 207, 521, 'approved', 'يصل غدا 13/12 وهيستلم 3 هامر ب 1050', '2021-12-12 20:20:30'),
(1126, 207, 237, 'cancel', 'spam', '2021-12-12 20:20:45'),
(1127, 15, 518, 'approved', '3ب1000ج يوصل الثلاثاء الساعه 3', '2021-12-12 20:21:09'),
(1128, 222, 511, 'approved', '', '2021-12-12 20:25:25'),
(1129, 224, 524, 'approved', 'توصيل اليوم الساعه 8 م ', '2021-12-12 20:43:13'),
(1130, 207, 538, 'New', NULL, '2021-12-13 12:02:42'),
(1131, 207, 539, 'New', NULL, '2021-12-13 12:02:42'),
(1132, 207, 540, 'New', NULL, '2021-12-13 12:02:42'),
(1133, 237, 541, 'New', NULL, '2021-12-13 12:03:09'),
(1134, 237, 542, 'New', NULL, '2021-12-13 12:03:09'),
(1135, 237, 543, 'New', NULL, '2021-12-13 12:03:09'),
(1136, 237, 544, 'New', NULL, '2021-12-13 12:03:09'),
(1137, 237, 545, 'New', NULL, '2021-12-13 12:03:09'),
(1138, 237, 546, 'New', NULL, '2021-12-13 12:03:09'),
(1139, 240, 548, 'New', NULL, '2021-12-13 12:03:25'),
(1140, 240, 549, 'New', NULL, '2021-12-13 12:03:25'),
(1141, 240, 550, 'New', NULL, '2021-12-13 12:03:25'),
(1142, 207, 547, 'New', NULL, '2021-12-13 12:04:41'),
(1143, 238, 535, 'New', NULL, '2021-12-13 12:05:29'),
(1144, 238, 536, 'New', NULL, '2021-12-13 12:05:29'),
(1145, 238, 537, 'New', NULL, '2021-12-13 12:05:29'),
(1146, 15, 525, 'New', NULL, '2021-12-13 12:06:40'),
(1147, 15, 526, 'New', NULL, '2021-12-13 12:06:40'),
(1148, 222, 527, 'New', NULL, '2021-12-13 12:07:15'),
(1149, 222, 528, 'New', NULL, '2021-12-13 12:07:15'),
(1150, 222, 529, 'New', NULL, '2021-12-13 12:07:15'),
(1151, 222, 530, 'New', NULL, '2021-12-13 12:07:15'),
(1152, 222, 531, 'New', NULL, '2021-12-13 12:07:15'),
(1153, 222, 532, 'New', NULL, '2021-12-13 12:07:15'),
(1154, 224, 533, 'New', NULL, '2021-12-13 12:07:31'),
(1155, 224, 534, 'New', NULL, '2021-12-13 12:07:31'),
(1156, 207, 541, 'New', NULL, '2021-12-13 12:30:36'),
(1157, 207, 542, 'New', NULL, '2021-12-13 12:30:36'),
(1158, 207, 543, 'New', NULL, '2021-12-13 12:30:36'),
(1159, 203, 544, 'New', NULL, '2021-12-13 12:32:02'),
(1160, 203, 545, 'New', NULL, '2021-12-13 12:32:02'),
(1161, 203, 546, 'New', NULL, '2021-12-13 12:32:02'),
(1162, 207, 380, 'cancel', 'expensive', '2021-12-13 13:03:38'),
(1163, 207, 267, 'cancel', 'spam', '2021-12-13 13:17:36'),
(1164, 207, 354, 'call again', ' اكلمه 7 م مش مصرى / مردش / كنسل', '2021-12-13 13:21:45'),
(1165, 207, 351, 'cancel', 'changed his mind', '2021-12-13 13:29:52'),
(1166, 238, 536, 'approved', 'حالا', '2021-12-13 13:37:05'),
(1167, 207, 357, 'call again', 'اكلمه الساعة 12 يكلم دكتور راجل', '2021-12-13 13:37:19'),
(1168, 222, 532, 'not answer', '', '2021-12-13 13:38:52'),
(1169, 222, 531, 'not answer', '', '2021-12-13 13:41:30'),
(1170, 222, 530, 'not answer', '', '2021-12-13 13:43:33'),
(1171, 222, 529, 'not answer', '', '2021-12-13 13:46:24'),
(1172, 240, 551, 'dod', '40 لا امراض لا منشطات مدخن حركة سرعة قذف ضعف انتصاب\nيوم 27 هيستلم \n\n\n', '2021-12-13 13:53:59'),
(1173, 222, 528, 'cancel', 'wrong number', '2021-12-13 13:57:00'),
(1174, 207, 538, 'approved', 'يصل غدا 14/12 وهيستلم 3 هامر ب 1000', '2021-12-13 14:06:18'),
(1175, 240, 548, 'dod', '44 ضغط منشطات مدخن مكتبية وحركة \nهبعتله واتساب \nهيسال الدكتور بتاعه ', '2021-12-13 14:07:12'),
(1176, 240, 549, 'call again', 'بعد الساعه 2 ', '2021-12-13 14:12:29'),
(1177, 240, 550, 'call again', 'هكلمه الساعه 1', '2021-12-13 14:14:36'),
(1178, 207, 539, 'call again', 'مغلق او غير متاح', '2021-12-13 14:17:42'),
(1179, 239, 337, 'call again', 'مغلق / بعتله واتس ', '2021-12-13 14:18:08'),
(1180, 239, 337, 'call again', 'مغلق / بعتله واتس ', '2021-12-13 14:18:08'),
(1181, 207, 540, 'call again', 'غير موجود بالخدمة', '2021-12-13 14:19:19'),
(1182, 203, 546, 'cancel', 'غالي وعنده 22 سنه ومكنش شايف السعر', '2021-12-13 14:21:44'),
(1183, 222, 527, 'approved', '', '2021-12-13 14:23:00'),
(1184, 240, 421, 'cancel', 'changed his mind', '2021-12-13 14:31:05'),
(1185, 207, 541, 'approved', 'يصل غدا 14/12 وهيستلم عبوة هامر ب 650', '2021-12-13 14:34:54'),
(1186, 207, 542, 'call again', 'مش بيرد', '2021-12-13 14:39:37'),
(1187, 203, 545, 'approved', 'يوصل النهارده  الساعه 2 ظهرا يكلميه ينسق معاه الاول ', '2021-12-13 14:40:00'),
(1188, 203, 544, 'not answer', '', '2021-12-13 14:41:05'),
(1189, 203, 544, 'not answer', '', '2021-12-13 14:41:05'),
(1190, 207, 543, 'approved', 'يصل اليوم 13/12 وهيستلم عبوة سبيرولينا كابسول ب 750', '2021-12-13 15:06:25'),
(1191, 207, 547, 'call again', 'مغلق او غير متاح', '2021-12-13 15:29:45'),
(1192, NULL, 160, 'call again', 'الاربعاء هيرد عليا + NA + بعتله ', '2021-12-13 15:32:05'),
(1193, 193, 449, 'cancel', 'wrong number', '2021-12-13 15:53:46'),
(1194, 240, 550, 'call again', 'كنسل ', '2021-12-13 16:04:41'),
(1195, 240, 550, 'call again', 'كنسل ', '2021-12-13 16:04:41'),
(1196, 239, 159, 'approved', 'الاتنين من 6 الى 8 \n3 HAMMER OF THOR ', '2021-12-13 16:07:20'),
(1197, 15, 526, 'not answer', '', '2021-12-13 16:07:59'),
(1198, 239, 560, 'cancel', 'شخص مريض ', '2021-12-13 16:10:18'),
(1199, 239, 558, 'approved', 'الاتنين من 3 الى 4 \n3 TITAN ', '2021-12-13 16:20:32'),
(1200, 15, 526, 'approved', '4 عبوات تيتان  و1 ب 1800ج بكرة  من 10 ل 12 ', '2021-12-13 16:26:45'),
(1201, 15, 525, 'not answer', '', '2021-12-13 16:34:11'),
(1202, 203, 223, 'cancel', 'did not order', '2021-12-13 16:39:57'),
(1203, 239, 559, 'approved', 'الاتنين من 4 الى 6 \n3 TITAN ', '2021-12-13 16:48:58'),
(1204, 203, 544, 'approved', 'يوصل بكره من بعد الساعه 6 م ', '2021-12-13 16:51:09'),
(1205, 238, 561, 'cancel', 'joke', '2021-12-13 16:53:05'),
(1206, 238, 562, 'cancel', 'wrong number', '2021-12-13 17:05:00'),
(1207, 224, 534, 'approved', 'توصيل السبت الساعه 5 م ', '2021-12-13 17:09:20'),
(1208, 222, 460, 'cancel', 'joke', '2021-12-13 17:18:06'),
(1209, 224, 533, 'approved', 'توصيل اليوم الساعه 5 م ', '2021-12-13 17:18:51'),
(1210, 193, 563, 'approved', 'الاستلام غدا الثلاثاء الموافق 14/12/2021 الساعة 11 صباحا ضرووووووورى\n1 عبوة تيتان جل \n650 جنيه شامل مصاريف الشحن', '2021-12-13 17:30:32'),
(1211, 224, 557, 'call again', ' هظبط كدا وارن عليك ', '2021-12-13 17:42:58'),
(1212, 222, 532, 'cancel', 'expensive', '2021-12-13 17:44:12'),
(1213, 193, 564, 'cancel', 'joke', '2021-12-13 17:47:49'),
(1214, 238, 535, 'approved', 'حالا', '2021-12-13 17:48:01'),
(1215, 222, 530, 'call again', '6 ', '2021-12-13 17:48:27'),
(1216, 239, 337, 'cancel', 'مغلق على طول  + مافيش واتس ', '2021-12-13 17:48:43'),
(1217, 239, 338, 'call again', 'شويه وهيكلمنى + مغلق ', '2021-12-13 17:49:22'),
(1218, 240, 549, 'not answer', '', '2021-12-13 17:53:00'),
(1219, 240, 550, 'call again', 'كنسل ', '2021-12-13 17:54:19'),
(1220, 224, 556, 'approved', 'توصيل اليوم الساعه 5 م ', '2021-12-13 17:55:08'),
(1221, 238, 537, 'cancel', 'spam', '2021-12-13 17:55:09'),
(1222, 239, 339, 'not answer', '', '2021-12-13 17:56:12'),
(1223, 239, 433, 'cancel', 'did not order', '2021-12-13 18:01:14'),
(1224, 222, 529, 'approved', 'سامح محمد \nالثلاثاء ', '2021-12-13 18:03:06'),
(1225, 239, 397, 'cancel', 'spam', '2021-12-13 18:03:25'),
(1226, 238, 552, 'approved', 'غدا', '2021-12-13 18:03:29'),
(1227, 222, 531, 'call again', '6\n', '2021-12-13 18:04:08'),
(1228, NULL, 113, 'call again', 'NA - بعتله واتس', '2021-12-13 18:18:42'),
(1229, NULL, 194, 'call again', '10د-مغلق - الخط مشغول', '2021-12-13 18:18:42'),
(1230, NULL, 292, 'call again', 'ربع ساعه ', '2021-12-13 18:18:42'),
(1231, NULL, 304, 'call again', 'مغلق', '2021-12-13 18:18:42'),
(1232, NULL, 344, 'call again', 'مغلق ', '2021-12-13 18:18:42'),
(1233, NULL, 368, 'call again', 'شوبه', '2021-12-13 18:18:42'),
(1234, NULL, 393, 'call again', 'ساعة ', '2021-12-13 18:18:42'),
(1235, NULL, 404, 'call again', 'مش بيرد', '2021-12-13 18:18:42'),
(1236, NULL, 405, 'call again', 'الساعة 6', '2021-12-13 18:18:42'),
(1237, NULL, 425, 'call again', 'ربع ساعه-مش بيرد', '2021-12-13 18:18:42'),
(1238, NULL, 429, 'call again', 'اسبوع', '2021-12-13 18:18:42'),
(1239, NULL, 455, 'call again', 'سعيد عصفوره  يوم الخميس ', '2021-12-13 18:18:42'),
(1240, NULL, 458, 'call again', 'مغلق او غير متاح', '2021-12-13 18:18:42'),
(1241, NULL, 465, 'call again', 'الساعة 4 \n', '2021-12-13 18:18:42'),
(1242, NULL, 75, 'not answer', '', '2021-12-13 18:19:06'),
(1243, NULL, 185, 'not answer', '', '2021-12-13 18:19:06'),
(1244, NULL, 227, 'not answer', '', '2021-12-13 18:19:06'),
(1245, NULL, 336, 'not answer', '', '2021-12-13 18:19:06'),
(1246, NULL, 349, 'not answer', '', '2021-12-13 18:19:06'),
(1247, NULL, 409, 'not answer', '', '2021-12-13 18:19:06'),
(1248, NULL, 418, 'not answer', '', '2021-12-13 18:19:06'),
(1249, NULL, 466, 'not answer', '', '2021-12-13 18:19:06'),
(1250, 222, 479, 'call again', 'نايم ', '2021-12-13 18:24:39'),
(1251, 222, 477, 'cancel', 'did not order', '2021-12-13 18:25:45'),
(1252, 15, 292, 'cancel', 'changed his mind', '2021-12-13 18:28:06'),
(1253, 222, 523, 'call again', 'مغلق\n', '2021-12-13 18:28:54'),
(1254, 222, 478, 'cancel', 'did not order', '2021-12-13 18:30:14'),
(1255, 193, 567, 'approved', 'الاستلام انهاردة الساعة 9 مساءا ضروووووووووووووووووووووورى\n1 عبوة جارسينيا كابسول\n650 جنيه شامل مصاريف الشحن', '2021-12-13 18:31:45'),
(1256, 241, 566, 'approved', 'الان ', '2021-12-13 18:41:36'),
(1257, 207, 565, 'call again', 'الشبكة عنده طين', '2021-12-13 18:48:37'),
(1258, 238, 568, 'cancel', 'joke', '2021-12-13 19:02:03'),
(1259, 238, 569, 'approved', 'حالا', '2021-12-13 19:09:19'),
(1260, 238, 553, 'approved', 'حالا', '2021-12-13 19:34:22'),
(1261, 222, 523, 'approved', 'الثلاثاء ', '2021-12-13 19:34:56'),
(1262, 224, 571, 'cancel', 'spam', '2021-12-13 19:39:23'),
(1263, 240, 498, 'dod', '33 لا امراض لا منشطات مكتبيه لا يوجد وزن زيادة ضعف انتصاب لا تدخين \nهكلمه كمان يومين ', '2021-12-13 19:51:22'),
(1264, 238, 554, 'approved', 'غدا', '2021-12-13 19:52:06'),
(1265, 238, 555, 'call again', 'هيكلمنى بكره', '2021-12-13 20:02:25'),
(1266, 207, 570, 'approved', 'يصل غدا 14/12 وهيستلم 3 هامر ب 1100', '2021-12-13 20:03:43'),
(1267, 207, 357, 'cancel', 'changed his mind', '2021-12-13 20:12:46'),
(1268, 207, 354, 'cancel', 'changed his mind', '2021-12-13 20:29:27'),
(1269, 207, 585, 'New', NULL, '2021-12-14 12:25:18'),
(1270, 207, 586, 'New', NULL, '2021-12-14 12:25:18'),
(1271, 207, 587, 'New', NULL, '2021-12-14 12:25:18'),
(1272, 207, 588, 'New', NULL, '2021-12-14 12:25:18'),
(1273, 207, 589, 'New', NULL, '2021-12-14 12:25:18'),
(1274, 207, 590, 'New', NULL, '2021-12-14 12:25:18'),
(1275, 207, 591, 'New', NULL, '2021-12-14 12:25:18'),
(1276, 207, 592, 'New', NULL, '2021-12-14 12:25:18'),
(1277, 207, 593, 'New', NULL, '2021-12-14 12:25:18'),
(1278, 207, 594, 'New', NULL, '2021-12-14 12:25:18'),
(1279, 237, 595, 'New', NULL, '2021-12-14 12:25:37'),
(1280, 237, 596, 'New', NULL, '2021-12-14 12:25:37'),
(1281, 237, 597, 'New', NULL, '2021-12-14 12:25:37'),
(1282, 237, 598, 'New', NULL, '2021-12-14 12:25:37'),
(1283, 237, 599, 'New', NULL, '2021-12-14 12:25:37'),
(1284, 224, 600, 'New', NULL, '2021-12-14 12:25:46'),
(1285, 224, 602, 'New', NULL, '2021-12-14 12:25:46'),
(1286, 224, 603, 'New', NULL, '2021-12-14 12:25:46'),
(1287, 224, 604, 'New', NULL, '2021-12-14 12:25:46'),
(1288, 224, 605, 'New', NULL, '2021-12-14 12:25:46'),
(1289, 222, 582, 'New', NULL, '2021-12-14 12:27:11'),
(1290, 222, 583, 'New', NULL, '2021-12-14 12:27:11'),
(1291, 222, 584, 'New', NULL, '2021-12-14 12:27:11'),
(1292, 224, 572, 'New', NULL, '2021-12-14 12:27:34'),
(1293, 224, 573, 'New', NULL, '2021-12-14 12:27:34'),
(1294, 224, 574, 'New', NULL, '2021-12-14 12:27:34'),
(1295, 224, 575, 'New', NULL, '2021-12-14 12:27:34'),
(1296, 224, 576, 'New', NULL, '2021-12-14 12:27:34'),
(1297, 237, 577, 'New', NULL, '2021-12-14 12:27:52'),
(1298, 237, 578, 'New', NULL, '2021-12-14 12:27:52'),
(1299, 237, 579, 'New', NULL, '2021-12-14 12:27:52'),
(1300, 237, 580, 'New', NULL, '2021-12-14 12:27:52'),
(1301, 237, 581, 'New', NULL, '2021-12-14 12:27:52'),
(1302, NULL, 336, 'call again', 'بيكنسل عليه', '2021-12-14 12:46:49'),
(1303, NULL, 409, 'call again', 'اكلمه الساعه 5 ونص // مي ', '2021-12-14 13:15:21'),
(1304, 203, 466, 'approved', 'يوصل النهارده من الساعه 12 ونص ال 2 ونص يكلمه  ينسق معاه الاول // خليل بلابعين ', '2021-12-14 13:31:32'),
(1305, 224, 576, 'cancel', 'joke', '2021-12-14 13:49:09'),
(1306, 224, 575, 'cancel', 'joke', '2021-12-14 13:50:57'),
(1307, 224, 574, 'cancel', 'changed his mind', '2021-12-14 13:58:03'),
(1308, NULL, 227, 'not answer', '', '2021-12-14 13:59:48'),
(1309, NULL, 336, 'not answer', '', '2021-12-14 13:59:53'),
(1310, NULL, 349, 'not answer', '', '2021-12-14 13:59:59'),
(1311, 207, 585, 'dod', '', '2021-12-14 14:08:10'),
(1312, 207, 585, 'not answer', '', '2021-12-14 14:08:18'),
(1313, 203, 344, 'approved', 'محمود احمد // يوصل النهارده من الساعه 1 ال 3  العصر يكلمه ينسق معاه ', '2021-12-14 14:11:20'),
(1314, 203, 465, 'cancel', 'expensive', '2021-12-14 14:13:49'),
(1315, 224, 572, 'approved', 'توصيل اليوم الساعه 2 م ', '2021-12-14 14:17:43'),
(1316, 224, 573, 'not answer', '', '2021-12-14 14:18:55'),
(1317, NULL, 393, 'call again', 'off', '2021-12-14 14:18:59'),
(1318, 240, 609, 'not answer', '', '2021-12-14 14:32:08'),
(1319, 240, 610, 'call again', 'مغلق', '2021-12-14 14:33:19'),
(1320, 207, 586, 'approved', 'يصل اليوم 14/12 وهيستلم 5 هامر ب 2600', '2021-12-14 14:35:06'),
(1321, 240, 549, 'not answer', '', '2021-12-14 14:35:43'),
(1322, 240, 606, 'call again', 'هكلمه الساعه 1', '2021-12-14 14:38:59'),
(1323, 207, 587, 'cancel', 'expensive', '2021-12-14 14:42:09'),
(1324, 222, 584, 'approved', '', '2021-12-14 14:43:05'),
(1325, 222, 583, 'call again', 'مغلق ', '2021-12-14 14:44:09'),
(1326, 207, 588, 'call again', 'غير متاح', '2021-12-14 14:44:14'),
(1327, 207, 589, 'call again', 'مش بيجمع', '2021-12-14 14:46:25'),
(1328, 224, 605, 'cancel', 'wrong number', '2021-12-14 14:47:36'),
(1329, 207, 590, 'call again', 'اكلمه الساعة 5 لانه ف ميتنج', '2021-12-14 14:49:06'),
(1330, 224, 604, 'not answer', '', '2021-12-14 14:49:34'),
(1331, 207, 591, 'cancel', 'changed his mind', '2021-12-14 14:52:04'),
(1332, 222, 582, 'approved', '01114729739  01062929655', '2021-12-14 14:55:18'),
(1333, 240, 607, 'approved', 'هيستلم النهاردة \nمن الساعه 1 ونص ل 2 ', '2021-12-14 14:58:36'),
(1334, 207, 592, 'call again', 'غير متاح الان', '2021-12-14 15:00:35'),
(1335, 240, 549, 'not answer', '', '2021-12-14 15:01:23'),
(1336, 224, 603, 'approved', 'توصيل غدا الساعه 12 م ', '2021-12-14 15:02:45'),
(1337, 207, 593, 'call again', 'اكلمه الساعة 2 ونص ياكد 1 ب 650 او 3 ب 1200', '2021-12-14 15:12:24'),
(1338, 207, 594, 'cancel', 'expensive', '2021-12-14 15:16:15'),
(1339, 203, 194, 'cancel', 'didn\'t order', '2021-12-14 15:17:57'),
(1340, 207, 539, 'call again', 'مش بيرد', '2021-12-14 15:18:55'),
(1341, 224, 602, 'cancel', 'joke', '2021-12-14 15:19:45'),
(1342, 224, 600, 'cancel', 'joke', '2021-12-14 15:22:53'),
(1343, 237, 595, 'call again', 'مغلق', '2021-12-14 15:22:59'),
(1344, 193, 612, 'approved', 'الاستلام يوم الخميس الموافق 16/12/2021 الساعة 3 عصرا ضروووووورى\n1 عبوة هامر اوف ثور \n600 جنيه شامل مصاريف الشحن', '2021-12-14 15:27:01'),
(1345, 207, 540, 'cancel', 'spam', '2021-12-14 15:27:32'),
(1346, 207, 585, 'dod', '', '2021-12-14 15:27:58'),
(1347, 207, 585, 'not answer', '', '2021-12-14 15:28:04'),
(1348, NULL, 227, 'call again', 'off ', '2021-12-14 15:29:16'),
(1349, NULL, 227, 'call again', 'off ', '2021-12-14 15:29:16'),
(1350, 207, 542, 'call again', 'طلب اكلمه الساعة 2 ونص', '2021-12-14 15:30:10'),
(1351, 237, 596, 'cancel', 'كداب', '2021-12-14 15:34:25'),
(1352, NULL, 405, 'not answer', '', '2021-12-14 15:39:17'),
(1353, 207, 588, 'call again', 'مش بيرد', '2021-12-14 15:39:41'),
(1354, 207, 547, 'call again', 'مغلق / بعتله وتس', '2021-12-14 15:40:18'),
(1355, 193, 611, 'approved', 'الاستلام غدا الاربعاء الموافق 15/12/2021 الساعة من 11 الى 1 ظهرا ضرووورى\n1 عبوة تيتان جل \n650 جنيه شامل مصاريف الشحن', '2021-12-14 15:41:18'),
(1356, 207, 565, 'cancel', 'expensive', '2021-12-14 15:42:28'),
(1357, 237, 597, 'approved', '', '2021-12-14 15:53:07'),
(1358, 240, 608, 'cancel', 'قفل السكه ', '2021-12-14 16:05:18'),
(1359, 237, 598, 'call again', 'مش بيجمع', '2021-12-14 16:11:09'),
(1360, 240, 610, 'dod', '60 لا امراض مدخن \nمكتبي \nضعف انتصاب سرعة قذف  \nيوم السبت يوم 18 \n', '2021-12-14 16:17:29'),
(1361, 237, 599, 'not answer', '', '2021-12-14 16:17:54'),
(1362, 203, 227, 'approved', 'يوصل من النهارده من الساعه 5 ال 6 م يكلمه قبلها بساعه  ينسق معاه ', '2021-12-14 16:19:33'),
(1363, 240, 609, 'call again', 'no answer \nهبعت واتساب ', '2021-12-14 16:20:35'),
(1364, 207, 489, 'approved', 'يصل اليوم 14/12 وهيستلم 3 هامر ب 1200', '2021-12-14 16:23:55'),
(1365, 207, 495, 'cancel', 'changed his mind', '2021-12-14 16:25:38'),
(1366, 240, 550, 'call again', 'هياجل الستلام للاسبوع الجاى ', '2021-12-14 16:25:54'),
(1367, 237, 577, 'approved', 'محمد  عبده ', '2021-12-14 16:27:29'),
(1368, 237, 578, 'call again', 'لصاحبه كمان ساعه اكلمه', '2021-12-14 16:40:22'),
(1369, 237, 578, 'call again', 'لصاحبه كمان ساعه اكلمه', '2021-12-14 16:40:22'),
(1370, 222, 613, 'call again', 'بيكنسل قبل الرد ', '2021-12-14 16:43:45'),
(1371, 237, 579, 'cancel', 'wrong number', '2021-12-14 16:48:14'),
(1372, 222, 615, 'not answer', '', '2021-12-14 16:52:28'),
(1373, 203, 349, 'cancel', 'wrong number', '2021-12-14 16:53:19'),
(1374, 203, 349, 'cancel', 'wrong number', '2021-12-14 16:53:19'),
(1375, 237, 580, 'approved', '', '2021-12-14 17:01:13'),
(1376, 222, 614, 'approved', 'الثلاثاء ', '2021-12-14 17:03:26'),
(1377, 240, 616, 'not answer', '', '2021-12-14 17:07:47'),
(1378, 240, 617, 'dod', 'هيستلم يوم 24  الجمعه ', '2021-12-14 17:22:33'),
(1379, 207, 210, 'cancel', 'expensive', '2021-12-14 17:26:54'),
(1380, 240, 616, 'call again', 'مقدم لصاحبه ', '2021-12-14 17:27:34'),
(1381, 240, 616, 'cancel', 'بيستظرف ', '2021-12-14 17:34:17'),
(1382, 222, 618, 'cancel', 'joke', '2021-12-14 17:37:07'),
(1383, 222, 619, 'not answer', '', '2021-12-14 17:39:31'),
(1384, 237, 581, 'cancel', 'spam', '2021-12-14 17:39:51'),
(1385, 237, 620, 'call again', 'مش بيجمع	', '2021-12-14 17:41:24'),
(1386, 237, 595, 'approved', 'حمدي محمد خليل', '2021-12-14 17:54:45'),
(1387, 222, 613, 'approved', 'بيكنسل قبل الرد ', '2021-12-14 17:55:14'),
(1388, 240, 606, 'not answer', '', '2021-12-14 18:00:54'),
(1389, NULL, 393, 'call again', 'اكلمه الساعه 5 ونص', '2021-12-14 18:13:16'),
(1390, 237, 473, 'not answer', '', '2021-12-14 18:16:00'),
(1391, 237, 620, 'call again', 'مش بيجمع	', '2021-12-14 18:31:57'),
(1392, 222, 615, 'call again', 'بكرا الساعة 3\n', '2021-12-14 18:58:33'),
(1393, 240, 548, 'dod', '44 ضغط منشطات مدخن مكتبية وحركة \nهبعتله واتساب \nهيسال الدكتور بتاعه ', '2021-12-14 19:00:59'),
(1394, 238, 621, 'approved', 'حاااااااااااالا', '2021-12-14 19:03:11'),
(1395, 238, 623, 'cancel', 'wrong number', '2021-12-14 19:07:32'),
(1396, 207, 510, 'cancel', 'spam', '2021-12-14 19:42:58'),
(1397, 193, 626, 'cancel', 'joke', '2021-12-14 19:52:12'),
(1398, 193, 624, 'approved', 'الاستلام غدا الاربعاء الموافق 15/12/2021 الساعة 11 صباحا ضرووووووورى\n1 عبوة هامر اوف ثور \n650 جنيه شامل مصاريف الشحن', '2021-12-14 19:59:27'),
(1399, 193, 625, 'cancel', 'joke', '2021-12-14 20:06:22'),
(1400, 207, 592, 'cancel', 'expensive', '2021-12-14 20:09:27'),
(1401, 224, 604, 'cancel', 'joke', '2021-12-14 20:22:14'),
(1402, 222, 619, 'call again', 'بكرا ', '2021-12-14 20:25:41'),
(1403, 207, 590, 'approved', 'يصل غدا 15/12 وهيستلم عبوة هامر ب 650', '2021-12-14 20:47:48'),
(1404, 237, 627, 'New', NULL, '2021-12-15 11:59:02'),
(1405, 237, 628, 'New', NULL, '2021-12-15 11:59:02'),
(1406, 237, 629, 'New', NULL, '2021-12-15 11:59:02'),
(1407, 237, 630, 'New', NULL, '2021-12-15 11:59:02'),
(1408, 237, 631, 'New', NULL, '2021-12-15 11:59:02'),
(1409, 237, 632, 'New', NULL, '2021-12-15 11:59:02'),
(1410, 237, 633, 'New', NULL, '2021-12-15 11:59:02'),
(1411, 237, 634, 'New', NULL, '2021-12-15 11:59:02'),
(1412, 237, 635, 'New', NULL, '2021-12-15 11:59:02'),
(1413, 237, 636, 'New', NULL, '2021-12-15 11:59:02'),
(1414, 240, 637, 'New', NULL, '2021-12-15 12:02:19'),
(1415, 240, 638, 'New', NULL, '2021-12-15 12:02:19'),
(1416, 207, 639, 'New', NULL, '2021-12-15 12:02:36'),
(1417, 207, 640, 'New', NULL, '2021-12-15 12:02:36'),
(1418, 207, 641, 'New', NULL, '2021-12-15 12:02:36'),
(1419, 207, 642, 'New', NULL, '2021-12-15 12:02:36'),
(1420, 207, 643, 'New', NULL, '2021-12-15 12:02:36'),
(1421, 207, 644, 'New', NULL, '2021-12-15 12:02:36'),
(1422, 241, 645, 'New', NULL, '2021-12-15 12:04:06'),
(1423, 241, 646, 'New', NULL, '2021-12-15 12:04:06'),
(1424, 239, 647, 'New', NULL, '2021-12-15 12:04:25'),
(1425, 239, 648, 'New', NULL, '2021-12-15 12:04:25'),
(1426, 239, 649, 'New', NULL, '2021-12-15 12:04:25'),
(1427, 237, 650, 'New', NULL, '2021-12-15 12:04:38'),
(1428, 237, 651, 'New', NULL, '2021-12-15 12:04:38'),
(1429, 240, 652, 'New', NULL, '2021-12-15 12:04:55'),
(1430, 240, 653, 'New', NULL, '2021-12-15 12:04:55'),
(1431, 207, 585, 'cancel', 'spam', '2021-12-15 13:16:12'),
(1432, 229, 645, 'New', NULL, '2021-12-15 13:26:53'),
(1433, 229, 646, 'New', NULL, '2021-12-15 13:26:53'),
(1434, 240, 652, 'dod', '40 لا امراض مدخن لا منشطات مكتبية حجم \nهكلمه يوم 22', '2021-12-15 13:33:23'),
(1435, 240, 653, 'not answer', '', '2021-12-15 13:34:34'),
(1436, 207, 639, 'approved', 'يصل الان 15/12 وهيستلم عبوة سبيرولينا كابسول ب 650', '2021-12-15 13:36:20'),
(1437, 240, 637, 'cancel', 'wrong number', '2021-12-15 13:36:25'),
(1438, 240, 638, 'call again', 'غير متاح ', '2021-12-15 13:37:30'),
(1439, 207, 640, 'cancel', 'expensive', '2021-12-15 13:39:44'),
(1440, 207, 641, 'call again', 'اخد المنتج قبل كدة', '2021-12-15 13:42:16'),
(1441, 207, 642, 'call again', 'مش بيرد', '2021-12-15 13:45:49'),
(1442, 207, 643, 'call again', 'مش بيرد', '2021-12-15 13:48:55'),
(1443, 207, 644, 'approved', 'يصل الان 15/12 وهيستلم 3 سبيرولينا كابسول ب 1100', '2021-12-15 14:05:57'),
(1444, 240, 638, 'call again', 'غير متاح ', '2021-12-15 14:12:11'),
(1445, 237, 627, 'not answer', '', '2021-12-15 14:42:16'),
(1446, 237, 628, 'not answer', '', '2021-12-15 14:46:52'),
(1447, 237, 628, 'not answer', '', '2021-12-15 14:46:58'),
(1448, 203, 409, 'cancel', 'didn\'t order', '2021-12-15 14:50:33'),
(1449, NULL, 336, 'not answer', '', '2021-12-15 14:52:54'),
(1450, NULL, 405, 'call again', 'off', '2021-12-15 14:53:43'),
(1451, 207, 643, 'approved', 'يصل غدا 16/12 وهيستلم 3 تيتان جيل ب 1000', '2021-12-15 14:59:00'),
(1452, NULL, 393, 'not answer', '', '2021-12-15 14:59:03'),
(1453, 121, 663, 'None', NULL, '2021-12-15 11:03:36'),
(1454, 237, 629, 'not answer', '', '2021-12-15 15:10:56'),
(1455, 237, 630, 'dod', 'محمد عاشور محمد حسين \n27-مدخن - ', '2021-12-15 15:18:15'),
(1456, 240, 653, 'not answer', '', '2021-12-15 15:31:48'),
(1457, 237, 631, 'call again', 'مغلق	', '2021-12-15 15:35:21'),
(1458, 237, 631, 'call again', 'مغلق	', '2021-12-15 15:35:21'),
(1459, 240, 606, 'call again', 'بعتله واتساب ', '2021-12-15 15:35:29'),
(1460, 237, 632, 'call again', 'بيكنسل', '2021-12-15 15:36:23'),
(1461, 239, 647, 'cancel', 'expensive', '2021-12-15 15:36:29'),
(1462, 237, 633, 'cancel', 'did not order', '2021-12-15 15:37:57'),
(1463, 237, 634, 'call again', 'ساعه', '2021-12-15 15:39:30'),
(1464, 239, 648, 'not answer', '', '2021-12-15 15:39:46'),
(1465, 240, 653, 'call again', 'مش بيرد بعتله واتساب ', '2021-12-15 15:42:45'),
(1466, 237, 635, 'cancel', 'تهرب', '2021-12-15 15:46:04'),
(1467, 239, 649, 'approved', 'الاربعاء من 4 الى 6\n3 TITAN', '2021-12-15 15:51:59'),
(1468, 237, 636, 'call again', 'غبي و بيتغابا حد غيري يكلمه', '2021-12-15 15:54:10'),
(1469, 229, 645, 'cancel', 'expensive', '2021-12-15 16:02:11'),
(1470, 229, 646, 'cancel', 'joke', '2021-12-15 16:05:04'),
(1471, 237, 662, 'approved', 'مصطفى محمد اسماعيل \n', '2021-12-15 16:09:44'),
(1472, 237, 658, 'call again', 'نص ساعه', '2021-12-15 16:16:51'),
(1473, 237, 650, 'cancel', 'joke', '2021-12-15 16:22:35'),
(1474, 203, 717, 'approved', 'يوصل بكره من 1 ال 3 م يكلمه قبلها بساعه ينسق معاه ', '2021-12-15 16:23:17'),
(1475, 237, 651, 'cancel', 'expensive', '2021-12-15 16:28:23'),
(1476, 239, 654, 'approved', 'الاربعاء اساعه 5 \n1 HAMMER', '2021-12-15 16:35:38'),
(1477, 239, 655, 'dod', 'الاحد من 4 الى 6 \n3 HAMMER ', '2021-12-15 16:47:32'),
(1478, 239, 656, 'not answer', '', '2021-12-15 16:49:59'),
(1479, 237, 658, 'call again', 'نص ساعه-غبي-52-سكر - قلب -  فصل  بيكنسل', '2021-12-15 16:55:11'),
(1480, 237, 722, 'cancel', 'did not order', '2021-12-15 16:58:01'),
(1481, 203, 723, 'call again', 'اكلمه الساعه 6 ونص ', '2021-12-15 17:40:30'),
(1482, 237, 632, 'cancel', 'expensive', '2021-12-15 17:41:28'),
(1483, 237, 719, 'call again', 'مغلق	', '2021-12-15 17:43:45'),
(1484, 237, 719, 'call again', 'مغلق	', '2021-12-15 17:43:45'),
(1485, 238, 659, 'cancel', 'joke', '2021-12-15 17:55:58'),
(1486, 237, 720, 'approved', 'حسام الدين حسن محمد ', '2021-12-15 18:05:17'),
(1487, 238, 660, 'not answer', '', '2021-12-15 18:05:38'),
(1488, 238, 661, 'cancel', 'joke', '2021-12-15 18:07:43'),
(1489, 238, 555, 'cancel', 'wrong number', '2021-12-15 18:09:00'),
(1490, 240, 609, 'dod', 'no answer \nهبعت واتساب \n39 لا امراض مدخن منشطات  مكتبية وحركة سرعة قذف \nهكلمه السبت يوم 18\n', '2021-12-15 18:20:38'),
(1491, 237, 721, 'not answer', '', '2021-12-15 18:20:45'),
(1492, 237, 599, 'not answer', '', '2021-12-15 18:22:56'),
(1493, 237, 599, 'not answer', '', '2021-12-15 18:23:00'),
(1494, 237, 627, 'not answer', '', '2021-12-15 18:23:53'),
(1495, 239, 725, 'approved', 'الجمعه من 2 الى 4\n3 HAMMER ', '2021-12-15 18:29:57'),
(1496, 237, 627, 'approved', '', '2021-12-15 18:34:57'),
(1497, 207, 641, 'cancel', 'changed his mind', '2021-12-15 18:35:29'),
(1498, 240, 638, 'call again', 'غير متاح ', '2021-12-15 18:36:03'),
(1499, 240, 497, 'dod', '47 ضربات \nاخر الشهر يوم 30', '2021-12-15 18:39:46'),
(1500, 240, 497, 'dod', '47ضربات قلبه سريعه \nاخر الشهر يوم 30', '2021-12-15 18:40:42'),
(1501, 237, 628, 'cancel', 'did not order', '2021-12-15 18:44:50'),
(1502, 237, 629, 'not answer', '', '2021-12-15 18:47:38'),
(1503, 237, 629, 'not answer', '', '2021-12-15 18:47:41'),
(1504, 239, 726, 'dod', 'بكره هيرد عليا ', '2021-12-15 18:54:31'),
(1505, 240, 727, 'cancel', 'did not order', '2021-12-15 18:59:37'),
(1506, 207, 724, 'call again', 'طلب اكلمه 6 مساءا', '2021-12-15 19:05:04'),
(1507, 237, 636, 'cancel', 'joke', '2021-12-15 19:10:37'),
(1508, 237, 629, 'cancel', 'تهرب', '2021-12-15 19:17:52'),
(1509, 207, 642, 'cancel', 'did not order', '2021-12-15 19:21:33'),
(1510, 207, 589, 'cancel', 'spam', '2021-12-15 19:24:26'),
(1511, 207, 593, 'cancel', 'changed his mind', '2021-12-15 19:26:26'),
(1512, 207, 547, 'cancel', 'spam', '2021-12-15 19:28:28'),
(1513, 207, 542, 'cancel', 'changed his mind', '2021-12-15 19:30:40'),
(1514, 207, 487, 'call again', 'مش بيرد / بعتله وتس', '2021-12-15 19:33:28'),
(1515, NULL, 393, 'not answer', '', '2021-12-15 19:34:46'),
(1516, NULL, 336, 'not answer', '', '2021-12-15 19:39:36'),
(1517, 207, 269, 'cancel', 'changed his mind', '2021-12-15 19:41:21'),
(1518, 237, 578, 'cancel', 'expensive', '2021-12-15 19:55:29'),
(1519, 237, 473, 'not answer', '', '2021-12-15 19:56:54'),
(1520, 237, 631, 'call again', 'مغلق	', '2021-12-15 19:59:39');

-- --------------------------------------------------------

--
-- Table structure for table `terraleads`
--

CREATE TABLE `terraleads` (
  `id` int(11) NOT NULL,
  `lead_id` int(11) DEFAULT NULL,
  `campaign_id` int(11) DEFAULT NULL,
  `name` varchar(255) DEFAULT NULL,
  `country` varchar(255) DEFAULT NULL,
  `phone` varchar(255) DEFAULT NULL,
  `tz` varchar(255) DEFAULT NULL,
  `address` varchar(255) DEFAULT NULL,
  `cost` varchar(255) DEFAULT NULL,
  `cost_delivery` varchar(255) DEFAULT NULL,
  `landing_cost` varchar(255) DEFAULT NULL,
  `landing_currency` varchar(255) DEFAULT NULL,
  `check_sum` varchar(255) DEFAULT NULL,
  `web_id` varchar(255) DEFAULT NULL,
  `stream_id` varchar(255) DEFAULT NULL,
  `ip` varchar(255) DEFAULT NULL,
  `user_agent` varchar(255) DEFAULT NULL,
  `lead_status` varchar(100) DEFAULT NULL,
  `add_date` datetime DEFAULT NULL,
  `test_status` varchar(255) DEFAULT NULL,
  `comment` text DEFAULT NULL,
  `deleted_at` timestamp NULL DEFAULT NULL
) ENGINE=InnoDB DEFAULT CHARSET=utf8;

--
-- Dumping data for table `terraleads`
--

INSERT INTO `terraleads` (`id`, `lead_id`, `campaign_id`, `name`, `country`, `phone`, `tz`, `address`, `cost`, `cost_delivery`, `landing_cost`, `landing_currency`, `check_sum`, `web_id`, `stream_id`, `ip`, `user_agent`, `lead_status`, `add_date`, `test_status`, `comment`, `deleted_at`) VALUES
(1, 1, 5522, 'Test', 'Test', 'Test', '0', 'Test', '100', '1', '20', 'USD', '3d28a2a5930116c5a9afd3528db9cf9207c64c73', NULL, NULL, NULL, NULL, 'expect', '2021-12-14 02:34:56', '1', 'test-lead-received', '2021-12-15 01:12:30'),
(2, 1, 5522, 'Test', 'Test', 'Test', '0', 'Test', '100', '1', '20', 'USD', '3d28a2a5930116c5a9afd3528db9cf9207c64c73', NULL, NULL, NULL, NULL, NULL, '2021-12-14 03:04:54', '1', NULL, NULL),
(3, 1, 5522, 'Test', 'Test', 'Test', '0', 'Test', '100', '1', '20', 'USD', '3d28a2a5930116c5a9afd3528db9cf9207c64c73', NULL, NULL, NULL, NULL, NULL, '2021-12-14 03:34:53', '1', NULL, NULL),
(4, 1, 5522, 'Test', 'Test', 'Test', '0', 'Test', '100', '1', '20', 'USD', '3d28a2a5930116c5a9afd3528db9cf9207c64c73', NULL, NULL, NULL, NULL, NULL, '2021-12-14 04:04:56', '1', NULL, NULL),
(5, 1, 5522, 'Test', 'Test', 'Test', '0', 'Test', '100', '1', '20', 'USD', '3d28a2a5930116c5a9afd3528db9cf9207c64c73', NULL, NULL, NULL, NULL, NULL, '2021-12-14 04:34:53', '1', NULL, NULL),
(6, 1, 5522, 'Test', 'Test', 'Test', '0', 'Test', '100', '1', '20', 'USD', '3d28a2a5930116c5a9afd3528db9cf9207c64c73', NULL, NULL, NULL, NULL, NULL, '2021-12-14 05:04:54', '1', NULL, NULL),
(7, 1, 5522, 'Test', 'Test', 'Test', '0', 'Test', '100', '1', '20', 'USD', '3d28a2a5930116c5a9afd3528db9cf9207c64c73', NULL, NULL, NULL, NULL, NULL, '2021-12-14 05:34:51', '1', NULL, NULL),
(8, 1, 5522, 'Test', 'Test', 'Test', '0', 'Test', '100', '1', '20', 'USD', '3d28a2a5930116c5a9afd3528db9cf9207c64c73', NULL, NULL, NULL, NULL, NULL, '2021-12-14 06:04:53', '1', NULL, NULL),
(9, 1, 5522, 'Test', 'Test', 'Test', '0', 'Test', '100', '1', '20', 'USD', '3d28a2a5930116c5a9afd3528db9cf9207c64c73', NULL, NULL, NULL, NULL, NULL, '2021-12-14 06:34:53', '1', NULL, NULL),
(10, 1, 5522, 'Test', 'Test', 'Test', '0', 'Test', '100', '1', '20', 'USD', '3d28a2a5930116c5a9afd3528db9cf9207c64c73', NULL, NULL, NULL, NULL, NULL, '2021-12-14 07:04:54', '1', NULL, NULL),
(11, 1, 5522, 'Test', 'Test', 'Test', '0', 'Test', '100', '1', '20', 'USD', '3d28a2a5930116c5a9afd3528db9cf9207c64c73', NULL, NULL, NULL, NULL, NULL, '2021-12-14 07:34:52', '1', NULL, NULL),
(12, 1, 5522, 'Test', 'Test', 'Test', '0', 'Test', '100', '1', '20', 'USD', '3d28a2a5930116c5a9afd3528db9cf9207c64c73', NULL, NULL, NULL, NULL, NULL, '2021-12-14 08:04:55', '1', NULL, NULL),
(13, 1, 5522, 'Test', 'Test', 'Test', '0', 'Test', '100', '1', '20', 'USD', '3d28a2a5930116c5a9afd3528db9cf9207c64c73', NULL, NULL, NULL, NULL, NULL, '2021-12-14 08:34:54', '1', NULL, NULL),
(14, 1, 5522, 'Test', 'Test', 'Test', '0', 'Test', '100', '1', '20', 'USD', '3d28a2a5930116c5a9afd3528db9cf9207c64c73', NULL, NULL, NULL, NULL, NULL, '2021-12-14 09:04:54', '1', NULL, NULL),
(15, 1, 5522, 'Test', 'Test', 'Test', '0', 'Test', '100', '1', '20', 'USD', '3d28a2a5930116c5a9afd3528db9cf9207c64c73', NULL, NULL, NULL, NULL, NULL, '2021-12-14 09:34:52', '1', NULL, NULL),
(16, 1, 5522, 'Test', 'Test', 'Test', '0', 'Test', '100', '1', '20', 'USD', '3d28a2a5930116c5a9afd3528db9cf9207c64c73', NULL, NULL, NULL, NULL, NULL, '2021-12-14 10:04:59', '1', NULL, NULL),
(17, 1, 5522, 'Test', 'Test', 'Test', '0', 'Test', '100', '1', '20', 'USD', '3d28a2a5930116c5a9afd3528db9cf9207c64c73', NULL, NULL, NULL, NULL, NULL, '2021-12-14 10:34:53', '1', NULL, NULL),
(18, 1, 5522, 'Test', 'Test', 'Test', '0', 'Test', '100', '1', '20', 'USD', '3d28a2a5930116c5a9afd3528db9cf9207c64c73', NULL, NULL, NULL, NULL, NULL, '2021-12-14 11:04:56', '1', NULL, NULL),
(19, 1, 5522, 'Test', 'Test', 'Test', '0', 'Test', '100', '1', '20', 'USD', '3d28a2a5930116c5a9afd3528db9cf9207c64c73', NULL, NULL, NULL, NULL, NULL, '2021-12-14 11:34:54', '1', NULL, NULL),
(20, 1, 5522, 'Test', 'Test', 'Test', '0', 'Test', '100', '1', '20', 'USD', '3d28a2a5930116c5a9afd3528db9cf9207c64c73', NULL, NULL, NULL, NULL, NULL, '2021-12-14 12:04:54', '1', NULL, NULL),
(21, 1, 5522, 'Test', 'Test', 'Test', '0', 'Test', '100', '1', '20', 'USD', '3d28a2a5930116c5a9afd3528db9cf9207c64c73', NULL, NULL, NULL, NULL, NULL, '2021-12-14 12:34:57', '1', NULL, NULL),
(22, 1, 5522, 'Test', 'Test', 'Test', '0', 'Test', '100', '1', '20', 'USD', '3d28a2a5930116c5a9afd3528db9cf9207c64c73', NULL, NULL, NULL, NULL, NULL, '2021-12-14 13:04:54', '1', NULL, NULL),
(23, 1, 5522, 'Test', 'Test', 'Test', '0', 'Test', '100', '1', '20', 'USD', '3d28a2a5930116c5a9afd3528db9cf9207c64c73', NULL, NULL, NULL, NULL, NULL, '2021-12-14 13:34:57', '1', NULL, NULL),
(24, 1, 5522, 'Test', 'Test', 'Test', '0', 'Test', '100', '1', '20', 'USD', '3d28a2a5930116c5a9afd3528db9cf9207c64c73', NULL, NULL, NULL, NULL, NULL, '2021-12-14 17:26:46', '1', NULL, NULL),
(25, 1, 5522, 'Test', 'Test', 'Test', '0', 'Test', '100', '1', '20', 'USD', '3d28a2a5930116c5a9afd3528db9cf9207c64c73', NULL, NULL, NULL, NULL, NULL, '2021-12-14 17:27:24', '1', NULL, NULL),
(26, 1, 5522, 'Test', 'Test', 'Test', '0', 'Test', '100', '1', '20', 'USD', '3d28a2a5930116c5a9afd3528db9cf9207c64c73', NULL, NULL, NULL, NULL, NULL, '2021-12-14 17:34:56', '1', NULL, NULL),
(27, 1, 5522, 'Test', 'Test', 'Test', '0', 'Test', '100', '1', '20', 'USD', '3d28a2a5930116c5a9afd3528db9cf9207c64c73', NULL, NULL, NULL, NULL, NULL, '2021-12-14 18:04:58', '1', NULL, NULL),
(28, 999, 1200, 'Mahmoud', 'Alexandria', '1234567890', '0', 'Alex, Alex', '100', '1', '20', 'USD', '3d28a2a5930116c5a9afd3528db9cf9207c64c73', NULL, NULL, NULL, NULL, NULL, '2021-12-14 18:05:42', '0', 'confirmed', '2021-12-15 02:12:59'),
(29, 1, 5522, 'محمود', 'Test', 'Test', '0', 'Test', '100', '1', '20', 'USD', '3d28a2a5930116c5a9afd3528db9cf9207c64c73', NULL, NULL, NULL, NULL, NULL, '2021-12-14 18:15:56', '0', NULL, '2021-12-15 02:12:59'),
(30, 1, 5522, 'Test', 'Test', 'Test', '0', 'Test', '100', '1', '20', 'USD', '3d28a2a5930116c5a9afd3528db9cf9207c64c73', NULL, NULL, NULL, NULL, NULL, '2021-12-14 18:34:56', '1', NULL, NULL),
(31, 1, 5522, 'Test', 'Test', 'Test', '0', 'Test', '100', '1', '20', 'USD', '3d28a2a5930116c5a9afd3528db9cf9207c64c73', NULL, NULL, NULL, NULL, 'trash', '2021-12-14 19:04:57', '1', 'change status', '2021-12-15 01:12:30'),
(32, 1, 5522, 'Test', 'Test', 'Test', '0', 'Test', '100', '1', '20', 'USD', '3d28a2a5930116c5a9afd3528db9cf9207c64c73', NULL, NULL, NULL, NULL, NULL, '2021-12-14 19:34:55', '1', NULL, NULL),
(33, 1, 5522, 'Test', 'Test', 'Test', '0', 'Test', '100', '1', '20', 'USD', '3d28a2a5930116c5a9afd3528db9cf9207c64c73', NULL, NULL, NULL, NULL, NULL, '2021-12-14 20:05:03', '1', NULL, NULL),
(34, 1, 5522, 'Test', 'Test', 'Test', '0', 'Test', '100', '1', '20', 'USD', '3d28a2a5930116c5a9afd3528db9cf9207c64c73', NULL, NULL, NULL, NULL, NULL, '2021-12-14 20:34:54', '1', NULL, NULL),
(35, 1, 5522, 'Test', 'Test', 'Test', '0', 'Test', '100', '1', '20', 'USD', '3d28a2a5930116c5a9afd3528db9cf9207c64c73', NULL, NULL, NULL, NULL, NULL, '2021-12-14 20:47:25', '0', NULL, '2021-12-15 02:12:59'),
(36, 1, 5522, 'Test', 'Test', 'Test', '0', 'Test', '100', '1', '20', 'USD', '3d28a2a5930116c5a9afd3528db9cf9207c64c73', NULL, NULL, NULL, NULL, NULL, '2021-12-14 21:04:57', '1', NULL, NULL),
(37, 1, 5522, 'Test', 'Test', 'Test', '0', 'Test', '100', '1', '20', 'USD', '3d28a2a5930116c5a9afd3528db9cf9207c64c73', NULL, NULL, NULL, NULL, NULL, '2021-12-14 21:34:53', '1', NULL, NULL),
(38, 1, 5522, 'Test', 'Test', 'Test', '0', 'Test', '100', '1', '20', 'USD', '3d28a2a5930116c5a9afd3528db9cf9207c64c73', NULL, NULL, NULL, NULL, NULL, '2021-12-14 22:04:54', '1', NULL, NULL),
(39, 1, 5522, 'Test', 'Test', 'Test', '0', 'Test', '100', '1', '20', 'USD', '3d28a2a5930116c5a9afd3528db9cf9207c64c73', NULL, NULL, NULL, NULL, NULL, '2021-12-14 22:34:54', '1', NULL, NULL),
(40, 1, 5522, 'Test', 'Test', 'Test', '0', 'Test', '100', '1', '20', 'USD', '3d28a2a5930116c5a9afd3528db9cf9207c64c73', NULL, NULL, NULL, NULL, NULL, '2021-12-14 23:05:10', '1', NULL, NULL),
(41, 1, 5522, 'Test', 'Test', 'Test', '0', 'Test', '100', '1', '20', 'USD', '3d28a2a5930116c5a9afd3528db9cf9207c64c73', NULL, NULL, NULL, NULL, NULL, '2021-12-14 23:29:10', '1', NULL, NULL),
(42, 1, 5522, 'Test', 'Test', 'Test', '0', 'Test', '100', '1', '20', 'USD', '3d28a2a5930116c5a9afd3528db9cf9207c64c73', NULL, NULL, NULL, NULL, NULL, '2021-12-14 23:34:54', '1', NULL, NULL),
(43, 1, 5522, 'Test', 'Test', 'Test', '0', 'Test', '100', '1', '20', 'USD', '3d28a2a5930116c5a9afd3528db9cf9207c64c73', NULL, NULL, NULL, NULL, NULL, '2021-12-14 23:44:18', '1', NULL, NULL),
(44, 1, 5522, 'Test', 'Test', 'Test', '0', 'Test', '100', '1', '20', 'USD', '3d28a2a5930116c5a9afd3528db9cf9207c64c73', NULL, NULL, NULL, NULL, NULL, '2021-12-14 23:55:33', '1', NULL, NULL),
(45, 1, 5522, 'Test', 'Test', 'Test', '0', 'Test', '100', '1', '20', 'USD', '3d28a2a5930116c5a9afd3528db9cf9207c64c73', NULL, NULL, NULL, NULL, NULL, '2021-12-15 00:05:10', '1', NULL, NULL),
(46, 20, 5522, 'Test', 'Test', 'Test', '0', 'Test', '100', '1', '20', 'USD', '3d28a2a5930116c5a9afd3528db9cf9207c64c73', NULL, NULL, NULL, NULL, NULL, '2021-12-15 00:06:06', '1', NULL, NULL),
(47, 20, 5522, 'Test', 'Test', 'Test', '0', 'Test', '100', '1', '20', 'USD', '3d28a2a5930116c5a9afd3528db9cf9207c64c73', NULL, NULL, NULL, NULL, NULL, '2021-12-15 00:06:49', '0', NULL, '2021-12-15 02:12:59'),
(48, 1, 5522, 'Test', 'Test', 'Test', '0', 'Test', '100', '1', '20', 'USD', '3d28a2a5930116c5a9afd3528db9cf9207c64c73', NULL, NULL, NULL, NULL, NULL, '2021-12-15 00:15:09', '0', NULL, '2021-12-15 02:12:59'),
(49, 20, 9050, 'morsy', 'Egypt', '0100000000', '2', '3agamy', '599', '0', '8', 'USD', '3d28a2a5930116c5a9afd3528db9cf9207c64c73', NULL, NULL, NULL, NULL, NULL, '2021-12-15 00:17:31', '0', NULL, '2021-12-15 02:12:59'),
(50, 1, 5522, 'Test', 'Test', 'Test', '0', 'Test', '100', '1', '20', 'USD', '3d28a2a5930116c5a9afd3528db9cf9207c64c73', NULL, NULL, NULL, NULL, NULL, '2021-12-15 00:19:53', '1', NULL, NULL),
(51, 1, 5522, 'Test', 'Test', 'Test', '0', 'Test', '100', '1', '20', 'USD', '3d28a2a5930116c5a9afd3528db9cf9207c64c73', NULL, NULL, NULL, NULL, NULL, '2021-12-15 00:20:02', '0', NULL, '2021-12-15 02:12:59'),
(52, 20, 9050, 'morsy', 'Egypt', '0100000000', '2', '3agamy', '599', '0', '8', 'USD', '3d28a2a5930116c5a9afd3528db9cf9207c64c73', NULL, NULL, NULL, NULL, NULL, '2021-12-15 00:20:54', '0', NULL, '2021-12-15 02:12:59'),
(53, 1, 5522, 'Test', 'Test', 'Test', '0', 'Test', '100', '1', '20', 'USD', '3d28a2a5930116c5a9afd3528db9cf9207c64c73', NULL, NULL, NULL, NULL, NULL, '2021-12-15 00:23:41', '0', NULL, '2021-12-15 02:12:10'),
(54, 20, 9050, 'morsy', 'Egypt', '0100000000', '2', '3agamy', '599', '0', '8', 'USD', '3d28a2a5930116c5a9afd3528db9cf9207c64c73', NULL, NULL, NULL, NULL, NULL, '2021-12-15 00:26:50', '0', NULL, '2021-12-15 02:12:59'),
(55, 25, 9050, 'morsy', 'Egypt', '0100000000', '5', '3agamy', '599', '0', '8', 'USD', '3d28a2a5930116c5a9afd3528db9cf9207c64c73', NULL, NULL, NULL, NULL, NULL, '2021-12-15 00:27:48', '0', NULL, '2021-12-15 02:12:59'),
(56, 20, 9050, 'morsy', 'Egypt', '0100000000', '2', '3agamy', '599', '0', '8', 'USD', '3d28a2a5930116c5a9afd3528db9cf9207c64c73', NULL, NULL, NULL, NULL, 'expect', '2021-12-15 00:29:20', '0', 'null', '2021-12-15 02:12:42'),
(57, 25, 9050, 'Adel', 'Egypt', '0100000000', '5', '3agamy', '599', '0', '8', 'USD', '3d28a2a5930116c5a9afd3528db9cf9207c64c73', NULL, NULL, NULL, NULL, NULL, '2021-12-15 00:30:00', '0', NULL, '2021-12-15 02:12:02'),
(58, 1, 5522, 'Test', 'Test', 'Test', '0', 'Test', '100', '1', '20', 'USD', '3d28a2a5930116c5a9afd3528db9cf9207c64c73', NULL, NULL, NULL, NULL, NULL, '2021-12-15 00:34:57', '1', NULL, NULL),
(59, 1, 5522, 'Test', 'Test', 'Test', '0', 'Test', '100', '1', '20', 'USD', '3d28a2a5930116c5a9afd3528db9cf9207c64c73', NULL, NULL, NULL, NULL, NULL, '2021-12-15 00:45:14', '1', NULL, NULL),
(60, 1, 5522, 'Test', 'Test', 'Test', '0', 'Test', '100', '1', '20', 'USD', '3d28a2a5930116c5a9afd3528db9cf9207c64c73', NULL, NULL, NULL, NULL, NULL, '2021-12-15 00:45:35', '0', NULL, '2021-12-15 02:12:11'),
(61, 20, 9050, 'morsy', 'Egypt', '0100000000', '2', '3agamy', '599', '0', '8', 'USD', '3d28a2a5930116c5a9afd3528db9cf9207c64c73', NULL, NULL, NULL, NULL, NULL, '2021-12-15 00:52:03', '0', NULL, NULL),
(62, 1, 5522, 'Test', 'Test', 'Test', '0', 'Test', '100', '1', '20', 'USD', '3d28a2a5930116c5a9afd3528db9cf9207c64c73', NULL, NULL, NULL, NULL, NULL, '2021-12-15 01:05:43', '1', NULL, NULL),
(63, 1, 5522, 'Test', 'Test', 'Test', '0', 'Test', '100', '1', '20', 'USD', '3d28a2a5930116c5a9afd3528db9cf9207c64c73', NULL, NULL, NULL, NULL, NULL, '2021-12-15 01:34:55', '1', NULL, NULL),
(64, 1, 5522, 'Test', 'Test', 'Test', '0', 'Test', '100', '1', '20', 'USD', '3d28a2a5930116c5a9afd3528db9cf9207c64c73', NULL, NULL, NULL, NULL, NULL, '2021-12-15 02:04:56', '1', NULL, NULL),
(65, 1, 5522, 'Test', 'Test', 'Test', '0', 'Test', '100', '1', '20', 'USD', '3d28a2a5930116c5a9afd3528db9cf9207c64c73', NULL, NULL, NULL, NULL, NULL, '2021-12-15 02:34:54', '1', NULL, NULL),
(66, 1, 5522, 'Test', 'Test', 'Test', '0', 'Test', '100', '1', '20', 'USD', '3d28a2a5930116c5a9afd3528db9cf9207c64c73', NULL, NULL, NULL, NULL, NULL, '2021-12-15 03:04:56', '1', NULL, NULL),
(67, 1, 5522, 'Test', 'Test', 'Test', '0', 'Test', '100', '1', '20', 'USD', '3d28a2a5930116c5a9afd3528db9cf9207c64c73', NULL, NULL, NULL, NULL, NULL, '2021-12-15 03:34:53', '1', NULL, NULL),
(68, 1, 5522, 'Test', 'Test', 'Test', '0', 'Test', '100', '1', '20', 'USD', '3d28a2a5930116c5a9afd3528db9cf9207c64c73', NULL, NULL, NULL, NULL, NULL, '2021-12-15 04:05:00', '1', NULL, NULL),
(69, 1, 5522, 'Test', 'Test', 'Test', '0', 'Test', '100', '1', '20', 'USD', '3d28a2a5930116c5a9afd3528db9cf9207c64c73', NULL, NULL, NULL, NULL, NULL, '2021-12-15 04:34:56', '1', NULL, NULL),
(70, 1, 5522, 'Test', 'Test', 'Test', '0', 'Test', '100', '1', '20', 'USD', '3d28a2a5930116c5a9afd3528db9cf9207c64c73', NULL, NULL, NULL, NULL, NULL, '2021-12-15 05:04:57', '1', NULL, NULL),
(71, 1, 5522, 'Test', 'Test', 'Test', '0', 'Test', '100', '1', '20', 'USD', '3d28a2a5930116c5a9afd3528db9cf9207c64c73', NULL, NULL, NULL, NULL, NULL, '2021-12-15 05:34:54', '1', NULL, NULL),
(72, 1, 5522, 'Test', 'Test', 'Test', '0', 'Test', '100', '1', '20', 'USD', '3d28a2a5930116c5a9afd3528db9cf9207c64c73', NULL, NULL, NULL, NULL, NULL, '2021-12-15 06:04:57', '1', NULL, NULL),
(73, 1, 5522, 'Test', 'Test', 'Test', '0', 'Test', '100', '1', '20', 'USD', '3d28a2a5930116c5a9afd3528db9cf9207c64c73', NULL, NULL, NULL, NULL, NULL, '2021-12-15 06:34:57', '1', NULL, NULL),
(74, 1, 5522, 'Test', 'Test', 'Test', '0', 'Test', '100', '1', '20', 'USD', '3d28a2a5930116c5a9afd3528db9cf9207c64c73', NULL, NULL, NULL, NULL, NULL, '2021-12-15 07:05:01', '1', NULL, NULL),
(75, 1, 5522, 'Test', 'Test', 'Test', '0', 'Test', '100', '1', '20', 'USD', '3d28a2a5930116c5a9afd3528db9cf9207c64c73', NULL, NULL, NULL, NULL, NULL, '2021-12-15 07:35:02', '1', NULL, NULL),
(76, 1, 5522, 'Test', 'Test', 'Test', '0', 'Test', '100', '1', '20', 'USD', '3d28a2a5930116c5a9afd3528db9cf9207c64c73', NULL, NULL, NULL, NULL, NULL, '2021-12-15 08:04:58', '1', NULL, NULL),
(77, 1, 5522, 'Test', 'Test', 'Test', '0', 'Test', '100', '1', '20', 'USD', '3d28a2a5930116c5a9afd3528db9cf9207c64c73', NULL, NULL, NULL, NULL, NULL, '2021-12-15 08:34:56', '1', NULL, NULL),
(78, 1, 5522, 'Test', 'Test', 'Test', '0', 'Test', '100', '1', '20', 'USD', '3d28a2a5930116c5a9afd3528db9cf9207c64c73', NULL, NULL, NULL, NULL, NULL, '2021-12-15 09:04:57', '1', NULL, NULL),
(79, 1, 5522, 'Test', 'Test', 'Test', '0', 'Test', '100', '1', '20', 'USD', '3d28a2a5930116c5a9afd3528db9cf9207c64c73', NULL, NULL, NULL, NULL, NULL, '2021-12-15 09:34:56', '1', NULL, NULL),
(80, 1, 5522, 'Test', 'Test', 'Test', '0', 'Test', '100', '1', '20', 'USD', '3d28a2a5930116c5a9afd3528db9cf9207c64c73', NULL, NULL, NULL, NULL, NULL, '2021-12-15 10:04:58', '1', NULL, NULL),
(81, 1, 5522, 'Test', 'Test', 'Test', '0', 'Test', '100', '1', '20', 'USD', '3d28a2a5930116c5a9afd3528db9cf9207c64c73', NULL, NULL, NULL, NULL, NULL, '2021-12-15 10:34:59', '1', NULL, NULL),
(82, 1, 5522, 'Test', 'Test', 'Test', '0', 'Test', '100', '1', '20', 'USD', '3d28a2a5930116c5a9afd3528db9cf9207c64c73', NULL, NULL, NULL, NULL, NULL, '2021-12-15 11:05:07', '1', NULL, NULL),
(83, 1, 5522, 'Test', 'Test', 'Test', '0', 'Test', '100', '1', '20', 'USD', '3d28a2a5930116c5a9afd3528db9cf9207c64c73', NULL, NULL, NULL, NULL, NULL, '2021-12-15 11:34:58', '1', NULL, NULL),
(84, 1, 5522, 'Test', 'Test', 'Test', '0', 'Test', '100', '1', '20', 'USD', '3d28a2a5930116c5a9afd3528db9cf9207c64c73', NULL, NULL, NULL, NULL, NULL, '2021-12-15 12:04:59', '1', NULL, NULL),
(85, 1, 5522, 'Test', 'Test', 'Test', '0', 'Test', '100', '1', '20', 'USD', '3d28a2a5930116c5a9afd3528db9cf9207c64c73', NULL, NULL, NULL, NULL, NULL, '2021-12-15 12:34:54', '1', NULL, NULL),
(86, 1, 5522, 'Test', 'Test', 'Test', '0', 'Test', '100', '1', '20', 'USD', '3d28a2a5930116c5a9afd3528db9cf9207c64c73', NULL, NULL, NULL, NULL, NULL, '2021-12-15 13:04:54', '1', NULL, NULL),
(87, 1, 5522, 'Test', 'Test', 'Test', '0', 'Test', '100', '1', '20', 'USD', '3d28a2a5930116c5a9afd3528db9cf9207c64c73', NULL, NULL, NULL, NULL, NULL, '2021-12-15 13:34:54', '1', NULL, NULL),
(88, 1, 5522, 'Test', 'Test', 'Test', '0', 'Test', '100', '1', '20', 'USD', '3d28a2a5930116c5a9afd3528db9cf9207c64c73', NULL, NULL, NULL, NULL, NULL, '2021-12-15 14:04:55', '1', NULL, NULL),
(89, 1, 5522, 'Test', 'Test', 'Test', '0', 'Test', '100', '1', '20', 'USD', '3d28a2a5930116c5a9afd3528db9cf9207c64c73', NULL, NULL, NULL, NULL, NULL, '2021-12-15 14:34:56', '1', NULL, NULL),
(90, 1, 5522, 'Test', 'Test', 'Test', '0', 'Test', '100', '1', '20', 'USD', '3d28a2a5930116c5a9afd3528db9cf9207c64c73', NULL, NULL, NULL, NULL, NULL, '2021-12-15 15:04:55', '1', NULL, NULL),
(91, 1, 5522, 'Test', 'Test', 'Test', '0', 'Test', '100', '1', '20', 'USD', '3d28a2a5930116c5a9afd3528db9cf9207c64c73', NULL, NULL, NULL, NULL, NULL, '2021-12-15 15:34:55', '1', NULL, NULL),
(92, 1, 5522, 'Test', 'Test', 'Test', '0', 'Test', '100', '1', '20', 'USD', '3d28a2a5930116c5a9afd3528db9cf9207c64c73', NULL, NULL, NULL, NULL, NULL, '2021-12-15 16:04:53', '1', NULL, NULL),
(93, 18545826, 5522, 'test', 'EG', '2028068868', '2', NULL, '8', '0', '599', 'EGP', '66dd6fce741a04c8f713b19868be28a30caa81d7', '14311', '143183', '78.138.126.62', 'Mozilla/5.0 (iPhone; CPU iPhone OS 15_1_1 like Mac OS X) AppleWebKit/605.1.15 (KHTML, like Gecko) Version/15.1 Mobile/15E148 Safari/604.1', 'confirm', '2021-12-15 16:23:02', '0', 'test-lead', NULL),
(94, 1, 5522, 'Test', 'Test', 'Test', '0', 'Test', '100', '1', '20', 'USD', '3d28a2a5930116c5a9afd3528db9cf9207c64c73', NULL, NULL, NULL, NULL, NULL, '2021-12-15 16:34:53', '1', NULL, NULL),
(95, 1, 5522, 'Test', 'Test', 'Test', '0', 'Test', '100', '1', '20', 'USD', '3d28a2a5930116c5a9afd3528db9cf9207c64c73', NULL, NULL, NULL, NULL, NULL, '2021-12-15 17:04:54', '1', NULL, NULL),
(96, 1, 5522, 'Test', 'Test', 'Test', '0', 'Test', '100', '1', '20', 'USD', '3d28a2a5930116c5a9afd3528db9cf9207c64c73', NULL, NULL, NULL, NULL, NULL, '2021-12-15 17:34:53', '1', NULL, NULL),
(97, 1, 5522, 'Test', 'Test', 'Test', '0', 'Test', '100', '1', '20', 'USD', '3d28a2a5930116c5a9afd3528db9cf9207c64c73', NULL, NULL, NULL, NULL, NULL, '2021-12-15 18:04:55', '1', NULL, NULL),
(98, 1, 5522, 'Test', 'Test', 'Test', '0', 'Test', '100', '1', '20', 'USD', '3d28a2a5930116c5a9afd3528db9cf9207c64c73', NULL, NULL, NULL, NULL, NULL, '2021-12-15 18:34:54', '1', NULL, NULL),
(99, 1, 5522, 'Test', 'Test', 'Test', '0', 'Test', '100', '1', '20', 'USD', '3d28a2a5930116c5a9afd3528db9cf9207c64c73', NULL, NULL, NULL, NULL, NULL, '2021-12-15 19:05:00', '1', NULL, NULL);

--
-- Indexes for dumped tables
--

--
-- Indexes for table `admins`
--
ALTER TABLE `admins`
  ADD PRIMARY KEY (`id`),
  ADD UNIQUE KEY `name` (`name`),
  ADD KEY `fk_supervisor` (`supervisor`);

--
-- Indexes for table `canceld`
--
ALTER TABLE `canceld`
  ADD PRIMARY KEY (`id`),
  ADD KEY `fk_admin_id` (`emp_id`),
  ADD KEY `fk_dbid4` (`db_id`);

--
-- Indexes for table `databases_connections`
--
ALTER TABLE `databases_connections`
  ADD PRIMARY KEY (`id`),
  ADD UNIQUE KEY `db_name` (`db_name`);

--
-- Indexes for table `inventory`
--
ALTER TABLE `inventory`
  ADD PRIMARY KEY (`id`);

--
-- Indexes for table `orderd`
--
ALTER TABLE `orderd`
  ADD PRIMARY KEY (`id`),
  ADD KEY `fk_admin_id2` (`emp_id`),
  ADD KEY `fk_dbid5` (`db_id`);

--
-- Indexes for table `orderd_delivery`
--
ALTER TABLE `orderd_delivery`
  ADD PRIMARY KEY (`id`),
  ADD KEY `fk_emp_callID` (`emp_call_id`),
  ADD KEY `fk_emp_deliveyID` (`emp_delivery_id`),
  ADD KEY `fk_delivery_orderID` (`orderd_id`);

--
-- Indexes for table `pending`
--
ALTER TABLE `pending`
  ADD PRIMARY KEY (`id`),
  ADD UNIQUE KEY `phone` (`phone`),
  ADD KEY `fk_admin_id3` (`emp_id`),
  ADD KEY `fk_created_by` (`created_by`),
  ADD KEY `fk_dbid` (`db_id`);

--
-- Indexes for table `pending_dublicate`
--
ALTER TABLE `pending_dublicate`
  ADD PRIMARY KEY (`id`),
  ADD KEY `fk_admin_id5` (`emp_id`),
  ADD KEY `fk_created_by1` (`created_by`),
  ADD KEY `fk_dbid6` (`db_id`);

--
-- Indexes for table `products_inventory`
--
ALTER TABLE `products_inventory`
  ADD PRIMARY KEY (`id`),
  ADD KEY `fk_inventory_products` (`inventory_id`);

--
-- Indexes for table `project_count`
--
ALTER TABLE `project_count`
  ADD PRIMARY KEY (`id`),
  ADD UNIQUE KEY `name` (`name`);

--
-- Indexes for table `sales_history`
--
ALTER TABLE `sales_history`
  ADD PRIMARY KEY (`id`),
  ADD KEY `fk_admin_id4` (`emp_id`);

--
-- Indexes for table `terraleads`
--
ALTER TABLE `terraleads`
  ADD PRIMARY KEY (`id`);

--
-- AUTO_INCREMENT for dumped tables
--

--
-- AUTO_INCREMENT for table `admins`
--
ALTER TABLE `admins`
  MODIFY `id` int(11) NOT NULL AUTO_INCREMENT, AUTO_INCREMENT=243;

--
-- AUTO_INCREMENT for table `canceld`
--
ALTER TABLE `canceld`
  MODIFY `id` int(11) NOT NULL AUTO_INCREMENT, AUTO_INCREMENT=332;

--
-- AUTO_INCREMENT for table `databases_connections`
--
ALTER TABLE `databases_connections`
  MODIFY `id` int(11) NOT NULL AUTO_INCREMENT, AUTO_INCREMENT=10;

--
-- AUTO_INCREMENT for table `inventory`
--
ALTER TABLE `inventory`
  MODIFY `id` int(11) NOT NULL AUTO_INCREMENT;

--
-- AUTO_INCREMENT for table `orderd`
--
ALTER TABLE `orderd`
  MODIFY `id` int(11) NOT NULL AUTO_INCREMENT, AUTO_INCREMENT=247;

--
-- AUTO_INCREMENT for table `orderd_delivery`
--
ALTER TABLE `orderd_delivery`
  MODIFY `id` int(11) NOT NULL AUTO_INCREMENT;

--
-- AUTO_INCREMENT for table `pending`
--
ALTER TABLE `pending`
  MODIFY `id` int(11) NOT NULL AUTO_INCREMENT, AUTO_INCREMENT=728;

--
-- AUTO_INCREMENT for table `pending_dublicate`
--
ALTER TABLE `pending_dublicate`
  MODIFY `id` int(11) NOT NULL AUTO_INCREMENT, AUTO_INCREMENT=67;

--
-- AUTO_INCREMENT for table `products_inventory`
--
ALTER TABLE `products_inventory`
  MODIFY `id` int(11) NOT NULL AUTO_INCREMENT;

--
-- AUTO_INCREMENT for table `project_count`
--
ALTER TABLE `project_count`
  MODIFY `id` int(11) NOT NULL AUTO_INCREMENT, AUTO_INCREMENT=15;

--
-- AUTO_INCREMENT for table `sales_history`
--
ALTER TABLE `sales_history`
  MODIFY `id` int(11) NOT NULL AUTO_INCREMENT, AUTO_INCREMENT=1521;

--
-- AUTO_INCREMENT for table `terraleads`
--
ALTER TABLE `terraleads`
  MODIFY `id` int(11) NOT NULL AUTO_INCREMENT, AUTO_INCREMENT=100;

--
-- Constraints for dumped tables
--

--
-- Constraints for table `admins`
--
ALTER TABLE `admins`
  ADD CONSTRAINT `fk_supervisor` FOREIGN KEY (`supervisor`) REFERENCES `admins` (`id`) ON DELETE SET NULL ON UPDATE CASCADE;

--
-- Constraints for table `canceld`
--
ALTER TABLE `canceld`
  ADD CONSTRAINT `fk_admin_id` FOREIGN KEY (`emp_id`) REFERENCES `admins` (`id`) ON DELETE SET NULL ON UPDATE CASCADE,
  ADD CONSTRAINT `fk_dbid4` FOREIGN KEY (`db_id`) REFERENCES `databases_connections` (`id`) ON DELETE SET NULL ON UPDATE CASCADE;

--
-- Constraints for table `orderd`
--
ALTER TABLE `orderd`
  ADD CONSTRAINT `fk_admin_id2` FOREIGN KEY (`emp_id`) REFERENCES `admins` (`id`) ON DELETE SET NULL ON UPDATE CASCADE,
  ADD CONSTRAINT `fk_dbid5` FOREIGN KEY (`db_id`) REFERENCES `databases_connections` (`id`) ON DELETE SET NULL ON UPDATE CASCADE;

--
-- Constraints for table `orderd_delivery`
--
ALTER TABLE `orderd_delivery`
  ADD CONSTRAINT `fk_delivery_orderID` FOREIGN KEY (`orderd_id`) REFERENCES `orderd` (`id`) ON DELETE SET NULL ON UPDATE CASCADE,
  ADD CONSTRAINT `fk_emp_callID` FOREIGN KEY (`emp_call_id`) REFERENCES `admins` (`id`) ON DELETE SET NULL ON UPDATE CASCADE,
  ADD CONSTRAINT `fk_emp_deliveyID` FOREIGN KEY (`emp_delivery_id`) REFERENCES `admins` (`id`) ON DELETE SET NULL ON UPDATE CASCADE;

--
-- Constraints for table `pending`
--
ALTER TABLE `pending`
  ADD CONSTRAINT `fk_admin_id3` FOREIGN KEY (`emp_id`) REFERENCES `admins` (`id`) ON DELETE SET NULL ON UPDATE CASCADE,
  ADD CONSTRAINT `fk_created_by` FOREIGN KEY (`created_by`) REFERENCES `admins` (`id`) ON DELETE SET NULL ON UPDATE CASCADE,
  ADD CONSTRAINT `fk_dbid` FOREIGN KEY (`db_id`) REFERENCES `databases_connections` (`id`) ON DELETE SET NULL ON UPDATE CASCADE;

--
-- Constraints for table `pending_dublicate`
--
ALTER TABLE `pending_dublicate`
  ADD CONSTRAINT `fk_admin_id5` FOREIGN KEY (`emp_id`) REFERENCES `admins` (`id`) ON DELETE SET NULL ON UPDATE CASCADE,
  ADD CONSTRAINT `fk_created_by1` FOREIGN KEY (`created_by`) REFERENCES `admins` (`id`) ON DELETE SET NULL ON UPDATE CASCADE,
  ADD CONSTRAINT `fk_dbid6` FOREIGN KEY (`db_id`) REFERENCES `databases_connections` (`id`) ON DELETE SET NULL ON UPDATE CASCADE;

--
-- Constraints for table `products_inventory`
--
ALTER TABLE `products_inventory`
  ADD CONSTRAINT `fk_inventory_products` FOREIGN KEY (`inventory_id`) REFERENCES `inventory` (`id`) ON UPDATE CASCADE;

--
-- Constraints for table `sales_history`
--
ALTER TABLE `sales_history`
  ADD CONSTRAINT `fk_admin_id4` FOREIGN KEY (`emp_id`) REFERENCES `admins` (`id`) ON DELETE CASCADE ON UPDATE CASCADE;
COMMIT;

/*!40101 SET CHARACTER_SET_CLIENT=@OLD_CHARACTER_SET_CLIENT */;
/*!40101 SET CHARACTER_SET_RESULTS=@OLD_CHARACTER_SET_RESULTS */;
/*!40101 SET COLLATION_CONNECTION=@OLD_COLLATION_CONNECTION */;
